홍수사상번호,시간,유입량,new
1,8,189.1,20060710
1,9,216.9519618,20060710
1,10,251.4244187,20060710
1,11,302.812199,20060710
1,12,384.7834064,20060710
1,13,512.5012279,20060710
1,14,701.5026217,20060710
1,15,952.5260535,20060710
1,16,1207.11602,20060710
1,17,1392.018525,20060710
1,18,1454.768513,20060710
1,19,1426.056687,20060710
1,20,1357.36269,20060710
1,21,1293.862205,20060710
1,22,1255.51507,20060710
1,23,1255.977162,20060710
1,24,1299.827525,20060710
1,1,1355.337857,20060711
1,2,1381.703021,20060711
1,3,1352.132424,20060711
1,4,1295.893649,20060711
1,5,1256.268823,20060711
1,6,1265.636588,20060711
1,7,1312.761633,20060711
1,8,1375.505161,20060711
1,9,1437.167338,20060711
1,10,1502.804186,20060711
1,11,1582.91069,20060711
1,12,1676.198585,20060711
1,13,1734.246617,20060711
1,14,1714.092218,20060711
1,15,1641.740554,20060711
1,16,1560.438727,20060711
1,17,1503.816413,20060711
1,18,1467.033586,20060711
1,19,1435.632793,20060711
1,20,1398.298088,20060711
1,21,1356.279548,20060711
1,22,1313.968753,20060711
1,23,1275.609823,20060711
1,24,1244.857022,20060711
1,1,1225.217152,20060712
1,2,1218.195158,20060712
1,3,1217.288567,20060712
1,4,1213.993045,20060712
1,5,1201.361104,20060712
1,6,1178.672607,20060712
1,7,1146.764262,20060712
1,8,1107.417108,20060712
1,9,1066.189518,20060712
1,10,1029.584203,20060712
1,11,1003.59915,20060712
1,12,992.2134611,20060712
1,13,995.5887004,20060712
1,14,1000.635155,20060712
1,15,990.9502939,20060712
1,16,957.4227731,20060712
1,17,920.1060007,20060712
1,18,906.3445727,20060712
1,19,941.8874633,20060712
1,20,1046.101159,20060712
1,21,1236.756525,20060712
1,22,1520.353654,20060712
1,23,1858.309549,20060712
1,24,2200.770442,20060712
1,1,2511.200044,20060713
1,2,2806.331985,20060713
1,3,3116.217372,20060713
1,4,3452.600134,20060713
1,5,3753.99548,20060713
1,6,3940.61144,20060713
1,7,3967.231759,20060713
1,8,3926.943038,20060713
1,9,3947.407595,20060713
1,10,4126.088131,20060713
1,11,4439.64889,20060713
1,12,4834.5545,20060713
1,13,5243.433493,20060713
1,14,5543.570004,20060713
1,15,5632.572322,20060713
1,16,5544.689743,20060713
1,17,5348.331817,20060713
1,18,5102.829996,20060713
1,19,4831.203347,20060713
1,20,4547.392841,20060713
1,21,4264.156381,20060713
1,22,3989.51959,20060713
1,23,3730.32502,20060713
1,24,3492.29881,20060713
1,1,3276.701446,20060714
1,2,3083.677002,20060714
1,3,2913.301703,20060714
1,4,2765.380394,20060714
1,5,2639.650075,20060714
1,6,2533.421938,20060714
1,7,2434.303935,20060714
1,8,2327.478212,20060714
1,9,2204.343678,20060714
1,10,2081.166295,20060714
1,11,1980.428786,20060714
1,12,1917.921884,20060714
1,13,1882.668349,20060714
1,14,1856.99895,20060714
1,15,1829.918822,20060714
1,16,1817.13056,20060714
1,17,1833.079388,20060714
1,18,1860.483572,20060714
1,19,1874.129638,20060714
1,20,1855.610625,20060714
1,21,1813.74562,20060714
1,22,1764.160221,20060714
1,23,1720.585244,20060714
1,24,1689.172367,20060714
1,1,1674.178489,20060715
1,2,1678.137501,20060715
1,3,1696.691286,20060715
1,4,1723.758722,20060715
1,5,1752.552366,20060715
1,6,1773.459484,20060715
1,7,1776.161022,20060715
1,8,1754.674031,20060715
1,9,1720.359987,20060715
1,10,1688.916475,20060715
1,11,1674.478443,20060715
1,12,1684.930304,20060715
1,13,1726.593837,20060715
1,14,1799.26964,20060715
1,15,1876.673598,20060715
1,16,1926.000417,20060715
1,17,1999.903357,20060715
1,18,2492.869896,20060715
1,19,3744.195564,20060715
1,20,5530.573882,20060715
1,21,7488.047869,20060715
1,22,9277.372727,20060715
1,23,10658.15238,20060715
1,24,11414.70295,20060715
1,1,11421.58913,20060716
1,2,10914.37006,20060716
1,3,10218.85346,20060716
1,4,9634.043068,20060716
1,5,9351.726692,20060716
1,6,9536.888156,20060716
1,7,10306.82928,20060716
1,8,11588.12383,20060716
1,9,13259.6636,20060716
1,10,15180.11774,20060716
1,11,17127.26494,20060716
1,12,18858.6613,20060716
1,13,20174.20355,20060716
1,14,21043.15105,20060716
1,15,21477.10381,20060716
1,16,21504.40226,20060716
1,17,21220.34846,20060716
1,18,20718.7612,20060716
1,19,20020.56473,20060716
1,20,19128.45963,20060716
1,21,18050.90878,20060716
1,22,16819.42433,20060716
1,23,15471.28072,20060716
1,24,14052.67539,20060716
1,1,12645.49781,20060717
1,2,11340.56043,20060717
1,3,10209.59216,20060717
1,4,9247.987689,20060717
1,5,8432.058148,20060717
1,6,7739.424592,20060717
1,7,7152.947762,20060717
1,8,6656.798321,20060717
1,9,6236.714553,20060717
1,10,5884.705227,20060717
1,11,5594.34673,20060717
1,12,5358.497749,20060717
1,13,5167.14616,20060717
1,14,5009.562135,20060717
1,15,4877.147403,20060717
1,16,4769.829906,20060717
1,17,4689.669141,20060717
1,18,4635.525424,20060717
1,19,4593.462339,20060717
1,20,4550.943123,20060717
1,21,4513.826347,20060717
1,22,4492.569416,20060717
1,23,4495.458857,20060717
1,24,4522.097697,20060717
1,1,4569.918084,20060718
1,2,4635.176268,20060718
1,3,4709.424905,20060718
1,4,4783.040753,20060718
1,5,4849.43107,20060718
1,6,4914.12512,20060718
1,7,4985.682671,20060718
1,8,5072.337093,20060718
1,9,5181.016169,20060718
1,10,5318.321285,20060718
1,11,5485.279964,20060718
1,12,5660.624275,20060718
1,13,5817.512421,20060718
1,14,5934.568725,20060718
1,15,6012.28199,20060718
1,16,6056.607138,20060718
1,17,6072.353858,20060718
1,18,6059.750906,20060718
1,19,6017.881808,20060718
1,20,5942.290677,20060718
1,21,5814.363983,20060718
1,22,5623.501978,20060718
1,23,5405.31769,20060718
1,24,5206.977343,20060718
1,1,5062.315361,20060719
1,2,4951.838972,20060719
1,3,4842.723605,20060719
1,4,4711.053643,20060719
1,5,4568.549295,20060719
1,6,4435.839728,20060719
1,7,4327.93577,20060719
1,8,4237.374915,20060719
1,9,4151.076318,20060719
1,10,4057.88599,20060719
1,11,3954.357349,20060719
1,12,3838.970667,20060719
1,13,3712.538026,20060719
1,14,3585.198754,20060719
1,15,3469.423987,20060719
1,16,3373.123471,20060719
1,17,3285.961383,20060719
2,24,323.9932666,20060725
2,1,323.1541383,20060726
2,2,293.2403128,20060726
2,3,261.1776776,20060726
2,4,256.3884027,20060726
2,5,279.3518813,20060726
2,6,319.8849692,20060726
2,7,354.0971495,20060726
2,8,363.6704345,20060726
2,9,366.2843275,20060726
2,10,381.6370858,20060726
2,11,401.5044924,20060726
2,12,412.0103746,20060726
2,13,404.5932134,20060726
2,14,373.1862929,20060726
2,15,316.3874571,20060726
2,16,240.8780902,20060726
2,17,181.0091767,20060726
2,18,166.299166,20060726
2,19,179.2667662,20060726
2,20,196.8294717,20060726
2,21,220.499666,20060726
2,22,252.1105763,20060726
2,23,270.1839179,20060726
2,24,257.205378,20060726
2,1,234.8280423,20060727
2,2,226.9954242,20060727
2,3,227.6453482,20060727
2,4,227.7229041,20060727
2,5,236.207931,20060727
2,6,259.5719429,20060727
2,7,276.2184014,20060727
2,8,266.3296492,20060727
2,9,245.2716026,20060727
2,10,233.6993571,20060727
2,11,238.2411505,20060727
2,12,261.0953686,20060727
2,13,300.7678466,20060727
2,14,350.1921619,20060727
2,15,383.7054115,20060727
2,16,378.6385249,20060727
2,17,342.8942437,20060727
2,18,295.1876479,20060727
2,19,266.911359,20060727
2,20,281.2130866,20060727
2,21,315.5833503,20060727
2,22,348.4434234,20060727
2,23,407.5947841,20060727
2,24,526.4366021,20060727
2,1,711.3786063,20060728
2,2,961.3497556,20060728
2,3,1272.345368,20060728
2,4,1634.165801,20060728
2,5,2014.765212,20060728
2,6,2423.819747,20060728
2,7,3059.7397,20060728
2,8,4066.954904,20060728
2,9,5185.239198,20060728
2,10,6094.171626,20060728
2,11,6637.208051,20060728
2,12,6750.333742,20060728
2,13,6575.774762,20060728
2,14,6282.734169,20060728
2,15,5942.082186,20060728
2,16,5600.405223,20060728
2,17,5305.487236,20060728
2,18,5099.528712,20060728
2,19,5001.198688,20060728
2,20,5032.944622,20060728
2,21,5255.859106,20060728
2,22,5681.877038,20060728
2,23,6087.657409,20060728
2,24,6239.639908,20060728
2,1,6098.662915,20060729
2,2,5706.999567,20060729
2,3,5238.263323,20060729
2,4,4871.484066,20060729
2,5,4676.017047,20060729
2,6,4710.62863,20060729
2,7,5101.40426,20060729
2,8,5905.210531,20060729
2,9,6834.719532,20060729
2,10,7558.072984,20060729
2,11,7909.485615,20060729
2,12,7818.601665,20060729
2,13,7430.710414,20060729
2,14,6928.135126,20060729
2,15,6425.689982,20060729
2,16,5993.694874,20060729
2,17,5592.001649,20060729
2,18,5172.359719,20060729
2,19,4764.576811,20060729
2,20,4406.145812,20060729
2,21,4087.241935,20060729
2,22,3793.165584,20060729
2,23,3537.035585,20060729
2,24,3331.977677,20060729
2,1,3163.326817,20060730
2,2,3010.974073,20060730
2,3,2860.825742,20060730
3,17,221.050131,2007083
3,18,209.9806227,2007083
3,19,200.3431661,2007083
3,20,192.3595756,2007083
3,21,185.3640845,2007083
3,22,178.5951288,2007083
3,23,171.8530416,2007083
3,24,165.2942756,2007083
3,1,159.1661743,2007084
3,2,153.8496211,2007084
3,3,149.853507,2007084
3,4,148.0652141,2007084
3,5,149.5454635,2007084
3,6,155.6698433,2007084
3,7,168.1144548,2007084
3,8,189.4425861,2007084
3,9,221.4961625,2007084
3,10,262.3444714,2007084
3,11,309.4154423,2007084
3,12,361.3442105,2007084
3,13,416.9136332,2007084
3,14,474.2902475,2007084
3,15,532.3304131,2007084
3,16,593.2660985,2007084
3,17,659.6292737,2007084
3,18,731.7763037,2007084
3,19,809.431484,2007084
3,20,891.9664351,2007084
3,21,979.3979909,2007084
3,22,1074.676514,2007084
3,23,1180.901824,2007084
3,24,1298.838041,2007084
3,1,1429.29736,2007085
3,2,1575.61999,2007085
3,3,1741.588108,2007085
3,4,1930.223748,2007085
3,5,2142.9818,2007085
3,6,2375.808706,2007085
3,7,2621.980591,2007085
3,8,2869.600756,2007085
3,9,3105.020971,2007085
3,10,3312.759716,2007085
3,11,3478.231719,2007085
3,12,3592.26999,2007085
3,13,3648.191784,2007085
3,14,3645.109618,2007085
3,15,3588.371991,2007085
3,16,3485.142589,2007085
3,17,3344.739565,2007085
3,18,3177.233757,2007085
3,19,2993.552304,2007085
3,20,2804.16229,2007085
3,21,2616.834286,2007085
3,22,2438.2522,2007085
3,23,2273.449797,2007085
3,24,2126.566223,2007085
3,1,1999.812287,2007086
3,2,1894.826086,2007086
3,3,1812.883211,2007086
3,4,1755.108243,2007086
3,5,1722.384234,2007086
3,6,1715.203129,2007086
3,7,1732.733969,2007086
3,8,1773.748348,2007086
3,9,1836.750983,2007086
3,10,1918.938334,2007086
3,11,2012.540734,2007086
3,12,2108.835788,2007086
3,13,2200.256335,2007086
3,14,2279.664519,2007086
3,15,2340.484465,2007086
3,16,2377.050684,2007086
3,17,2386.777247,2007086
3,18,2368.924937,2007086
3,19,2327.061816,2007086
3,20,2265.686854,2007086
3,21,2188.715378,2007086
3,22,2100.010977,2007086
3,23,2003.813929,2007086
3,24,1904.130724,2007086
3,1,1803.656004,2007087
4,15,161.8030021,20070914
4,16,157.7736563,20070914
4,17,162.3439824,20070914
4,18,177.3780303,20070914
4,19,199.5069696,20070914
4,20,227.2489559,20070914
4,21,270.7900716,20070914
4,22,343.7446849,20070914
4,23,457.2975767,20070914
4,24,605.245612,20070914
4,1,776.137626,20070915
4,2,955.4295546,20070915
4,3,1131.43378,20070915
4,4,1306.981368,20070915
4,5,1487.475305,20070915
4,6,1677.511506,20070915
4,7,1894.323885,20070915
4,8,2154.983137,20070915
4,9,2462.211337,20070915
4,10,2816.800245,20070915
4,11,3217.29935,20070915
4,12,3628.436475,20070915
4,13,4006.237633,20070915
4,14,4307.400101,20070915
4,15,4497.32612,20070915
4,16,4575.566521,20070915
4,17,4550.733571,20070915
4,18,4436.458311,20070915
4,19,4258.582512,20070915
4,20,4043.842905,20070915
4,21,3810.869616,20070915
4,22,3577.54273,20070915
4,23,3362.958713,20070915
4,24,3171.930357,20070915
5,21,251.5147715,20080723
5,22,148.5859561,20080723
5,23,100.9294941,20080723
5,24,108.4648947,20080723
5,1,147.5161486,20080724
5,2,180.3982328,20080724
5,3,178.8399119,20080724
5,4,166.2341136,20080724
5,5,168.9387673,20080724
5,6,173.5076452,20080724
5,7,162.0690369,20080724
5,8,138.8534587,20080724
5,9,112.8660548,20080724
5,10,90.10825447,20080724
5,11,78.57788931,20080724
5,12,97.26211326,20080724
5,13,157.1121833,20080724
5,14,225.9464454,20080724
5,15,271.1795944,20080724
5,16,301.7446296,20080724
5,17,343.7893764,20080724
5,18,450.8026595,20080724
5,19,680.2067334,20080724
5,20,1077.816573,20080724
5,21,1694.428284,20080724
5,22,2612.369766,20080724
5,23,3825.5198,20080724
5,24,4942.428906,20080724
5,1,5605.389258,20080725
5,2,5976.987937,20080725
5,3,6321.860435,20080725
5,4,6792.540981,20080725
5,5,7455.894141,20080725
5,6,8148.207072,20080725
5,7,8668.508173,20080725
5,8,8897.368225,20080725
5,9,8786.533449,20080725
5,10,8490.909462,20080725
5,11,8179.993024,20080725
5,12,7878.486072,20080725
5,13,7572.840174,20080725
5,14,7241.300252,20080725
5,15,6873.530762,20080725
5,16,6513.080956,20080725
5,17,6205.783698,20080725
5,18,5952.721533,20080725
5,19,5731.67524,20080725
5,20,5471.968871,20080725
5,21,5117.49587,20080725
5,22,4718.883982,20080725
5,23,4343.268367,20080725
5,24,4017.079532,20080725
5,1,3746.819821,20080726
5,2,3499.98358,20080726
5,3,3244.981914,20080726
5,4,2992.900956,20080726
5,5,2763.356536,20080726
5,6,2567.408251,20080726
5,7,2410.180091,20080726
5,8,2281.609845,20080726
5,9,2171.381264,20080726
5,10,2083.34815,20080726
5,11,2019.315843,20080726
5,12,1958.72579,20080726
5,13,1880.147132,20080726
5,14,1781.023685,20080726
5,15,1669.760275,20080726
5,16,1579.731104,20080726
5,17,1543.527813,20080726
5,18,1565.642427,20080726
5,19,1627.755014,20080726
5,20,1648.397442,20080726
5,21,1561.644478,20080726
5,22,1426.890707,20080726
5,23,1318.038898,20080726
5,24,1241.704726,20080726
5,1,1189.240347,20080727
5,2,1158.230918,20080727
5,3,1140.212072,20080727
5,4,1096.288343,20080727
5,5,999.3907502,20080727
5,6,900.1873386,20080727
5,7,853.4795044,20080727
5,8,852.8650157,20080727
5,9,875.5506025,20080727
5,10,894.3824687,20080727
5,11,888.7734437,20080727
5,12,868.7633847,20080727
5,13,848.2442953,20080727
5,14,825.8897378,20080727
5,15,799.0692742,20080727
5,16,775.1549078,20080727
5,17,761.6419704,20080727
5,18,756.5166679,20080727
6,1,127.1241537,2009079
6,2,139.2332224,2009079
6,3,148.5297862,2009079
6,4,156.2462312,2009079
6,5,163.7363349,2009079
6,6,173.9043832,2009079
6,7,195.7353076,2009079
6,8,233.5940494,2009079
6,9,267.2849448,2009079
6,10,280.6194903,2009079
6,11,293.7807355,2009079
6,12,320.2282657,2009079
6,13,366.1212858,2009079
6,14,425.2882545,2009079
6,15,489.5490341,2009079
6,16,555.0198458,2009079
6,17,616.3536513,2009079
6,18,662.0652971,2009079
6,19,694.1774077,2009079
6,20,721.7365884,2009079
6,21,765.84024,2009079
6,22,850.6495511,2009079
6,23,1000.530065,2009079
6,24,1236.335056,2009079
6,1,1564.664357,20090710
6,2,1978.504394,20090710
6,3,2423.840768,20090710
6,4,2809.406521,20090710
6,5,3054.77219,20090710
6,6,3150.060783,20090710
6,7,3108.734631,20090710
6,8,2967.060876,20090710
6,9,2762.464089,20090710
6,10,2519.251522,20090710
6,11,2277.417761,20090710
6,12,2073.295243,20090710
6,13,1908.336693,20090710
6,14,1774.928201,20090710
6,15,1664.069015,20090710
6,16,1567.791851,20090710
6,17,1483.650129,20090710
6,18,1409.526411,20090710
6,19,1341.073423,20090710
6,20,1280.79003,20090710
6,21,1230.630227,20090710
6,22,1182.471359,20090710
7,19,568.9238628,20090711
7,20,553.6106253,20090711
7,21,546.7974791,20090711
7,22,544.8794667,20090711
7,23,544.1099533,20090711
7,24,546.9731082,20090711
7,1,556.5679969,20090712
7,2,572.2224658,20090712
7,3,593.1157999,20090712
7,4,622.8152595,20090712
7,5,670.5263463,20090712
7,6,744.4898573,20090712
7,7,844.243775,20090712
7,8,968.3790466,20090712
7,9,1120.401296,20090712
7,10,1312.907709,20090712
7,11,1589.94704,20090712
7,12,2001.511667,20090712
7,13,2583.204095,20090712
7,14,3341.85639,20090712
7,15,4262.343617,20090712
7,16,5268.564006,20090712
7,17,6271.270496,20090712
7,18,7189.611692,20090712
7,19,7952.061807,20090712
7,20,8516.001832,20090712
7,21,8846.862737,20090712
7,22,8923.665921,20090712
7,23,8767.445196,20090712
7,24,8414.791141,20090712
7,1,7923.332261,20090713
7,2,7352.283001,20090713
7,3,6746.163635,20090713
7,4,6141.5595,20090713
7,5,5558.010357,20090713
7,6,5012.103415,20090713
7,7,4523.073588,20090713
7,8,4101.114008,20090713
7,9,3750.205556,20090713
7,10,3459.830733,20090713
7,11,3217.42675,20090713
7,12,3016.748058,20090713
7,13,2852.28475,20090713
7,14,2715.152261,20090713
7,15,2596.557068,20090713
7,16,2491.320763,20090713
7,17,2394.704737,20090713
7,18,2302.615099,20090713
7,19,2214.031742,20090713
7,20,2128.64166,20090713
7,21,2045.88647,20090713
8,24,1793.964445,20090713
8,1,1717.112856,20090714
8,2,1655.287274,20090714
8,3,1601.007629,20090714
8,4,1545.352888,20090714
8,5,1488.075293,20090714
8,6,1431.028705,20090714
8,7,1375.800179,20090714
8,8,1325.734638,20090714
8,9,1286.97854,20090714
8,10,1249.515979,20090714
8,11,1203.351601,20090714
8,12,1156.559204,20090714
8,13,1125.981224,20090714
8,14,1145.465522,20090714
8,15,1245.323508,20090714
8,16,1425.948267,20090714
8,17,1684.876623,20090714
8,18,2009.878584,20090714
8,19,2344.725348,20090714
8,20,2642.90759,20090714
8,21,2940.792695,20090714
8,22,3293.389873,20090714
8,23,3733.869336,20090714
8,24,4239.205586,20090714
8,1,4775.524782,20090715
8,2,5319.678072,20090715
8,3,5847.45562,20090715
8,4,6319.678669,20090715
8,5,6692.656167,20090715
8,6,6926.537155,20090715
8,7,7008.382005,20090715
8,8,6936.052725,20090715
8,9,6722.936469,20090715
8,10,6390.758616,20090715
8,11,5979.072281,20090715
8,12,5532.400033,20090715
8,13,5092.489185,20090715
8,14,4682.298298,20090715
8,15,4317.334304,20090715
8,16,4002.598904,20090715
9,15,1011.388849,20090717
9,16,992.2074657,20090717
9,17,978.29188,20090717
9,18,972.8107179,20090717
9,19,961.4946858,20090717
9,20,931.5382125,20090717
9,21,893.4285332,20090717
9,22,861.7525196,20090717
9,23,844.2027822,20090717
9,24,842.509504,20090717
9,1,843.029036,20090718
9,2,834.2053407,20090718
9,3,811.129757,20090718
9,4,789.1566562,20090718
9,5,784.0472968,20090718
9,6,792.9274546,20090718
9,7,811.9301568,20090718
9,8,851.8529192,20090718
9,9,925.94804,20090718
9,10,1042.62246,20090718
9,11,1201.148689,20090718
9,12,1369.106864,20090718
9,13,1509.337227,20090718
9,14,1597.412786,20090718
9,15,1621.790822,20090718
9,16,1609.732932,20090718
9,17,1594.843469,20090718
9,18,1597.293493,20090718
9,19,1632.385873,20090718
9,20,1709.38401,20090718
9,21,1825.064653,20090718
9,22,1937.354621,20090718
9,23,2013.432705,20090718
9,24,2035.479233,20090718
9,1,2025.451929,20090719
9,2,2011.819297,20090719
9,3,2009.315563,20090719
9,4,2030.869644,20090719
9,5,2095.923501,20090719
9,6,2217.430677,20090719
9,7,2375.878001,20090719
9,8,2541.584301,20090719
9,9,2676.663091,20090719
9,10,2749.695773,20090719
9,11,2763.3406,20090719
9,12,2729.214801,20090719
9,13,2660.694659,20090719
9,14,2570.854088,20090719
9,15,2469.798449,20090719
9,16,2366.26121,20090719
9,17,2266.456789,20090719
9,18,2173.406635,20090719
9,19,2082.18168,20090719
9,20,1994.498945,20090719
9,21,1913.238919,20090719
9,22,1836.72665,20090719
9,23,1763.922719,20090719
9,24,1700.885263,20090719
9,1,1651.881062,20090720
9,2,1606.913891,20090720
9,3,1555.630466,20090720
9,4,1500.512255,20090720
9,5,1447.623204,20090720
9,6,1404.522423,20090720
9,7,1376.975253,20090720
9,8,1362.076784,20090720
9,9,1348.856116,20090720
9,10,1302.74865,20090720
10,19,95.41328155,20090810
10,20,85.19842085,20090810
10,21,76.31374114,20090810
10,22,69.13642863,20090810
10,23,64.1580986,20090810
10,24,61.55451331,20090810
10,1,60.1235939,20090811
10,2,58.4111556,20090811
10,3,55.33243103,20090811
10,4,49.84637493,20090811
10,5,40.71741321,20090811
10,6,27.60296005,20090811
10,7,13.92691157,20090811
10,8,3.541153465,20090811
10,9,3.8,20090811
10,10,4.2,20090811
10,11,4.682136074,20090811
10,12,14.33465859,20090811
10,13,26.47244744,20090811
10,14,40.15255098,20090811
10,15,56.29903687,20090811
10,16,76.05213475,20090811
10,17,99.5497027,20090811
10,18,125.294817,20090811
10,19,146.2537977,20090811
10,20,155.9711984,20090811
10,21,155.8412621,20090811
10,22,149.1662107,20090811
10,23,139.0304921,20090811
10,24,128.0293967,20090811
10,1,117.0193558,20090812
10,2,106.9040553,20090812
10,3,100.515056,20090812
10,4,101.4499026,20090812
10,5,114.4421996,20090812
10,6,142.0708152,20090812
10,7,177.3050108,20090812
10,8,211.2568951,20090812
10,9,238.4380134,20090812
10,10,266.3760614,20090812
10,11,304.4858805,20090812
10,12,356.7147464,20090812
10,13,425.801631,20090812
10,14,515.1198588,20090812
10,15,629.6628425,20090812
10,16,780.2699959,20090812
10,17,978.5885687,20090812
10,18,1233.651152,20090812
10,19,1550.039294,20090812
10,20,1917.145038,20090812
10,21,2314.396954,20090812
10,22,2696.55923,20090812
10,23,3017.803519,20090812
10,24,3254.5957,20090812
10,1,3393.526631,20090813
10,2,3439.39286,20090813
10,3,3403.119327,20090813
10,4,3301.938851,20090813
10,5,3154.5134,20090813
10,6,2978.913669,20090813
10,7,2791.870711,20090813
10,8,2605.348276,20090813
10,9,2429.508449,20090813
10,10,2272.07395,20090813
10,11,2138.22491,20090813
10,12,2025.410484,20090813
10,13,1929.255451,20090813
10,14,1845.818065,20090813
10,15,1771.249784,20090813
10,16,1701.641407,20090813
10,17,1633.280135,20090813
10,18,1563.29945,20090813
10,19,1490.414153,20090813
10,20,1418.818059,20090813
10,21,1353.219052,20090813
10,22,1294.902302,20090813
10,23,1243.987442,20090813
10,24,1199.35467,20090813
10,1,1159.464533,20090814
10,2,1122.338411,20090814
10,3,1086.076124,20090814
10,4,1049.530411,20090814
10,5,1011.448005,20090814
10,6,969.3986829,20090814
10,7,920.5601134,20090814
10,8,861.7184917,20090814
11,14,407.9739828,2010099
11,15,418.8277735,2010099
11,16,436.3574532,2010099
11,17,457.5761304,2010099
11,18,477.4530497,2010099
11,19,490.0873917,2010099
11,20,488.1419434,2010099
11,21,467.1766044,2010099
11,22,435.776115,2010099
11,23,403.9535191,2010099
11,24,374.4102319,2010099
11,1,347.6316608,20100910
11,2,322.5508097,20100910
11,3,297.7705493,20100910
11,4,272.1256207,20100910
11,5,246.2687616,20100910
11,6,227.8928254,20100910
11,7,223.3993531,20100910
11,8,226.9845191,20100910
11,9,231.3110309,20100910
11,10,235.1130944,20100910
11,11,238.7621765,20100910
11,12,243.1072895,20100910
11,13,248.7760631,20100910
11,14,255.0330513,20100910
11,15,261.4871073,20100910
11,16,270.4873566,20100910
11,17,284.2642417,20100910
11,18,301.8332001,20100910
11,19,321.9439734,20100910
11,20,345.4985265,20100910
11,21,371.295658,20100910
11,22,387.5692807,20100910
11,23,383.7376217,20100910
11,24,364.5210508,20100910
11,1,339.0477026,20100911
11,2,318.7746285,20100911
11,3,317.3887986,20100911
11,4,355.1679429,20100911
11,5,450.3211589,20100911
11,6,606.1922547,20100911
11,7,816.1418694,20100911
11,8,1048.463258,20100911
11,9,1270.554734,20100911
11,10,1471.30224,20100911
11,11,1647.860268,20100911
11,12,1808.969883,20100911
11,13,1964.984276,20100911
11,14,2121.118558,20100911
11,15,2282.076136,20100911
11,16,2455.651664,20100911
11,17,2646.214202,20100911
11,18,2841.339187,20100911
11,19,3024.329245,20100911
11,20,3178.189378,20100911
11,21,3287.834459,20100911
11,22,3346.11648,20100911
11,23,3351.334588,20100911
11,24,3315.639452,20100911
11,1,3254.322015,20100912
11,2,3181.382799,20100912
11,3,3110.927266,20100912
11,4,3058.77107,20100912
11,5,3042.473905,20100912
11,6,3084.861435,20100912
11,7,3206.797932,20100912
11,8,3416.03614,20100912
11,9,3713.313112,20100912
11,10,4084.414646,20100912
11,11,4507.106937,20100912
11,12,4942.029,20100912
11,13,5348.230982,20100912
11,14,5695.534729,20100912
11,15,5956.561826,20100912
11,16,6104.361098,20100912
11,17,6118.31932,20100912
11,18,6002.747815,20100912
11,19,5772.32705,20100912
11,20,5458.289522,20100912
11,21,5094.862873,20100912
11,22,4711.703276,20100912
11,23,4334.733922,20100912
11,24,3979.517542,20100912
11,1,3657.103377,20100913
11,2,3370.847167,20100913
11,3,3121.218218,20100913
11,4,2904.833603,20100913
11,5,2717.528284,20100913
11,6,2555.861034,20100913
11,7,2415.997019,20100913
11,8,2291.803201,20100913
11,9,2178.202496,20100913
11,10,2076.639878,20100913
11,11,1988.338087,20100913
11,12,1907.1089,20100913
11,13,1827.348217,20100913
11,14,1753.199406,20100913
11,15,1689.289404,20100913
11,16,1632.431942,20100913
11,17,1577.940573,20100913
11,18,1522.941345,20100913
11,19,1466.011006,20100913
11,20,1409.716596,20100913
11,21,1357.158115,20100913
11,22,1309.577091,20100913
11,23,1267.473483,20100913
11,24,1230.239437,20100913
11,1,1196.779949,20100914
11,2,1165.159236,20100914
11,3,1132.846183,20100914
12,21,301.6913601,20100918
12,22,278.3598243,20100918
12,23,242.223812,20100918
12,24,204.978261,20100918
12,1,167.7090208,20100919
12,2,131.1006829,20100919
12,3,104.8418942,20100919
12,4,98.3065308,20100919
12,5,110.6053276,20100919
12,6,136.8881623,20100919
12,7,166.7246239,20100919
12,8,189.5659138,20100919
12,9,199.9699694,20100919
12,10,197.0247097,20100919
12,11,192.8312423,20100919
12,12,199.0757258,20100919
12,13,212.7713342,20100919
12,14,227.0694427,20100919
12,15,234.3472175,20100919
12,16,231.8340333,20100919
12,17,236.9423085,20100919
12,18,263.940521,20100919
12,19,294.3383423,20100919
12,20,306.1141453,20100919
12,21,295.8799164,20100919
12,22,267.1514996,20100919
12,23,232.4265555,20100919
12,24,203.8975,20100919
12,1,183.5539537,20100920
12,2,170.8348384,20100920
12,3,164.1767939,20100920
12,4,158.0073324,20100920
12,5,148.0155743,20100920
12,6,138.9461998,20100920
12,7,136.0957743,20100920
12,8,137.9128433,20100920
12,9,142.1602686,20100920
12,10,150.7061987,20100920
12,11,164.648009,20100920
12,12,177.8946988,20100920
12,13,184.4548617,20100920
12,14,185.9238465,20100920
12,15,185.8927696,20100920
12,16,188.3490639,20100920
12,17,197.1979575,20100920
12,18,215.6195423,20100920
12,19,245.4062882,20100920
12,20,283.525313,20100920
12,21,322.9953121,20100920
12,22,345.8666435,20100920
12,23,338.4603762,20100920
12,24,315.1487598,20100920
12,1,293.4280564,20100921
12,2,275.2393948,20100921
12,3,257.6837034,20100921
12,4,234.0562433,20100921
12,5,201.1829625,20100921
12,6,173.8182245,20100921
12,7,165.8743307,20100921
12,8,169.9669175,20100921
12,9,174.7810493,20100921
12,10,174.5761644,20100921
12,11,165.0052952,20100921
12,12,144.0787951,20100921
12,13,119.2363025,20100921
12,14,100.6178939,20100921
12,15,99.73611285,20100921
12,16,133.4171302,20100921
12,17,238.3691578,20100921
12,18,453.303083,20100921
12,19,805.0584521,20100921
12,20,1308.964792,20100921
12,21,1946.182891,20100921
12,22,2690.576915,20100921
12,23,3520.993279,20100921
12,24,4402.29643,20100921
12,1,5238.440696,20100922
12,2,5928.227953,20100922
12,3,6410.760383,20100922
12,4,6649.461979,20100922
12,5,6664.743659,20100922
12,6,6494.54945,20100922
12,7,6189.96889,20100922
12,8,5804.854979,20100922
12,9,5390.969056,20100922
12,10,4995.303187,20100922
12,11,4647.864002,20100922
12,12,4365.900508,20100922
12,13,4132.616661,20100922
12,14,3925.760092,20100922
12,15,3735.298199,20100922
12,16,3554.779362,20100922
12,17,3379.856113,20100922
12,18,3208.664151,20100922
12,19,3047.16769,20100922
12,20,2901.532123,20100922
12,21,2770.899062,20100922
12,22,2652.654169,20100922
12,23,2544.230944,20100922
12,24,2443.254222,20100922
12,1,2348.25592,20100923
12,2,2261.204937,20100923
12,3,2184.415318,20100923
12,4,2118.144696,20100923
12,5,2061.597228,20100923
12,6,2011.819579,20100923
12,7,1965.497846,20100923
12,8,1920.033355,20100923
12,9,1873.174934,20100923
12,10,1823.346184,20100923
12,11,1770.588016,20100923
12,12,1720.735819,20100923
12,13,1679.203463,20100923
12,14,1643.924262,20100923
12,15,1611.744747,20100923
12,16,1582.644876,20100923
12,17,1556.684006,20100923
12,18,1531.105672,20100923
12,19,1503.512821,20100923
12,20,1475.76187,20100923
12,21,1449.896617,20100923
12,22,1424.456918,20100923
12,23,1398.10859,20100923
12,24,1373.525232,20100923
12,1,1353.968149,20100924
12,2,1341.04169,20100924
12,3,1337.92791,20100924
13,23,865.0187344,20110628
13,24,839.8503725,20110628
13,1,811.6407732,20110629
13,2,780.3067715,20110629
13,3,745.9859905,20110629
13,4,709.2211345,20110629
13,5,670.923729,20110629
13,6,633.0755019,20110629
13,7,597.9363128,20110629
13,8,567.8083442,20110629
13,9,544.8313466,20110629
13,10,530.4530198,20110629
13,11,525.5024952,20110629
13,12,529.0266832,20110629
13,13,540.0766278,20110629
13,14,559.5021284,20110629
13,15,589.660505,20110629
13,16,636.9761772,20110629
13,17,708.2744962,20110629
13,18,809.0711337,20110629
13,19,940.2999421,20110629
13,20,1100.734289,20110629
13,21,1285.087426,20110629
13,22,1486.077735,20110629
13,23,1692.504253,20110629
13,24,1892.340534,20110629
13,1,2074.177553,20110630
13,2,2230.359305,20110630
13,3,2367.624449,20110630
13,4,2495.537887,20110630
13,5,2620.574831,20110630
13,6,2746.779806,20110630
13,7,2871.564266,20110630
13,8,2990.809434,20110630
13,9,3100.908679,20110630
13,10,3198.786259,20110630
13,11,3283.172512,20110630
13,12,3353.979365,20110630
13,13,3411.087017,20110630
13,14,3453.470013,20110630
13,15,3479.167275,20110630
13,16,3483.38086,20110630
13,17,3461.230507,20110630
13,18,3410.343546,20110630
13,19,3330.005403,20110630
13,20,3223.626285,20110630
13,21,3096.1988,20110630
13,22,2954.920358,20110630
13,23,2807.210546,20110630
13,24,2659.172856,20110630
13,1,2515.73808,2011071
13,2,2378.462306,2011071
13,3,2248.135314,2011071
13,4,2125.353841,2011071
13,5,2008.781872,2011071
13,6,1897.598848,2011071
13,7,1795.05615,2011071
13,8,1704.357775,2011071
13,9,1624.446243,2011071
13,10,1553.43857,2011071
13,11,1490.411226,2011071
13,12,1434.758318,2011071
13,13,1386.185021,2011071
13,14,1344.761581,2011071
13,15,1311.707461,2011071
13,16,1287.971189,2011071
13,17,1272.268327,2011071
14,23,650.4484063,2011072
14,24,681.4088964,2011072
14,1,706.4749497,2011073
14,2,719.5710822,2011073
14,3,734.9705364,2011073
14,4,768.6988633,2011073
14,5,824.163848,2011073
14,6,904.3253095,2011073
14,7,1014.619383,2011073
14,8,1167.50056,2011073
14,9,1375.865353,2011073
14,10,1647.359995,2011073
14,11,1981.303431,2011073
14,12,2348.955716,2011073
14,13,2722.208887,2011073
14,14,3103.711855,2011073
14,15,3504.440514,2011073
14,16,3931.617631,2011073
14,17,4376.773193,2011073
14,18,4827.179988,2011073
14,19,5268.774814,2011073
14,20,5693.265237,2011073
14,21,6116.777887,2011073
14,22,6553.653372,2011073
14,23,6982.631381,2011073
14,24,7358.409702,2011073
14,1,7633.839471,2011074
14,2,7770.536327,2011074
14,3,7740.177514,2011074
14,4,7545.922194,2011074
14,5,7203.290118,2011074
14,6,6745.761492,2011074
14,7,6213.386504,2011074
14,8,5654.534804,2011074
14,9,5119.165811,2011074
14,10,4646.877807,2011074
14,11,4243.176004,2011074
14,12,3903.701922,2011074
14,13,3618.245273,2011074
14,14,3376.029576,2011074
14,15,3169.865397,2011074
14,16,2992.059263,2011074
14,17,2829.314508,2011074
14,18,2669.255794,2011074
14,19,2510.570637,2011074
14,20,2361.366084,2011074
14,21,2230.13196,2011074
14,22,2119.791783,2011074
14,23,2029.474555,2011074
14,24,1948.697519,2011074
15,8,480.2647315,2011077
15,9,469.6913817,2011077
15,10,458.850277,2011077
15,11,448.7810888,2011077
15,12,440.4479589,2011077
15,13,434.7961463,2011077
15,14,433.0592958,2011077
15,15,437.6245947,2011077
15,16,451.1676155,2011077
15,17,475.5818647,2011077
15,18,509.6325826,2011077
15,19,551.3029429,2011077
15,20,599.5059315,2011077
15,21,656.8737816,2011077
15,22,726.9685383,2011077
15,23,812.7140475,2011077
15,24,914.4813574,2011077
15,1,1032.003317,2011078
15,2,1164.855358,2011078
15,3,1311.983244,2011078
15,4,1472.17532,2011078
15,5,1644.219932,2011078
15,6,1826.632997,2011078
15,7,2016.840709,2011078
15,8,2211.996833,2011078
15,9,2408.022127,2011078
15,10,2595.905317,2011078
15,11,2765.402124,2011078
15,12,2907.239396,2011078
15,13,3016.028493,2011078
15,14,3087.351902,2011078
15,15,3118.58409,2011078
15,16,3114.26743,2011078
15,17,3080.736273,2011078
15,18,3025.371408,2011078
15,19,2959.739375,2011078
15,20,2896.453153,2011078
15,21,2847.106556,2011078
15,22,2819.216753,2011078
15,23,2819.281745,2011078
15,24,2853.799537,2011078
15,1,2927.180289,2011079
15,2,3035.482782,2011079
15,3,3172.677954,2011079
15,4,3332.445407,2011079
15,5,3507.299412,2011079
15,6,3689.462906,2011079
15,7,3871.885487,2011079
15,8,4050.42341,2011079
15,9,4221.659593,2011079
15,10,4381.315109,2011079
15,11,4521.663661,2011079
15,12,4634.117104,2011079
15,13,4711.181563,2011079
15,14,4749.740219,2011079
15,15,4747.770521,2011079
15,16,4704.381269,2011079
15,17,4623.206671,2011079
15,18,4509.012291,2011079
15,19,4366.563689,2011079
15,20,4201.122091,2011079
15,21,4019.931379,2011079
15,22,3830.731099,2011079
15,23,3640.396081,2011079
15,24,3452.342289,2011079
15,1,3269.120968,20110710
15,2,3093.247156,20110710
15,3,2927.09105,20110710
15,4,2772.986636,20110710
15,5,2633.074204,20110710
15,6,2508.719264,20110710
15,7,2401.093626,20110710
15,8,2311.003551,20110710
15,9,2237.79309,20110710
15,10,2180.440741,20110710
15,11,2138.185208,20110710
15,12,2111.306003,20110710
15,13,2100.34284,20110710
15,14,2105.835435,20110710
15,15,2127.426692,20110710
15,16,2161.172274,20110710
15,17,2202.231032,20110710
15,18,2245.798521,20110710
15,19,2287.217107,20110710
15,20,2321.86586,20110710
15,21,2345.838736,20110710
15,22,2358.08923,20110710
15,23,2358.285722,20110710
15,24,2346.537031,20110710
15,1,2324.713714,20110711
15,2,2295.126766,20110711
15,3,2259.858401,20110711
15,4,2220.075701,20110711
15,5,2176.716967,20110711
15,6,2130.551238,20110711
15,7,2081.670504,20110711
15,8,2029.997494,20110711
15,9,1975.454936,20110711
15,10,1918.54507,20110711
15,11,1862.088182,20110711
15,12,1809.484069,20110711
15,13,1763.494592,20110711
15,14,1724.329869,20110711
15,15,1691.56208,20110711
15,16,1664.626081,20110711
15,17,1642.407419,20110711
15,18,1623.654318,20110711
15,19,1607.570553,20110711
15,20,1595.182124,20110711
15,21,1587.970583,20110711
15,22,1587.02359,20110711
15,23,1591.853236,20110711
15,24,1601.577718,20110711
15,1,1615.211679,20110712
15,2,1631.355547,20110712
15,3,1648.506197,20110712
15,4,1665.160503,20110712
15,5,1680.35442,20110712
15,6,1695.280224,20110712
15,7,1711.669269,20110712
15,8,1730.812393,20110712
15,9,1752.238347,20110712
15,10,1775.035365,20110712
15,11,1798.288857,20110712
15,12,1821.072948,20110712
15,13,1842.458941,20110712
15,14,1861.590286,20110712
15,15,1877.89901,20110712
15,16,1890.889287,20110712
15,17,1900.265288,20110712
15,18,1906.531184,20110712
15,19,1910.391143,20110712
15,20,1912.371089,20110712
15,21,1912.283965,20110712
15,22,1909.764468,20110712
15,23,1904.447296,20110712
15,24,1896.381803,20110712
15,1,1887.27598,20110713
15,2,1879.252473,20110713
15,3,1873.747196,20110713
15,4,1869.44912,20110713
15,5,1864.360483,20110713
15,6,1856.581435,20110713
15,7,1844.603783,20110713
15,8,1827.017248,20110713
15,9,1802.714573,20110713
15,10,1771.800586,20110713
15,11,1734.68314,20110713
15,12,1691.942608,20110713
15,13,1644.849453,20110713
15,14,1594.846658,20110713
15,15,1543.430875,20110713
15,16,1492.313418,20110713
15,17,1443.25927,20110713
15,18,1398.033413,20110713
15,19,1357.948682,20110713
15,20,1322.509316,20110713
15,21,1290.76741,20110713
15,22,1261.92007,20110713
15,23,1235.744457,20110713
15,24,1212.162745,20110713
15,1,1190.919009,20110714
15,2,1171.044923,20110714
15,3,1151.394063,20110714
15,4,1131.110229,20110714
15,5,1110.498136,20110714
15,6,1090.152725,20110714
15,7,1070.676367,20110714
15,8,1052.701158,20110714
15,9,1036.866621,20110714
15,10,1023.781106,20110714
15,11,1013.928259,20110714
15,12,1007.76055,20110714
15,13,1005.730446,20110714
15,14,1008.311379,20110714
15,15,1016.060618,20110714
15,16,1029.556393,20110714
15,17,1049.440326,20110714
15,18,1076.607607,20110714
15,19,1112.016821,20110714
15,20,1156.01832,20110714
15,21,1206.529531,20110714
15,22,1260.859655,20110714
15,23,1316.486359,20110714
15,24,1371.561195,20110714
15,1,1424.404185,20110715
15,2,1473.873491,20110715
15,3,1520.97983,20110715
15,4,1567.272061,20110715
15,5,1613.754152,20110715
15,6,1659.250511,20110715
15,7,1702.04066,20110715
15,8,1740.404117,20110715
15,9,1772.649466,20110715
15,10,1797.201533,20110715
15,11,1812.514208,20110715
15,12,1817.504661,20110715
15,13,1812.943175,20110715
15,14,1800.063315,20110715
15,15,1780.12596,20110715
15,16,1754.501251,20110715
15,17,1724.586647,20110715
15,18,1691.736173,20110715
15,19,1657.130138,20110715
15,20,1621.905419,20110715
15,21,1587.129477,20110715
15,22,1553.592107,20110715
15,23,1522.013687,20110715
15,24,1492.617619,20110715
15,1,1463.639398,20110716
15,2,1432.817547,20110716
15,3,1397.890584,20110716
15,4,1357.453611,20110716
15,5,1313.528049,20110716
15,6,1268.9919,20110716
15,7,1226.450148,20110716
15,8,1187.415709,20110716
15,9,1153.128483,20110716
15,10,1124.6395,20110716
15,11,1102.244319,20110716
15,12,1086.049633,20110716
15,13,1075.69414,20110716
15,14,1068.944562,20110716
15,15,1063.099629,20110716
15,16,1055.976379,20110716
15,17,1047.46508,20110716
15,18,1037.974311,20110716
15,19,1027.946265,20110716
15,20,1017.957592,20110716
15,21,1008.618561,20110716
15,22,1000.539438,20110716
15,23,994.1077789,20110716
15,24,988.8202885,20110716
15,1,983.9509611,20110717
15,2,979.0009572,20110717
15,3,974.3801051,20110717
15,4,970.7253996,20110717
15,5,968.6345874,20110717
15,6,968.5484212,20110717
15,7,970.8684055,20110717
15,8,975.6775338,20110717
15,9,981.7847551,20110717
15,10,987.6805073,20110717
15,11,992.0279753,20110717
15,12,994.1813307,20110717
15,13,993.6674918,20110717
15,14,990.0509294,20110717
15,15,983.046325,20110717
15,16,972.4059126,20110717
15,17,957.8819262,20110717
15,18,939.6490732,20110717
15,19,919.5719556,20110717
15,20,899.9376486,20110717
15,21,882.5065511,20110717
15,22,866.9323545,20110717
15,23,852.3420739,20110717
15,24,837.7870768,20110717
15,1,822.0161413,20110718
15,2,803.7023985,20110718
15,3,781.5329763,20110718
15,4,754.2509912,20110718
15,5,720.6135571,20110718
16,5,285.9727259,20110726
16,6,279.4357477,20110726
16,7,273.7698757,20110726
16,8,269.7809902,20110726
16,9,266.6779558,20110726
16,10,263.2703831,20110726
16,11,258.7558318,20110726
16,12,253.8836573,20110726
16,13,249.7911643,20110726
16,14,247.2627564,20110726
16,15,245.6712346,20110726
16,16,244.1664801,20110726
16,17,242.418298,20110726
16,18,240.2264744,20110726
16,19,237.429161,20110726
16,20,234.0179722,20110726
16,21,230.0228876,20110726
16,22,225.5186966,20110726
16,23,220.7594259,20110726
16,24,216.0439113,20110726
16,1,211.9638733,20110727
16,2,210.2825694,20110727
16,3,212.3021294,20110727
16,4,216.3086348,20110727
16,5,219.8341552,20110727
16,6,221.283072,20110727
16,7,222.5490147,20110727
16,8,226.3979249,20110727
16,9,236.1048065,20110727
16,10,256.9809136,20110727
16,11,294.846563,20110727
16,12,357.0595157,20110727
16,13,457.1273109,20110727
16,14,608.5757024,20110727
16,15,818.8535251,20110727
16,16,1093.890384,20110727
16,17,1433.050481,20110727
16,18,1809.436407,20110727
16,19,2189.585347,20110727
16,20,2542.028731,20110727
16,21,2843.274956,20110727
16,22,3075.731661,20110727
16,23,3237.426486,20110727
16,24,3330.292069,20110727
16,1,3357.947984,20110728
16,2,3330.761541,20110728
16,3,3260.786987,20110728
16,4,3159.621757,20110728
16,5,3037.036049,20110728
16,6,2902.343251,20110728
16,7,2763.582538,20110728
16,8,2623.696235,20110728
16,9,2484.44099,20110728
16,10,2347.927608,20110728
16,11,2216.355436,20110728
16,12,2091.77995,20110728
16,13,1975.681147,20110728
16,14,1869.39516,20110728
16,15,1773.672401,20110728
16,16,1686.920423,20110728
16,17,1606.961064,20110728
16,18,1532.178654,20110728
16,19,1463.207506,20110728
16,20,1400.916969,20110728
16,21,1344.866552,20110728
16,22,1294.288303,20110728
16,23,1248.548524,20110728
16,24,1207.550512,20110728
16,1,1171.331818,20110729
16,2,1139.862918,20110729
16,3,1112.845995,20110729
16,4,1089.91616,20110729
16,5,1070.194147,20110729
16,6,1050.743182,20110729
16,7,1029.014326,20110729
16,8,1006.067489,20110729
16,9,983.8647934,20110729
16,10,963.6919844,20110729
16,11,944.1293031,20110729
16,12,923.080614,20110729
16,13,899.1752249,20110729
16,14,873.9442155,20110729
16,15,849.6441085,20110729
16,16,828.0141578,20110729
16,17,808.7245426,20110729
16,18,791.1305198,20110729
16,19,775.396733,20110729
16,20,761.8901727,20110729
16,21,750.7293651,20110729
16,22,741.03898,20110729
16,23,731.6952232,20110729
16,24,721.7996853,20110729
16,1,711.3554976,20110730
16,2,700.5911765,20110730
16,3,690.476718,20110730
16,4,684.9480381,20110730
16,5,687.3689736,20110730
16,6,695.8491239,20110730
16,7,707.1845295,20110730
16,8,718.4516289,20110730
16,9,727.848454,20110730
16,10,733.8534351,20110730
16,11,735.1736355,20110730
16,12,731.4306511,20110730
16,13,722.8197527,20110730
16,14,710.9163774,20110730
16,15,697.641004,20110730
16,16,684.9009317,20110730
16,17,674.5507424,20110730
16,18,668.4318384,20110730
16,19,667.6855948,20110730
16,20,670.653277,20110730
16,21,674.976123,20110730
16,22,678.5018196,20110730
16,23,679.9038487,20110730
16,24,678.5257635,20110730
16,1,675.56561,20110731
16,2,672.685057,20110731
16,3,670.8218786,20110731
16,4,668.0182704,20110731
16,5,661.5925335,20110731
16,6,650.2908737,20110731
16,7,638.5711157,20110731
16,8,632.3189892,20110731
16,9,634.9849774,20110731
16,10,640.278578,20110731
16,11,641.2173773,20110731
16,12,637.7923026,20110731
16,13,631.7376167,20110731
16,14,624.5396846,20110731
16,15,616.6932807,20110731
16,16,608.4452822,20110731
16,17,600.2211775,20110731
16,18,593.1609017,20110731
16,19,588.5830012,20110731
16,20,587.5708503,20110731
16,21,590.2671344,20110731
16,22,596.111653,20110731
16,23,602.6733528,20110731
16,24,607.053467,20110731
16,1,607.2165189,2011081
16,2,604.5801926,2011081
16,3,601.4254619,2011081
16,4,599.3788847,2011081
16,5,597.4493536,2011081
16,6,593.9913448,2011081
16,7,588.1578356,2011081
16,8,582.2958081,2011081
16,9,578.9831377,2011081
16,10,578.5272691,2011081
16,11,580.6680398,2011081
16,12,585.0202207,2011081
16,13,590.6983187,2011081
16,14,596.6917743,2011081
16,15,601.708389,2011081
16,16,603.3294073,2011081
16,17,599.8743979,2011081
16,18,593.7427849,2011081
16,19,588.3539557,2011081
16,20,586.2619199,2011081
16,21,586.5591748,2011081
16,22,587.4728397,2011081
16,23,587.5421961,2011081
16,24,586.5551755,2011081
16,1,584.6118717,2011082
16,2,581.9368209,2011082
16,3,579.25233,2011082
16,4,577.3060923,2011082
16,5,576.4495762,2011082
16,6,576.9351939,2011082
16,7,578.7946068,2011082
16,8,581.1764735,2011082
16,9,583.0087019,2011082
16,10,583.4366394,2011082
16,11,582.4753903,2011082
16,12,580.3574987,2011082
16,13,577.026017,2011082
16,14,571.266033,2011082
16,15,562.0868764,2011082
16,16,550.5528089,2011082
16,17,538.2418256,2011082
16,18,526.7308987,2011082
16,19,517.5929101,2011082
16,20,512.3997192,2011082
16,21,512.1068065,2011082
16,22,515.2041366,2011082
16,23,519.5652953,2011082
16,24,523.0599894,2011082
16,1,523.5424081,2011083
16,2,519.5581421,2011083
16,3,512.433903,2011083
16,4,504.1916829,2011083
16,5,496.5724956,2011083
16,6,490.1934419,2011083
16,7,485.3906441,2011083
16,8,482.4489913,2011083
16,9,481.4484393,2011083
16,10,482.4177102,2011083
16,11,485.0278024,2011083
16,12,487.5188185,2011083
16,13,488.420997,2011083
16,14,488.8560154,2011083
16,15,490.5934108,2011083
16,16,495.2884008,2011083
16,17,504.1389247,2011083
17,8,236.9047767,20110816
17,9,227.665691,20110816
17,10,224.3553524,20110816
17,11,224.6078137,20110816
17,12,226.656739,20110816
17,13,239.1878868,20110816
17,14,271.5972099,20110816
17,15,325.669343,20110816
17,16,403.8638175,20110816
17,17,518.9510669,20110816
17,18,681.6411079,20110816
17,19,884.0913874,20110816
17,20,1108.964684,20110816
17,21,1319.497674,20110816
17,22,1482.939749,20110816
17,23,1602.017271,20110816
17,24,1688.787452,20110816
17,1,1757.153937,20110817
17,2,1825.931131,20110817
17,3,1931.730023,20110817
17,4,2110.305846,20110817
17,5,2376.194201,20110817
17,6,2731.245044,20110817
17,7,3147.785364,20110817
17,8,3583.180543,20110817
17,9,3964.472509,20110817
17,10,4226.546628,20110817
17,11,4365.985499,20110817
17,12,4394.796026,20110817
17,13,4326.952032,20110817
17,14,4184.29503,20110817
17,15,3990.234419,20110817
17,16,3766.583463,20110817
17,17,3535.779832,20110817
17,18,3324.354948,20110817
17,19,3157.304815,20110817
17,20,3049.39001,20110817
17,21,3010.916889,20110817
17,22,3044.610361,20110817
17,23,3146.90547,20110817
17,24,3296.659256,20110817
17,1,3468.476906,20110818
17,2,3637.534218,20110818
17,3,3782.183113,20110818
17,4,3892.909414,20110818
17,5,3965.962229,20110818
17,6,4008.509903,20110818
17,7,4028.870238,20110818
17,8,4029.039621,20110818
17,9,4008.850452,20110818
17,10,3965.8006,20110818
17,11,3896.88308,20110818
17,12,3799.40601,20110818
17,13,3672.758323,20110818
17,14,3524.337089,20110818
17,15,3363.317383,20110818
17,16,3197.978144,20110818
17,17,3035.874497,20110818
17,18,2882.562445,20110818
17,19,2741.707529,20110818
17,20,2611.412549,20110818
17,21,2487.695758,20110818
17,22,2363.799956,20110818
17,23,2235.933394,20110818
17,24,2114.941589,20110818
17,1,2012.21156,20110819
17,2,1926.659065,20110819
17,3,1853.625672,20110819
17,4,1786.627466,20110819
17,5,1720.491955,20110819
17,6,1657.117834,20110819
17,7,1598.930418,20110819
17,8,1543.390325,20110819
17,9,1487.548054,20110819
17,10,1431.778301,20110819
17,11,1377.408103,20110819
17,12,1326.249657,20110819
17,13,1279.631138,20110819
17,14,1236.45948,20110819
17,15,1195.036307,20110819
17,16,1154.248517,20110819
17,17,1115.324094,20110819
17,18,1080.157214,20110819
17,19,1050.965725,20110819
17,20,1029.507887,20110819
17,21,1015.379934,20110819
17,22,1006.485561,20110819
17,23,996.1203413,20110819
17,24,979.3017765,20110819
17,1,962.5431971,20110820
17,2,952.5939955,20110820
17,3,945.6519792,20110820
17,4,935.5963864,20110820
17,5,917.5837609,20110820
17,6,889.7444505,20110820
17,7,860.8267125,20110820
17,8,839.8866979,20110820
17,9,826.5942231,20110820
17,10,818.2140707,20110820
17,11,811.7772244,20110820
17,12,804.7325685,20110820
17,13,796.4343899,20110820
17,14,786.5378979,20110820
17,15,773.9965879,20110820
17,16,757.5551769,20110820
17,17,735.8249808,20110820
17,18,708.706523,20110820
17,19,681.390559,20110820
17,20,659.9914978,20110820
17,21,649.028132,20110820
17,22,650.2812841,20110820
17,23,656.1755117,20110820
17,24,658.2549645,20110820
17,1,653.8984255,20110821
17,2,642.8930573,20110821
17,3,628.8249093,20110821
17,4,614.8559669,20110821
17,5,598.653075,20110821
17,6,578.0247707,20110821
17,7,556.8415013,20110821
17,8,539.6663441,20110821
17,9,527.7709858,20110821
17,10,521.5974242,20110821
17,11,521.560294,20110821
17,12,528.6365141,20110821
18,7,65.79773515,2012075
18,8,75.79648347,2012075
18,9,80.6812769,2012075
18,10,82.02278094,2012075
18,11,82.63790674,2012075
18,12,86.37179331,2012075
18,13,93.62472647,2012075
18,14,89.98935129,2012075
18,15,65.31427196,2012075
18,16,41.27956978,2012075
18,17,39.53596958,2012075
18,18,49.78529319,2012075
18,19,56.41113595,2012075
18,20,54.47309047,2012075
18,21,47.9998581,2012075
18,22,60.28462757,2012075
18,23,97.17689556,2012075
18,24,159.7692007,2012075
18,1,253.8700512,2012076
18,2,381.7881231,2012076
18,3,527.1167953,2012076
18,4,672.9100118,2012076
18,5,818.7792744,2012076
18,6,962.1564137,2012076
18,7,1075.197018,2012076
18,8,1137.365674,2012076
18,9,1182.639203,2012076
18,10,1261.226523,2012076
18,11,1433.752705,2012076
18,12,1756.270034,2012076
18,13,2256.123489,2012076
18,14,2937.127816,2012076
18,15,3737.68414,2012076
18,16,4549.927048,2012076
18,17,5190.156921,2012076
18,18,5620.03429,2012076
18,19,5849.592222,2012076
18,20,5907.080637,2012076
18,21,5827.251736,2012076
18,22,5652.650007,2012076
18,23,5425.827711,2012076
18,24,5181.575921,2012076
18,1,4948.382877,2012077
18,2,4737.286679,2012077
18,3,4551.537824,2012077
18,4,4380.686555,2012077
18,5,4210.748044,2012077
18,6,4027.297451,2012077
18,7,3820.948752,2012077
18,8,3602.911206,2012077
18,9,3387.059481,2012077
18,10,3176.881679,2012077
18,11,2971.570836,2012077
18,12,2770.273977,2012077
18,13,2573.765723,2012077
18,14,2386.654137,2012077
18,15,2227.253442,2012077
18,16,2110.406246,2012077
18,17,2023.362527,2012077
18,18,1947.101111,2012077
18,19,1865.108845,2012077
18,20,1767.427507,2012077
18,21,1667.810574,2012077
18,22,1582.167153,2012077
18,23,1511.317177,2012077
19,4,184.8197857,20120713
19,5,180.1548053,20120713
19,6,173.1407253,20120713
19,7,163.948898,20120713
19,8,153.0828811,20120713
19,9,142.0465093,20120713
19,10,133.0521955,20120713
19,11,130.146386,20120713
19,12,136.3852367,20120713
19,13,149.0297086,20120713
19,14,164.3100779,20120713
19,15,180.1290741,20120713
19,16,194.5481977,20120713
19,17,204.8389914,20120713
19,18,209.0033161,20120713
19,19,206.2742156,20120713
19,20,199.8198064,20120713
19,21,193.1038992,20120713
19,22,186.8380118,20120713
19,23,181.0479279,20120713
19,24,175.768788,20120713
19,1,170.9662839,20120714
19,2,166.3189572,20120714
19,3,161.4395705,20120714
19,4,155.9649237,20120714
19,5,149.6294887,20120714
19,6,142.5343888,20120714
19,7,134.8938952,20120714
19,8,127.0082199,20120714
19,9,119.8616382,20120714
19,10,117.0887407,20120714
19,11,122.0778588,20120714
19,12,134.5819742,20120714
19,13,152.5552263,20120714
19,14,170.3917356,20120714
19,15,183.0695589,20120714
19,16,191.4625188,20120714
19,17,197.8769848,20120714
19,18,204.4537492,20120714
19,19,212.7078311,20120714
19,20,221.8167344,20120714
19,21,230.9902546,20120714
19,22,241.9048694,20120714
19,23,256.3231774,20120714
19,24,273.8855778,20120714
19,1,294.044423,20120715
19,2,317.6220751,20120715
19,3,345.5859826,20120715
19,4,378.1139259,20120715
19,5,415.2977927,20120715
19,6,457.6755651,20120715
19,7,506.1821397,20120715
19,8,562.8939755,20120715
19,9,630.0373332,20120715
19,10,709.2961176,20120715
19,11,802.9522752,20120715
19,12,916.2222745,20120715
19,13,1054.146309,20120715
19,14,1218.124952,20120715
19,15,1407.746074,20120715
19,16,1618.986368,20120715
19,17,1845.581529,20120715
19,18,2075.914461,20120715
19,19,2296.49767,20120715
19,20,2491.71487,20120715
19,21,2647.333273,20120715
19,22,2756.782871,20120715
19,23,2816.987109,20120715
19,24,2831.180478,20120715
19,1,2804.816873,20120716
19,2,2745.916782,20120716
19,3,2663.07254,20120716
19,4,2564.597286,20120716
19,5,2458.162455,20120716
19,6,2349.151877,20120716
19,7,2241.54401,20120716
19,8,2135.983442,20120716
19,9,2032.238399,20120716
19,10,1929.905537,20120716
19,11,1830.039527,20120716
19,12,1739.698651,20120716
19,13,1664.245654,20120716
19,14,1596.257483,20120716
19,15,1526.666816,20120716
19,16,1452.615031,20120716
19,17,1373.534496,20120716
19,18,1291.812834,20120716
19,19,1210.803552,20120716
19,20,1134.768416,20120716
19,21,1067.982119,20120716
19,22,1013.862804,20120716
19,23,974.5046038,20120716
19,24,947.5621514,20120716
19,1,929.6042269,20120717
19,2,917.2956892,20120717
20,22,63.57928546,20120814
20,23,65.96683605,20120814
20,24,69.46720861,20120814
20,1,74.2087314,20120815
20,2,80.2773562,20120815
20,3,87.74844063,20120815
20,4,96.68538652,20120815
20,5,107.1037723,20120815
20,6,119.0072206,20120815
20,7,132.3809163,20120815
20,8,147.1362934,20120815
20,9,163.1663483,20120815
20,10,180.3640773,20120815
20,11,198.6012302,20120815
20,12,217.6645711,20120815
20,13,237.3196173,20120815
20,14,257.3307559,20120815
20,15,277.4578531,20120815
20,16,297.4596447,20120815
20,17,317.1353827,20120815
20,18,336.4463833,20120815
20,19,355.394479,20120815
20,20,373.9639155,20120815
20,21,392.0685929,20120815
20,22,409.6048247,20120815
20,23,426.4641008,20120815
20,24,442.5186163,20120815
20,1,457.6357426,20120816
20,2,471.7130199,20120816
20,3,484.7686637,20120816
20,4,496.8510581,20120816
20,5,508.0085873,20120816
20,6,518.3115565,20120816
20,7,527.9179557,20120816
20,8,537.007696,20120816
20,9,545.7728668,20120816
20,10,554.454271,20120816
20,11,563.3048894,20120816
20,12,572.5255025,20120816
20,13,582.1080877,20120816
20,14,591.9924215,20120816
20,15,602.1069363,20120816
20,16,612.3346873,20120816
20,17,622.5473851,20120816
20,18,632.6326661,20120816
20,19,642.541869,20120816
20,20,652.2422579,20120816
20,21,661.7010972,20120816
20,22,670.8544796,20120816
20,23,679.5138123,20120816
20,24,687.4593307,20120816
20,1,694.4932487,20120817
20,2,700.5056924,20120817
20,3,705.4087663,20120817
20,4,709.144885,20120817
20,5,711.7777041,20120817
20,6,713.4011898,20120817
20,7,714.0996444,20120817
20,8,713.9187165,20120817
20,9,712.894391,20120817
20,10,711.0537544,20120817
20,11,708.3883,20120817
20,12,704.8806228,20120817
20,13,700.5133178,20120817
20,14,695.2524584,20120817
20,15,688.9980318,20120817
20,16,681.6335038,20120817
20,17,673.0840666,20120817
20,18,663.4418185,20120817
20,19,652.8405845,20120817
20,20,641.4155716,20120817
20,21,629.3075155,20120817
20,22,616.6585341,20120817
20,23,603.6090391,20120817
20,24,590.2926175,20120817
20,1,576.8411503,20120818
20,2,563.3784082,20120818
20,3,549.9957213,20120818
20,4,536.7763092,20120818
20,5,523.7956526,20120818
20,6,511.0982765,20120818
20,7,498.7209666,20120818
20,8,486.7005088,20120818
20,9,475.0763709,20120818
20,10,463.8987484,20120818
20,11,453.2205189,20120818
20,12,443.0652451,20120818
20,13,433.3392312,20120818
20,14,423.9194665,20120818
20,15,414.7018251,20120818
20,16,405.6577198,20120818
20,17,396.7774481,20120818
20,18,388.0581016,20120818
20,19,379.5239469,20120818
20,20,371.206045,20120818
20,21,363.1310787,20120818
20,22,355.3082197,20120818
20,23,347.7422617,20120818
20,24,340.4379987,20120818
20,1,333.4041136,20120819
20,2,326.6648472,20120819
20,3,320.2483293,20120819
20,4,314.1722896,20120819
20,5,308.4128556,20120819
20,6,302.9357547,20120819
20,7,297.7224039,20120819
20,8,292.816978,20120819
20,9,288.2793418,20120819
20,10,284.1558128,20120819
20,11,280.4385209,20120819
20,12,277.1060492,20120819
20,13,274.1112637,20120819
20,14,271.3041627,20120819
20,15,268.5090274,20120819
20,16,265.5501392,20120819
20,17,262.2937195,20120819
20,18,258.7737512,20120819
20,19,255.0661572,20120819
20,20,251.242982,20120819
20,21,247.360755,20120819
20,22,243.472127,20120819
20,23,239.6244738,20120819
20,24,235.8440701,20120819
20,1,232.1519155,20120820
20,2,228.5693938,20120820
20,3,225.1194264,20120820
20,4,221.8253188,20120820
20,5,218.7056068,20120820
20,6,215.7597484,20120820
20,7,212.9824317,20120820
20,8,210.3841554,20120820
20,9,208.0386605,20120820
20,10,206.0354986,20120820
20,11,204.4642212,20120820
20,12,203.3685277,20120820
20,13,202.6087078,20120820
20,14,201.9991992,20120820
20,15,201.3911987,20120820
20,16,200.7829408,20120820
20,17,200.2094192,20120820
20,18,199.7116318,20120820
20,19,199.3545929,20120820
20,20,199.209321,20120820
20,21,199.3403804,20120820
20,22,199.786518,20120820
20,23,200.5800265,20120820
20,24,201.7534176,20120820
20,1,203.3400784,20120821
20,2,205.373615,20120821
20,3,207.8876335,20120821
20,4,210.9067562,20120821
20,5,214.4196698,20120821
20,6,218.4060771,20120821
20,7,222.8608018,20120821
20,8,227.8391512,20120821
20,9,233.4115534,20120821
20,10,239.6486459,20120821
20,11,246.6219035,20120821
20,12,254.4030106,20120821
20,13,263.0346491,20120821
20,14,272.4434917,20120821
20,15,282.5272089,20120821
20,16,293.208728,20120821
20,17,304.5120038,20120821
20,18,316.4862482,20120821
20,19,329.180673,20120821
20,20,342.6412035,20120821
20,21,356.9006188,20120821
20,22,371.9884117,20120821
20,23,387.9225786,20120821
20,24,404.6751301,20120821
20,1,422.2065806,20120822
20,2,440.4861323,20120822
20,3,459.5177382,20120822
20,4,479.3140391,20120822
20,5,499.9059671,20120822
20,6,521.397619,20120822
20,7,543.9113828,20120822
20,8,567.5719837,20120822
20,9,592.5134963,20120822
20,10,618.8723323,20120822
20,11,646.7645881,20120822
20,12,676.2250987,20120822
20,13,707.2683838,20120822
20,14,739.908963,20120822
20,15,774.1332455,20120822
20,16,809.8151985,20120822
20,17,846.8006789,20120822
20,18,884.9467905,20120822
20,19,924.155626,20120822
20,20,964.340525,20120822
20,21,1005.417815,20120822
20,22,1047.315773,20120822
20,23,1089.965666,20120822
20,24,1133.266725,20120822
20,1,1176.990061,20120823
20,2,1220.874749,20120823
20,3,1264.625225,20120823
20,4,1307.807363,20120823
20,5,1349.952394,20120823
20,6,1390.591552,20120823
20,7,1429.235046,20120823
20,8,1465.308997,20120823
20,9,1498.218502,20120823
20,10,1527.417597,20120823
20,11,1552.556063,20120823
20,12,1573.33262,20120823
20,13,1589.498808,20120823
20,14,1601.017451,20120823
20,15,1607.904194,20120823
20,16,1610.21475,20120823
20,17,1608.165107,20120823
20,18,1602.01132,20120823
20,19,1592.01489,20120823
20,20,1578.459102,20120823
20,21,1561.632683,20120823
20,22,1541.824363,20120823
20,23,1519.332194,20120823
20,24,1494.491525,20120823
20,1,1467.647029,20120824
20,2,1439.127615,20120824
20,3,1409.199135,20120824
20,4,1378.111679,20120824
20,5,1346.134742,20120824
20,6,1313.615431,20120824
20,7,1280.920262,20120824
20,8,1248.37828,20120824
20,9,1216.168675,20120824
20,10,1184.43317,20120824
20,11,1153.29944,20120824
20,12,1122.838964,20120824
20,13,1093.109175,20120824
20,14,1064.164144,20120824
20,15,1036.04451,20120824
20,16,1008.787554,20120824
20,17,982.4305552,20120824
20,18,957.0019487,20120824
20,19,932.4947928,20120824
20,20,908.8933013,20120824
20,21,886.1764173,20120824
20,22,864.3020011,20120824
20,23,843.2226423,20120824
20,24,822.8948435,20120824
20,1,803.2907587,20120825
20,2,784.386455,20120825
20,3,766.1540575,20120825
20,4,748.5499226,20120825
20,5,731.5264646,20120825
20,6,715.0475084,20120825
20,7,699.1225198,20120825
20,8,683.7723753,20120825
20,9,669.0179511,20120825
20,10,654.8662564,20120825
20,11,641.2688321,20120825
20,12,628.1633516,20120825
20,13,615.489413,20120825
20,14,603.1943123,20120825
20,15,591.2272701,20120825
20,16,579.5377388,20120825
20,17,568.0760991,20120825
20,18,556.7929639,20120825
20,19,545.6430155,20120825
20,20,534.597215,20120825
21,21,523.6305927,20120825
21,1,333.003417,20120830
21,2,308.9047773,20120830
21,3,302.8912529,20120830
21,4,330.5536756,20120830
21,5,382.3458435,20120830
21,6,445.7088666,20120830
21,7,521.1701357,20120830
21,8,616.493208,20120830
21,9,755.3000233,20120830
21,10,963.4210903,20120830
21,11,1259.662811,20120830
21,12,1645.825893,20120830
21,13,2062.712387,20120830
21,14,2439.305527,20120830
21,15,2718.31196,20120830
21,16,2857.629735,20120830
21,17,2862.199112,20120830
21,18,2755.646102,20120830
21,19,2589.2975,20120830
21,20,2417.216825,20120830
21,21,2276.713694,20120830
21,22,2194.644867,20120830
21,23,2172.80957,20120830
21,24,2204.838932,20120830
21,1,2276.749219,20120831
21,2,2372.266514,20120831
21,3,2473.571036,20120831
21,4,2563.626564,20120831
21,5,2630.076997,20120831
21,6,2663.176544,20120831
21,7,2658.940549,20120831
21,8,2615.615024,20120831
21,9,2534.607525,20120831
21,10,2422.544337,20120831
21,11,2299.831705,20120831
21,12,2175.570569,20120831
21,13,2054.679402,20120831
21,14,1941.080466,20120831
21,15,1839.48814,20120831
21,16,1758.781468,20120831
21,17,1705.801774,20120831
21,18,1675.07482,20120831
21,19,1657.672197,20120831
21,20,1643.164376,20120831
21,21,1620.814835,20120831
21,22,1580.160198,20120831
21,23,1515.136957,20120831
21,24,1437.007924,20120831
21,1,1359.485509,2012091
21,2,1288.754188,2012091
21,3,1228.803574,2012091
21,4,1182.371778,2012091
21,5,1149.614975,2012091
21,6,1121.613088,2012091
21,7,1089.707573,2012091
21,8,1055.36225,2012091
21,9,1022.495708,2012091
21,10,994.7232662,2012091
21,11,974.2455294,2012091
21,12,957.9075368,2012091
21,13,940.8376561,2012091
21,14,916.6531383,2012091
21,15,881.3502471,2012091
21,16,841.9524121,2012091
21,17,807.5876767,2012091
21,18,784.7753719,2012091
21,19,775.741698,2012091
21,20,768.1490426,2012091
21,21,750.410874,2012091
21,22,728.5087926,2012091
21,23,711.2210836,2012091
21,24,700.9446385,2012091
21,1,696.7716057,2012092
21,2,690.9565541,2012092
21,3,677.3559979,2012092
21,4,663.0718126,2012092
21,5,655.1257849,2012092
21,6,646.973985,2012092
21,7,629.9924311,2012092
21,8,600.8026505,2012092
21,9,559.5644192,2012092
21,10,515.3449983,2012092
21,11,478.1915889,2012092
21,12,453.1636658,2012092
22,14,194.5931409,2013077
22,15,194.6565767,2013077
22,16,191.9079444,2013077
22,17,190.6152059,2013077
22,18,193.5180481,2013077
22,19,197.2430577,2013077
22,20,196.8885464,2013077
22,21,189.3556701,2013077
22,22,178.7569613,2013077
22,23,171.0077966,2013077
22,24,170.5097625,2013077
22,1,175.6092838,2013078
22,2,183.1389952,2013078
22,3,189.9315313,2013078
22,4,192.683197,2013078
22,5,187.5449783,2013078
22,6,170.5315312,2013078
22,7,140.4249288,2013078
22,8,107.0769115,2013078
22,9,83.1066363,2013078
22,10,77.90568894,2013078
22,11,87.95536862,2013078
22,12,106.509403,2013078
22,13,126.8215198,2013078
22,14,143.4984265,2013078
22,15,156.5587511,2013078
22,16,167.3741011,2013078
22,17,176.8489796,2013078
22,18,184.0194712,2013078
22,19,187.4545557,2013078
22,20,186.1068284,2013078
22,21,180.4633457,2013078
22,22,171.3947792,2013078
22,23,159.7718006,2013078
22,24,146.506203,2013078
22,1,132.6742646,2013079
22,2,119.3933849,2013079
22,3,107.9353902,2013079
22,4,100.1898139,2013079
22,5,98.20061631,2013079
22,6,103.1182886,2013079
22,7,112.5194463,2013079
22,8,123.0872362,2013079
22,9,131.5048047,2013079
22,10,135.5214892,2013079
22,11,137.1513891,2013079
22,12,139.4747943,2013079
22,13,144.6456946,2013079
22,14,151.1128787,2013079
22,15,156.3988351,2013079
22,16,158.0260525,2013079
22,17,154.5663479,2013079
22,18,148.7888529,2013079
22,19,144.5120277,2013079
22,20,144.5076926,2013079
22,21,147.361109,2013079
22,22,150.6108988,2013079
22,23,152.1453608,2013079
22,24,151.2515031,2013079
22,1,147.566011,20130710
22,2,140.7255699,20130710
22,3,131.2113156,20130710
22,4,122.8821866,20130710
22,5,120.4415717,20130710
22,6,126.8350055,20130710
22,7,137.9766053,20130710
22,8,148.0226338,20130710
22,9,152.4739537,20130710
22,10,152.2098261,20130710
22,11,149.4541121,20130710
22,12,146.4306727,20130710
22,13,144.7076811,20130710
22,14,143.2305604,20130710
22,15,140.2890458,20130710
22,16,134.8782254,20130710
22,17,128.814598,20130710
22,18,124.6200153,20130710
22,19,124.0474908,20130710
22,20,125.7746855,20130710
22,21,127.7104225,20130710
22,22,127.7635247,20130710
22,23,124.4350057,20130710
22,24,118.5946412,20130710
22,1,111.7043976,20130711
22,2,105.1644456,20130711
22,3,100.1277723,20130711
22,4,97.68556939,20130711
22,5,98.88978724,20130711
22,6,104.6354118,20130711
22,7,115.778188,20130711
22,8,133.1738606,20130711
22,9,155.8565675,20130711
22,10,175.5740192,20130711
22,11,182.2523191,20130711
22,12,169.5448597,20130711
22,13,146.0141899,20130711
22,14,123.9501474,20130711
22,15,112.9984808,20130711
22,16,112.2285814,20130711
22,17,118.0657511,20130711
22,18,126.9352918,20130711
22,19,135.7701313,20130711
22,20,143.5336992,20130711
22,21,149.6970511,20130711
22,22,153.8047346,20130711
22,23,155.6952655,20130711
22,24,155.2806522,20130711
22,1,152.4729028,20130712
22,2,147.5126715,20130712
22,3,141.955196,20130712
22,4,137.6843601,20130712
22,5,135.5544263,20130712
22,6,132.301171,20130712
22,7,123.6307496,20130712
22,8,107.3875876,20130712
22,9,89.96919289,20130712
22,10,79.91134358,20130712
22,11,85.74981793,20130712
22,12,112.1873175,20130712
22,13,148.5942374,20130712
22,14,180.5078959,20130712
22,15,196.6138544,20130712
22,16,198.1906473,20130712
22,17,189.6650519,20130712
22,18,175.3356376,20130712
22,19,158.9881432,20130712
22,20,144.2800993,20130712
22,21,134.869037,20130712
22,22,133.2624524,20130712
22,23,137.3677043,20130712
22,24,143.9421166,20130712
22,1,150.2599257,20130713
22,2,155.6630156,20130713
22,3,160.0101825,20130713
22,4,163.0056229,20130713
22,5,163.7351343,20130713
22,6,161.1299145,20130713
22,7,154.1211612,20130713
22,8,142.8577509,20130713
22,9,132.3592751,20130713
22,10,128.8630042,20130713
22,11,136.2966422,20130713
22,12,149.3496296,20130713
22,13,160.4018404,20130713
22,14,164.664971,20130713
22,15,168.678006,20130713
22,16,181.811752,20130713
22,17,213.4370157,20130713
22,18,269.6762483,20130713
22,19,343.6584783,20130713
22,20,425.2643789,20130713
22,21,507.436577,20130713
22,22,595.3655143,20130713
22,23,697.3035866,20130713
22,24,816.5947417,20130713
22,1,936.9491366,20130714
22,2,1037.16848,20130714
22,3,1096.054482,20130714
22,4,1099.973345,20130714
22,5,1065.549253,20130714
22,6,1016.970883,20130714
22,7,974.000121,20130714
22,8,938.6916829,20130714
22,9,908.6734936,20130714
22,10,882.2128382,20130714
22,11,860.1344441,20130714
22,12,843.9023989,20130714
22,13,834.9807904,20130714
22,14,834.9299128,20130714
22,15,845.6948849,20130714
22,16,869.3170321,20130714
22,17,911.0558514,20130714
22,18,989.0435273,20130714
22,19,1124.630416,20130714
22,20,1339.166875,20130714
22,21,1643.280902,20130714
22,22,2004.711068,20130714
22,23,2380.473585,20130714
22,24,2729.265849,20130714
22,1,3016.509988,20130715
22,2,3209.309312,20130715
22,3,3286.090973,20130715
22,4,3270.57749,20130715
22,5,3197.815227,20130715
22,6,3102.850543,20130715
22,7,3010.803438,20130715
22,8,2907.088454,20130715
22,9,2767.19377,20130715
22,10,2595.521575,20130715
22,11,2512.130088,20130715
22,12,2665.991539,20130715
22,13,3165.180611,20130715
22,14,3954.181804,20130715
22,15,4936.582076,20130715
22,16,6015.96838,20130715
22,17,7090.332302,20130715
22,18,8035.28394,20130715
22,19,8720.838021,20130715
22,20,9056.0472,20130715
22,21,9106.115834,20130715
22,22,8975.28621,20130715
22,23,8748.749833,20130715
22,24,8435.495099,20130715
22,1,8025.459626,20130716
22,2,7508.581031,20130716
22,3,6887.236154,20130716
22,4,6213.55873,20130716
22,5,5552.121713,20130716
22,6,4956.402685,20130716
22,7,4435.497712,20130716
22,8,3987.407487,20130716
22,9,3608.858095,20130716
22,10,3291.477197,20130716
22,11,3025.617848,20130716
22,12,2801.633103,20130716
22,13,2610.646668,20130716
22,14,2446.864849,20130716
22,15,2305.264604,20130716
22,16,2180.892299,20130716
22,17,2069.071947,20130716
22,18,1965.196972,20130716
22,19,1865.830278,20130716
22,20,1772.212693,20130716
22,21,1686.754528,20130716
22,22,1611.866095,20130716
22,23,1548.759601,20130716
22,24,1493.854854,20130716
22,1,1442.37356,20130717
22,2,1390.468067,20130717
22,3,1338.013297,20130717
22,4,1285.814816,20130717
22,5,1234.678189,20130717
22,6,1185.320193,20130717
22,7,1138.10245,20130717
22,8,1093.297791,20130717
22,9,1052.123047,20130717
22,10,1019.57104,20130717
22,11,1001.578589,20130717
22,12,1001.922822,20130717
22,13,1015.742114,20130717
22,14,1036.015147,20130717
22,15,1055.720606,20130717
22,16,1069.9322,20130717
22,17,1082.103747,20130717
22,18,1097.784091,20130717
22,19,1120.270369,20130717
22,20,1143.852898,20130717
22,21,1160.570288,20130717
22,22,1164.138538,20130717
22,23,1154.983197,20130717
22,24,1135.207201,20130717
22,1,1106.913485,20130718
22,2,1072.697427,20130718
22,3,1037.124169,20130718
22,4,1005.251295,20130718
22,5,980.8306723,20130718
22,6,962.3913077,20130718
22,7,947.156492,20130718
22,8,932.8122209,20130718
22,9,918.8953095,20130718
22,10,905.4052776,20130718
22,11,892.341645,20130718
22,12,879.330251,20130718
22,13,864.5022122,20130718
22,14,845.6149647,20130718
22,15,821.8561221,20130718
22,16,798.1340076,20130718
22,17,780.7871219,20130718
22,18,774.1690682,20130718
22,19,774.6938597,20130718
22,20,776.7906123,20130718
22,21,774.8884418,20130718
22,22,765.3808068,20130718
22,23,752.5185366,20130718
22,24,742.5168033,20130718
22,1,739.6582822,20130719
22,2,740.4956619,20130719
22,3,739.6491346,20130719
22,4,732.8329938,20130719
22,5,720.1379395,20130719
22,6,702.7487735,20130719
22,7,681.8502974,20130719
22,8,659.2717942,20130719
22,9,639.4204727,20130719
22,10,627.348023,20130719
23,19,643.42721,20130719
23,20,634.8913027,20130719
23,21,625.5277001,20130719
23,22,615.1783975,20130719
23,23,604.3090979,20130719
23,24,593.316354,20130719
23,1,581.6964078,20130720
23,2,569.0682041,20130720
23,3,556.4418106,20130720
23,4,544.9400719,20130720
23,5,534.7458188,20130720
23,6,525.6638455,20130720
23,7,516.9268156,20130720
23,8,507.8782498,20130720
23,9,498.8772295,20130720
23,10,490.536726,20130720
23,11,483.3208695,20130720
23,12,477.098426,20130720
23,13,471.5335823,20130720
23,14,466.067573,20130720
23,15,460.1891539,20130720
23,16,453.800119,20130720
23,17,446.9426976,20130720
23,18,439.8078235,20130720
23,19,432.5953352,20130720
23,20,425.3919865,20130720
23,21,418.160854,20130720
23,22,410.4833901,20130720
23,23,402.0427224,20130720
23,24,393.3103022,20130720
23,1,384.7416212,20130721
23,2,375.9400085,20130721
23,3,366.575047,20130721
23,4,357.4334963,20130721
23,5,349.4610794,20130721
23,6,343.1221964,20130721
23,7,338.4710094,20130721
23,8,334.4020528,20130721
23,9,329.859457,20130721
23,10,325.1453621,20130721
23,11,320.7205804,20130721
23,12,316.3226009,20130721
23,13,311.5706643,20130721
23,14,306.3343408,20130721
23,15,300.5457833,20130721
23,16,294.3347053,20130721
23,17,288.6210629,20130721
23,18,283.9413044,20130721
23,19,278.5076016,20130721
23,20,270.3660118,20130721
23,21,259.2224089,20130721
23,22,245.936194,20130721
23,23,234.321059,20130721
23,24,229.2084623,20130721
23,1,236.5466372,20130722
23,2,262.8453844,20130722
23,3,315.7439986,20130722
23,4,403.378914,20130722
23,5,534.7456258,20130722
23,6,718.2379748,20130722
23,7,958.9841203,20130722
23,8,1255.503046,20130722
23,9,1583.142712,20130722
23,10,1913.324938,20130722
23,11,2224.938004,20130722
23,12,2502.710686,20130722
23,13,2747.267294,20130722
23,14,2961.409945,20130722
23,15,3140.756455,20130722
23,16,3279.667111,20130722
23,17,3374.656378,20130722
23,18,3423.919047,20130722
23,19,3430.217034,20130722
23,20,3397.45403,20130722
23,21,3330.010819,20130722
23,22,3234.176547,20130722
23,23,3116.568346,20130722
23,24,2983.206945,20130722
23,1,2840.190077,20130723
23,2,2694.519902,20130723
23,3,2552.82959,20130723
23,4,2419.371922,20130723
23,5,2297.369212,20130723
23,6,2188.302279,20130723
23,7,2093.227513,20130723
23,8,2013.245063,20130723
23,9,1948.684475,20130723
23,10,1896.749113,20130723
23,11,1853.875922,20130723
23,12,1816.562358,20130723
23,13,1782.311653,20130723
23,14,1752.589631,20130723
23,15,1728.778192,20130723
23,16,1707.960949,20130723
23,17,1686.964819,20130723
23,18,1665.888217,20130723
23,19,1645.838642,20130723
23,20,1628.688442,20130723
23,21,1616.066475,20130723
23,22,1607.862768,20130723
23,23,1603.619216,20130723
23,24,1603.223985,20130723
23,1,1606.651815,20130724
23,2,1613.380139,20130724
23,3,1620.897188,20130724
23,4,1626.583171,20130724
23,5,1629.375429,20130724
23,6,1628.666116,20130724
23,7,1624.109508,20130724
23,8,1615.571774,20130724
23,9,1603.504523,20130724
23,10,1588.719499,20130724
23,11,1572.883563,20130724
23,12,1557.540436,20130724
23,13,1542.886171,20130724
23,14,1529.007772,20130724
23,15,1516.903734,20130724
23,16,1507.223135,20130724
23,17,1498.305884,20130724
23,18,1488.379263,20130724
23,19,1477.529214,20130724
23,20,1466.202015,20130724
23,21,1454.426651,20130724
23,22,1441.654198,20130724
23,23,1425.441402,20130724
23,24,1403.871928,20130724
23,1,1379.031453,20130725
23,2,1353.103343,20130725
24,13,49.9076677,2017071
24,14,63.94136631,2017071
24,15,64.5935536,2017071
24,16,55.62210313,2017071
24,17,44.23352897,2017071
24,18,37.05687838,2017071
24,19,38.16654249,2017071
24,20,41.99575471,2017071
24,21,42.27507475,2017071
24,22,39.56552543,2017071
24,23,35.79875249,2017071
24,24,31.55843049,2017071
24,1,27.04789612,2017072
24,2,22.29710572,2017072
24,3,17.71433805,2017072
24,4,15.39454173,2017072
24,5,17.18627379,2017072
24,6,22.26585473,2017072
24,7,29.22175595,2017072
24,8,36.96328875,2017072
24,9,44.09889729,2017072
24,10,47.71271732,2017072
24,11,46.91315585,2017072
24,12,50.43001337,2017072
24,13,65.55617697,2017072
24,14,84.21548654,2017072
24,15,95.48033092,2017072
24,16,92.38634191,2017072
24,17,73.3386526,2017072
24,18,54.25715837,2017072
24,19,50.71048935,2017072
24,20,59.34745235,2017072
24,21,74.46029502,2017072
24,22,99.83485141,2017072
24,23,140.0735283,2017072
24,24,193.5514368,2017072
24,1,254.1952481,2017073
24,2,304.3651698,2017073
24,3,328.727181,2017073
24,4,332.7368105,2017073
24,5,325.3838038,2017073
24,6,309.0052224,2017073
24,7,285.7290529,2017073
24,8,263.4996649,2017073
24,9,248.6779752,2017073
24,10,235.4747053,2017073
24,11,217.7921969,2017073
24,12,200.4494698,2017073
24,13,190.1610238,2017073
24,14,190.3065997,2017073
24,15,202.9078373,2017073
24,16,227.8887293,2017073
24,17,266.3044892,2017073
24,18,325.83286,2017073
24,19,414.1508084,2017073
24,20,532.3096662,2017073
24,21,677.9076148,2017073
24,22,841.3558674,2017073
24,23,1010.759507,2017073
24,24,1172.186061,2017073
24,1,1315.348999,2017074
24,2,1446.583116,2017074
24,3,1575.787812,2017074
24,4,1710.499601,2017074
24,5,1855.897587,2017074
24,6,2010.094135,2017074
24,7,2172.150277,2017074
24,8,2351.988445,2017074
24,9,2558.604552,2017074
24,10,2786.427036,2017074
24,11,3024.615398,2017074
24,12,3255.820886,2017074
24,13,3458.459122,2017074
24,14,3600.511469,2017074
24,15,3654.16755,2017074
24,16,3618.88429,2017074
24,17,3503.776722,2017074
24,18,3329.325019,2017074
24,19,3118.308232,2017074
24,20,2891.335803,2017074
24,21,2666.964819,2017074
24,22,2457.712573,2017074
24,23,2272.215447,2017074
24,24,2109.625974,2017074
24,1,1966.527976,2017075
24,2,1838.71427,2017075
24,3,1722.873762,2017075
24,4,1620.070712,2017075
24,5,1532.057454,2017075
24,6,1458.963269,2017075
24,7,1399.523769,2017075
24,8,1348.522931,2017075
24,9,1300.582992,2017075
24,10,1253.630876,2017075
25,16,368.8006421,20170714
25,17,359.1017734,20170714
25,18,349.5386186,20170714
25,19,340.8657452,20170714
25,20,333.3901654,20170714
25,21,327.2278948,20170714
25,22,322.1785168,20170714
25,23,317.9349884,20170714
25,24,314.0801929,20170714
25,1,310.1606711,20170715
25,2,305.6876667,20170715
25,3,300.2306292,20170715
25,4,293.6271294,20170715
25,5,285.8493325,20170715
25,6,277.1396619,20170715
25,7,267.8855097,20170715
25,8,258.7838838,20170715
25,9,250.6026616,20170715
25,10,244.0835825,20170715
25,11,239.8874242,20170715
25,12,238.3772567,20170715
25,13,239.7070254,20170715
25,14,243.4918847,20170715
25,15,249.3545297,20170715
25,16,257.4866083,20170715
25,17,268.4772213,20170715
25,18,283.9363275,20170715
25,19,305.7095768,20170715
25,20,335.5645242,20170715
25,21,375.0650357,20170715
25,22,425.038314,20170715
25,23,485.8756714,20170715
25,24,556.961522,20170715
25,1,637.3031657,20170716
25,2,725.4063435,20170716
25,3,819.6621342,20170716
25,4,918.5045269,20170716
25,5,1020.226556,20170716
25,6,1122.51453,20170716
25,7,1223.038667,20170716
25,8,1320.011557,20170716
25,9,1411.845973,20170716
25,10,1497.213042,20170716
25,11,1574.771787,20170716
25,12,1642.874449,20170716
25,13,1699.880048,20170716
25,14,1744.481484,20170716
25,15,1775.55238,20170716
25,16,1792.355364,20170716
25,17,1794.507277,20170716
25,18,1782.652789,20170716
25,19,1757.867779,20170716
25,20,1721.925108,20170716
25,21,1676.857536,20170716
25,22,1625.040428,20170716
25,23,1568.833748,20170716
25,24,1510.19324,20170716
25,1,1450.841481,20170717
25,2,1391.972584,20170717
25,3,1334.596544,20170717
25,4,1279.515336,20170717
25,5,1227.365952,20170717
25,6,1178.333447,20170717
25,7,1132.440292,20170717
25,8,1089.510537,20170717
25,9,1049.336658,20170717
25,10,1011.783253,20170717
25,11,976.7463965,20170717
25,12,944.175951,20170717
25,13,914.004836,20170717
25,14,886.0444183,20170717
25,15,860.0192332,20170717
25,16,835.4280432,20170717
25,17,811.7291555,20170717
25,18,788.4448269,20170717
25,19,765.2961955,20170717
25,20,742.7359751,20170717
25,21,721.2700743,20170717
25,22,700.8856055,20170717
25,23,681.4342316,20170717
25,24,662.7446137,20170717
25,1,644.6986092,20170718
25,2,627.4138627,20170718
25,3,611.1630447,20170718
25,4,596.6031406,20170718
25,5,584.3086867,20170718
25,6,574.1401065,20170718
25,7,565.8108756,20170718
25,8,559.1607917,20170718
25,9,554.0464002,20170718
25,10,550.2649166,20170718
25,11,547.5441884,20170718
25,12,545.3939228,20170718
25,13,543.2602681,20170718
25,14,540.5532772,20170718
25,15,536.6643676,20170718
25,16,530.9465094,20170718
25,17,522.9894429,20170718
25,18,513.3684374,20170718
25,19,502.8468429,20170718
25,20,491.9548045,20170718
25,21,481.1030831,20170718
25,22,470.4581089,20170718
26,6,NA,2018071
26,7,NA,2018071
26,8,NA,2018071
26,9,NA,2018071
26,10,NA,2018071
26,11,NA,2018071
26,12,NA,2018071
26,13,NA,2018071
26,14,NA,2018071
26,15,NA,2018071
26,16,NA,2018071
26,17,NA,2018071
26,18,NA,2018071
26,19,NA,2018071
26,20,NA,2018071
26,21,NA,2018071
26,22,NA,2018071
26,23,NA,2018071
26,24,NA,2018071
26,1,NA,2018072
26,2,NA,2018072
26,3,NA,2018072
26,4,NA,2018072
26,5,NA,2018072
26,6,NA,2018072
26,7,NA,2018072
26,8,NA,2018072
26,9,NA,2018072
26,10,NA,2018072
26,11,NA,2018072
26,12,NA,2018072
26,13,NA,2018072
26,14,NA,2018072
26,15,NA,2018072
26,16,NA,2018072
26,17,NA,2018072
26,18,NA,2018072
26,19,NA,2018072
26,20,NA,2018072
26,21,NA,2018072
26,22,NA,2018072
26,23,NA,2018072
26,24,NA,2018072
26,1,NA,2018073
26,2,NA,2018073
26,3,NA,2018073
26,4,NA,2018073
26,5,NA,2018073
26,6,NA,2018073
26,7,NA,2018073
26,8,NA,2018073
26,9,NA,2018073
26,10,NA,2018073
26,11,NA,2018073
26,12,NA,2018073
26,13,NA,2018073
26,14,NA,2018073
26,15,NA,2018073
26,16,NA,2018073
26,17,NA,2018073
26,18,NA,2018073
26,19,NA,2018073
26,20,NA,2018073
26,21,NA,2018073
26,22,NA,2018073
26,23,NA,2018073
26,24,NA,2018073
26,1,NA,2018074
26,2,NA,2018074
26,3,NA,2018074
26,4,NA,2018074
26,5,NA,2018074
26,6,NA,2018074
26,7,NA,2018074
26,8,NA,2018074
26,9,NA,2018074
26,10,NA,2018074
26,11,NA,2018074
26,12,NA,2018074
26,13,NA,2018074
26,14,NA,2018074
26,15,NA,2018074
26,16,NA,2018074
26,17,NA,2018074
26,18,NA,2018074
26,19,NA,2018074
26,20,NA,2018074
26,21,NA,2018074
26,22,NA,2018074
26,23,NA,2018074
26,24,NA,2018074
26,1,NA,2018075
26,2,NA,2018075
26,3,NA,2018075
26,4,NA,2018075
26,5,NA,2018075
26,6,NA,2018075
26,7,NA,2018075
26,8,NA,2018075
26,9,NA,2018075
26,10,NA,2018075
26,11,NA,2018075
26,12,NA,2018075
26,13,NA,2018075
26,14,NA,2018075
26,15,NA,2018075
26,16,NA,2018075
26,17,NA,2018075
26,18,NA,2018075
26,19,NA,2018075
26,20,NA,2018075
26,21,NA,2018075
26,22,NA,2018075
26,23,NA,2018075
26,24,NA,2018075
26,1,NA,2018076
26,2,NA,2018076
26,3,NA,2018076
26,4,NA,2018076
26,5,NA,2018076
26,6,NA,2018076
26,7,NA,2018076
26,8,NA,2018076
26,9,NA,2018076
26,10,NA,2018076
26,11,NA,2018076
26,12,NA,2018076
26,13,NA,2018076
26,14,NA,2018076
26,15,NA,2018076
26,16,NA,2018076
26,17,NA,2018076
26,18,NA,2018076
26,19,NA,2018076
26,20,NA,2018076
26,21,NA,2018076
26,22,NA,2018076
26,23,NA,2018076
26,24,NA,2018076
26,1,NA,2018077
26,2,NA,2018077
26,3,NA,2018077
26,4,NA,2018077
26,5,NA,2018077
26,6,NA,2018077
26,7,NA,2018077
26,8,NA,2018077
26,9,NA,2018077
26,10,NA,2018077
26,11,NA,2018077
26,12,NA,2018077
26,13,NA,2018077
26,14,NA,2018077
26,15,NA,2018077
26,16,NA,2018077
26,17,NA,2018077
26,18,NA,2018077
26,19,NA,2018077
26,20,NA,2018077
26,21,NA,2018077
