code,target,totpop,region,proplive,sub,bus,numpark,totrent,a15,a20,a30,a40,a50,a60,a70,a80,a100,numpark_fam,pub10,pub50,pub99,gukmin,forever,happy,A,C,D,E,FMO,G,HI,J,K,L,N,M20,M30,F50,M50,F100,fee_deposit,fee_rent,older
C2515,205,545,2,0.968807339,0,3,624,545,0,0,0.653211009,0.104587156,0.242201835,0,0,0,0,1.144954128,0,0,0,1,0,0,1,0,0,0,0,0,0,0,0,0,0,0.07061753,0.057549801,0.08687251,0.072569721,0.000179283,18433000,149760,0.712211155
C1407,1064,1216,6,0.989309211,1,1,1285,1216,0,0,0.320723684,0.577302632,0.101973684,0,0,0,0,1.056743421,0,0,0,1,0,0,1,0,0,0,0,0,0,0,0,0,0,0.064246782,0.066847799,0.085750733,0.068819271,0.000298206,27637000,164610,0.714037243
C1470,553,696,11,0.979885057,0,2,645,696,0,0,0.364942529,0.281609195,0.353448276,0,0,0,0,0.926724138,0,0,0,1,0,0,1,0,0,0,0,0,0,0,0,0,0,0.070322283,0.046595927,0.081407764,0.074382126,0.000158176,16821500,117145,0.727133743
C1898,415,566,11,0.98409894,0,6,517,566,0,0,0.478798587,0.369257951,0.151943463,0,0,0,0,0.913427562,0,0,0,1,0,0,1,0,0,0,0,0,0,0,0,0,0,0.070322283,0.046595927,0.081407764,0.074382126,0.000158176,16821500,117145,0.727133743
C1244,1804,1722,1,0.994192799,0,10,1483,1722,0,0,0.457607433,0.315911731,0.226480836,0,0,0,0,0.861207898,0,0,0,1,0,0,1,0,0,0,0,0,0,0,0,0,0,0.059894048,0.068704398,0.077344944,0.064858538,0.000290351,43990000,304540,0.728907719
C1171,700,624,6,0.979166667,0,5,634,624,0,0,0.567307692,0.368589744,0.064102564,0,0,0,0,1.016025641,0,0,0,1,0,0,1,0,0,0,0,0,0,0,0,0,0,0.064246782,0.066847799,0.085750733,0.068819271,0.000298206,35462000,189130,0.714037243
C2073,301,361,0,0.96398892,0,5,288,361,0,0,0.465373961,0.423822715,0.110803324,0,0,0,0,0.797783934,0,0,0,1,0,0,1,0,0,0,0,0,0,0,0,0,0,0.063157012,0.054321402,0.087266326,0.072177048,0.000318551,16821000,205460,0.722759695
C2513,820,754,4,0.980106101,0,6,530,754,0,0,0,0,1,0,0,0,0,0.702917772,0,0,0,1,0,0,1,0,0,0,0,0,0,0,0,0,0,0.066875166,0.064416056,0.07990214,0.067442652,0.000353103,32443000,192250,0.721010872
C1936,234,240,4,0.966666667,0,10,168,240,0,0,0,0,1,0,0,0,0,0.7,0,0,0,1,0,0,1,0,0,0,0,0,0,0,0,0,0,0.066875166,0.064416056,0.07990214,0.067442652,0.000353103,32443000,192250,0.721010872
C2049,841,688,0,1,0,5,631,688,0,0,0,0,1,0,0,0,0,0.917151163,0,0,0,1,0,0,1,0,0,0,0,0,0,0,0,0,0,0.063157012,0.054321402,0.087266326,0.072177048,0.000318551,15407000,88400,0.722759695
C2202,226,623,0,1,0,2,222,623,0,0,0.142857143,0.857142857,0,0,0,0,0,0.356340289,0,1,0,0,0,0,1,0,0,0,0,0,0,0,0,0,0,0.063157012,0.054321402,0.087266326,0.072177048,0.000318551,10244000,152280,0.722759695
C1925,75,601,0,0.985024958,0,4,117,600,0,0.495840266,0.500831947,0,0,0,0.001663894,0,0,0.194675541,0,0,0,0,1,0,0,1,1,0,0,0,0,0,0,0,0,0.063157012,0.054321402,0.087266326,0.072177048,0.000318551,8687000,137655,0.722759695
C2576,73,405,2,0.95308642,0,4,296,405,0,0,0,0.772839506,0.227160494,0,0,0,0,0.730864198,0,0,0,1,0,0,1,0,0,0,0,0,0,0,0,0,0,0.07061753,0.057549801,0.08687251,0.072569721,0.000179283,23844000,198600,0.712211155
C1312,359,518,13,0.976833977,0,3,527,517,0,0,0.287644788,0.71042471,0,0,0,0,0,1.017374517,0,0,0,1,0,0,1,0,0,0,0,0,0,0,0,0,0,0.072622328,0.067302815,0.07929914,0.069167386,0.000219361,18707000,126575,0.71138897
C1874,62,619,13,0.996768982,0,2,97,619,0.004846527,0.741518578,0.243941842,0.004846527,0.004846527,0,0,0,0,0.156704362,0,0,0,0,1,0,0,1,1,0,0,0,0,0,0,0,0,0.072622328,0.067302815,0.07929914,0.069167386,0.000219361,7062500,85355,0.71138897
C2650,159,875,7,0.985142857,0,4,616,875,0,0,0.636571429,0.363428571,0,0,0,0,0,0.704,0,0,0,1,0,0,1,0,0,0,0,0,0,0,0,0,0,0.057233413,0.048866037,0.082899,0.068854768,0.000267643,14215000,141630,0.741879163
C2416,63,560,2,1,0,5,154,560,0.001785714,0.644642857,0.346428571,0.003571429,0.001785714,0,0,0,0.001785714,0.275,0,0,0,0,1,0,0,1,1,0,0,0,0,0,0,0,0,0.07061753,0.057549801,0.08687251,0.072569721,0.000179283,8830500,115910,0.712211155
C2013,91,595,2,0.994957983,0,3,509,594,0,0,0.549579832,0.448739496,0,0,0,0,0,0.855462185,0,0,0,1,0,0,1,0,0,0,0,0,0,0,0,0,0,0.07061753,0.057549801,0.08687251,0.072569721,0.000179283,13930000,37360,0.712211155
C1424,179,625,6,0.9968,0,7,517,624,0,0,0.4288,0.5696,0,0,0,0,0,0.8272,0,1,0,0,0,0,1,0,0,0,0,0,0,0,0,0,0,0.064246782,0.066847799,0.085750733,0.068819271,0.000298206,20173000,225100,0.714037243
C2100,671,880,6,0.995454545,0,5,736,880,0,0,0,0,1,0,0,0,0,0.836363636,0,0,0,1,0,0,1,0,0,0,0,0,0,0,0,0,0,0.064246782,0.066847799,0.085750733,0.068819271,0.000298206,25096000,100365,0.714037243
C2621,133,1396,6,0.981375358,1,4,277,1396,0,0.767191977,0.219197708,0,0.01217765,0.000716332,0,0,0.000716332,0.198424069,0,0,0,0,1,0,0,1,1,0,0,0,0,0,0,0,0,0.064246782,0.066847799,0.085750733,0.068819271,0.000298206,10514000,130715,0.714037243
C2520,386,970,6,0.997938144,0,2,420,960,0,0,0.989690722,0,0,0,0,0,0,0.432989691,0,1,0,0,0,0,1,0,0,0,0,0,0,0,0,0,0,0.064246782,0.066847799,0.085750733,0.068819271,0.000298206,13155000,177500,0.714037243
C2319,266,606,6,0.998349835,1,12,548,605,0,0,0,0,0.998349835,0,0,0,0,0.904290429,0,0,0,1,0,0,1,0,0,0,0,0,0,0,0,0,0,0.064246782,0.066847799,0.085750733,0.068819271,0.000298206,17414000,236590,0.714037243
C1616,98,1507,6,0.99933643,0,2,407,1507,0,0.390179164,0.307232913,0.298606503,0.00199071,0,0.00066357,0,0.00132714,0.270072993,0,0,0,0,1,0,0,1,1,1,0,0,0,0,0,0,0,0.064246782,0.066847799,0.085750733,0.068819271,0.000298206,15418000,90995,0.714037243
C1704,131,639,6,0.946791862,0,7,162,639,0,0,0.998435055,0,0,0,0,0,0.001564945,0.253521127,0,0,0,0,1,0,0,1,1,0,0,0,0,0,0,0,0,0.064246782,0.066847799,0.085750733,0.068819271,0.000298206,8625000,136630,0.714037243
C2258,78,965,6,0.986528497,0,3,287,965,0.003108808,0.61761658,0.190673575,0.186528497,0.001036269,0,0,0,0.001036269,0.297409326,0,0,0,0,1,0,0,1,1,0,0,0,0,0,0,0,0,0.064246782,0.066847799,0.085750733,0.068819271,0.000298206,5850500,84750,0.714037243
C1032,316,946,6,0.993657505,1,2,986,946,0,0,0.071881607,0.072938689,0.855179704,0,0,0,0,1.042283298,0,0,0,1,0,0,1,0,0,0,0,0,0,0,0,0,0,0.064246782,0.066847799,0.085750733,0.068819271,0.000298206,28714000,187260,0.714037243
C2038,108,785,6,0.991082803,1,10,150,785,0.003821656,0.759235669,0.119745223,0.114649682,0.001273885,0,0,0,0.001273885,0.191082803,0,0,0,0,1,0,0,1,1,0,0,0,0,0,0,0,0,0.064246782,0.066847799,0.085750733,0.068819271,0.000298206,5850500,79980,0.714037243
C1859,116,2424,6,0.999587459,1,4,487,2424,0,0.777640264,0.208333333,0,0.012788779,0,0.000412541,0,0.000825083,0.200907591,0,0,0,0,1,0,0,1,1,0,0,0,0,0,0,0,0,0.064246782,0.066847799,0.085750733,0.068819271,0.000298206,34967000,195660,0.714037243
C1722,649,809,0,0.998763906,0,6,264,809,0,0.184177998,0.300370828,0.51421508,0,0,0.001236094,0,0,0.326328801,0,1,0,0,1,0,1,1,1,0,0,0,0,0,0,0,0,0.063157012,0.054321402,0.087266326,0.072177048,0.000318551,9984000,138130,0.722759695
C1850,254,388,2,1,0,4,226,385,0,0,0.229381443,0.762886598,0,0,0,0,0,0.582474227,0,1,0,0,0,0,1,0,0,0,0,0,0,0,0,0,0,0.07061753,0.057549801,0.08687251,0.072569721,0.000179283,14418000,244420,0.712211155
C2190,129,1013,2,0.993089832,0,2,178,1013,0.0029615,0.846001974,0.149062192,0.001974334,0,0,0,0,0,0.175715696,0,0,0,0,1,0,0,1,1,0,0,0,0,0,0,0,0,0.07061753,0.057549801,0.08687251,0.072569721,0.000179283,4032000,79980,0.712211155
C1476,70,453,2,0.986754967,0,5,107,453,0,0.657836645,0.33995585,0,0,0,0.002207506,0,0,0.236203091,0,0,0,0,1,0,0,1,1,0,0,0,0,0,0,0,0,0.07061753,0.057549801,0.08687251,0.072569721,0.000179283,8454000,113335,0.712211155
C1077,236,861,2,0.975609756,0,5,612,861,0,0,0.299651568,0.321718931,0.378629501,0,0,0,0,0.710801394,0,0,0,1,0,0,1,0,0,0,0,0,0,0,0,0,0,0.07061753,0.057549801,0.08687251,0.072569721,0.000179283,19973000,147300,0.712211155
C1068,510,806,13,0.986352357,0,2,804,805,0,0,0.40942928,0.476426799,0.112903226,0,0,0,0,0.99751861,0,0,0,1,0,0,1,0,0,0,0,0,0,0,0,0,0,0.072622328,0.067302815,0.07929914,0.069167386,0.000219361,16853500,137320,0.71138897
C1983,253,903,13,0.996677741,0,4,200,903,0,0.529346622,0.468438538,0,0,0.00110742,0,0,0.00110742,0.221483942,0,1,0,0,1,0,1,1,1,0,0,0,0,0,0,0,0,0.072622328,0.067302815,0.07929914,0.069167386,0.000219361,9714000,142850,0.71138897
C2135,127,1116,7,0.991039427,1,3,262,1116,0.002688172,0.592293907,0.403225806,0,0.000896057,0,0,0,0.000896057,0.234767025,0,0,0,0,1,0,0,1,1,0,0,0,0,0,0,0,0,0.057233413,0.048866037,0.082899,0.068854768,0.000267643,5787000,89365,0.741879163
C2034,132,1486,7,0.998654105,1,3,405,1486,0.002018843,0.487213997,0.508748318,0,0.000672948,0,0.000672948,0,0.000672948,0.272543742,0,0,0,0,1,0,0,1,1,0,0,0,0,0,0,0,0,0.057233413,0.048866037,0.082899,0.068854768,0.000267643,12015000,124390,0.741879163
C1109,313,1957,7,0.999489014,1,2,351,1957,0,0.767501277,0.23147675,0,0.000510986,0,0,0,0.000510986,0.179356157,0,0,0,0,1,0,0,1,1,0,0,0,0,0,0,0,0,0.057233413,0.048866037,0.082899,0.068854768,0.000267643,9000000,106130,0.741879163
C1497,382,802,7,0.99127182,1,14,375,802,0,0,1,0,0,0,0,0,0,0.467581047,0,1,0,0,0,0,1,0,0,0,0,0,0,0,0,0,0,0.057233413,0.048866037,0.082899,0.068854768,0.000267643,13253500,168575,0.741879163
C2289,364,1527,7,0.998690242,0,3,240,1527,0,0.635232482,0.360183366,0,0.003274394,0,0.000654879,0,0.000654879,0.157170923,0,0,0,0,1,0,0,1,1,0,0,0,0,0,0,0,0,0.057233413,0.048866037,0.082899,0.068854768,0.000267643,10813000,84510,0.741879163
C2597,94,1005,7,0.975124378,0,2,166,1005,0.002985075,0.753233831,0.237810945,0.00199005,0.002985075,0,0,0,0.000995025,0.165174129,0,0,0,0,1,0,0,1,1,0,0,0,0,0,0,0,0,0.057233413,0.048866037,0.082899,0.068854768,0.000267643,15315000,87485,0.741879163
C2310,189,1988,7,0.999496982,0,2,217,1988,0,0.840040241,0.156438632,0,0.002515091,0,0.000503018,0,0.000503018,0.10915493,0,0,0,0,1,0,0,1,1,0,0,0,0,0,0,0,0,0.057233413,0.048866037,0.082899,0.068854768,0.000267643,11819000,81130,0.741879163
C1672,873,1350,7,0.988888889,0,1,1043,1350,0,0,0,0,1,0,0,0,0,0.772592593,0,0,0,1,0,0,1,0,0,0,0,0,0,0,0,0,0,0.057233413,0.048866037,0.082899,0.068854768,0.000267643,18717500,229825,0.741879163
C2132,359,2428,7,0.999588138,0,1,756,282,0.002059308,0.004118616,0.106260297,0.000411862,0.002059308,0,0.000411862,0,0.000823723,0.311367381,0,0,0,0,1,0,0,1,1,0,0,0,0,0,0,0,0,0.057233413,0.048866037,0.082899,0.068854768,0.000267643,16800000,87610,0.741879163
C1439,172,1755,7,0.983475783,1,3,270,1755,0.005698006,0.848433048,0.074643875,0.06951567,0,0.000569801,0,0,0.001139601,0.153846154,0,0,0,0,1,0,0,1,1,0,0,0,0,0,0,0,0,0.057233413,0.048866037,0.082899,0.068854768,0.000267643,14616000,78665,0.741879163
C1613,498,840,7,0.991666667,1,1,594,840,0,0,0,0,1,0,0,0,0,0.707142857,0,0,0,1,0,0,1,0,0,0,0,0,0,0,0,0,0,0.057233413,0.048866037,0.082899,0.068854768,0.000267643,20345000,257630,0.741879163
C2216,149,390,13,0.994871795,0,1,97,390,0,0,1,0,0,0,0,0,0,0.248717949,0,1,0,0,0,0,1,0,0,0,0,0,0,0,0,0,0,0.072622328,0.067302815,0.07929914,0.069167386,0.000219361,9447000,132910,0.71138897
C1899,31,451,2,1,0,4,109,451,0,0.66075388,0.33924612,0,0,0,0,0,0,0.241685144,0,0,0,0,1,0,0,1,1,0,0,0,0,0,0,0,0,0.07061753,0.057549801,0.08687251,0.072569721,0.000179283,8142500,85380,0.712211155
C1056,125,410,12,1,0,10,120,410,0,0.487804878,0.512195122,0,0,0,0,0,0,0.292682927,0,0,0,0,1,0,0,1,1,0,0,0,0,0,0,0,0,0.069666598,0.048026181,0.088402536,0.068930252,0.000368173,8166500,117270,0.724606245
C2644,177,779,13,0.991014121,0,12,190,778,0,0.498074454,0.496790757,0.003851091,0,0,0,0,0,0.243902439,0,1,0,0,1,0,1,1,1,0,0,0,0,0,0,0,0,0.072622328,0.067302815,0.07929914,0.069167386,0.000219361,11879000,127670,0.71138897
C1206,90,755,0,0.998675497,0,4,88,488,0,0.316556291,0.327152318,0,0,0.001324503,0,0,0.001324503,0.116556291,0,0,0,0,1,0,0,1,1,0,0,0,0,0,0,0,0,0.063157012,0.054321402,0.087266326,0.072177048,0.000318551,9134000,117270,0.722759695
C2481,302,693,9,0.997113997,0,2,486,693,0,0,0.627705628,0.372294372,0,0,0,0,0,0.701298701,0,0,0,1,0,0,1,0,0,0,0,0,0,0,0,0,0,0.074688623,0.052411602,0.084844939,0.067708769,8.36E-05,13221000,101390,0.720262478
C1718,496,753,9,0.969455511,0,2,682,753,0,0,0,0.751660027,0.248339973,0,0,0,0,0.905710491,0,0,0,1,0,0,1,0,0,0,0,0,0,0,0,0,0,0.074688623,0.052411602,0.084844939,0.067708769,8.36E-05,27465500,218475,0.720262478
C1655,236,498,0,0.953815261,0,6,402,498,0,0,0.176706827,0.53815261,0.285140562,0,0,0,0,0.807228916,0,0,0,1,0,0,1,0,0,0,0,0,0,0,0,0,0,0.063157012,0.054321402,0.087266326,0.072177048,0.000318551,19973000,132320,0.722759695
C1430,839,1533,7,0.979125897,0,3,1296,1533,0,0,0,0,1,0,0,0,0,0.845401174,0,0,0,1,0,0,1,0,0,0,0,0,0,0,0,0,0,0.057233413,0.048866037,0.082899,0.068854768,0.000267643,31835000,185990,0.741879163
C1775,96,711,12,0.992967651,0,8,131,711,0,0.506329114,0.492264416,0,0,0,0,0,0.00140647,0.184247539,0,0,0,0,1,0,0,1,1,0,0,0,0,0,0,0,0,0.069666598,0.048026181,0.088402536,0.068930252,0.000368173,7204000,141000,0.724606245
C1519,235,420,12,1,0,0,393,420,0,0,0.6,0.4,0,0,0,0,0,0.935714286,0,0,0,1,0,0,1,0,0,0,0,0,0,0,0,0,0,0.069666598,0.048026181,0.088402536,0.068930252,0.000368173,15472000,94375,0.724606245
C2221,359,590,12,0.998305085,0,3,376,590,0,0,0,1,0,0,0,0,0,0.637288136,0,1,0,0,0,0,1,0,0,0,0,0,0,0,0,0,0,0.069666598,0.048026181,0.088402536,0.068930252,0.000368173,15406500,246675,0.724606245
C1790,120,657,2,0.99695586,0,4,166,657,0.00608828,0.397260274,0.590563166,0.00152207,0.00152207,0,0,0.00152207,0.00152207,0.252663623,0,0,0,0,1,0,0,1,1,0,0,0,0,0,0,0,0,0.07061753,0.057549801,0.08687251,0.072569721,0.000179283,8133000,98750,0.712211155
C2109,60,495,2,0.995959596,0,4,117,495,0,0.581818182,0.416161616,0,0,0,0,0,0.002020202,0.236363636,0,0,0,0,1,0,0,1,1,0,0,0,0,0,0,0,0,0.07061753,0.057549801,0.08687251,0.072569721,0.000179283,8200000,110000,0.712211155
C1698,65,460,2,0.997826087,0,3,155,460,0,0,1,0,0,0,0,0,0,0.336956522,0,0,0,0,1,0,0,1,1,0,0,0,0,0,0,0,0,0.07061753,0.057549801,0.08687251,0.072569721,0.000179283,12864000,156705,0.712211155
C1866,135,338,2,0.99704142,0,3,235,338,0,0,0.683431953,0.316568047,0,0,0,0,0,0.695266272,0,0,0,1,0,0,1,0,0,0,0,0,0,0,0,0,0,0.07061753,0.057549801,0.08687251,0.072569721,0.000179283,11421000,102215,0.712211155
C1005,376,1144,13,0.986013986,0,8,950,1144,0,0,0,0,1,0,0,0,0,0.83041958,0,0,0,1,0,0,1,0,0,0,0,0,0,0,0,0,0,0.072622328,0.067302815,0.07929914,0.069167386,0.000219361,16348000,210900,0.71138897
C1004,93,521,13,0.994241843,0,2,153,521,0.005758157,0.015355086,0.975047985,0,0.001919386,0,0,0,0.001919386,0.293666027,0,0,0,0,1,0,0,1,1,0,0,0,0,0,0,0,0,0.072622328,0.067302815,0.07929914,0.069167386,0.000219361,5787000,89220,0.71138897
C1875,209,1003,13,0.995014955,0,8,192,1003,0.002991027,0.843469591,0.151545364,0,0.000997009,0,0,0,0.000997009,0.191425723,0,0,0,0,1,0,0,1,1,0,0,0,0,0,0,0,0,0.072622328,0.067302815,0.07929914,0.069167386,0.000219361,9483000,78990,0.71138897
C2156,204,306,13,1,0,1,246,305,0,0,0.784313725,0,0.212418301,0,0,0,0,0.803921569,0,0,0,1,0,0,1,0,0,0,0,0,0,0,0,0,0,0.072622328,0.067302815,0.07929914,0.069167386,0.000219361,11147000,90410,0.71138897
C2212,86,697,0,1,0,4,128,697,0,0.427546628,0.56527977,0,0,0.005738881,0,0,0.00143472,0.183644189,0,0,0,0,1,0,0,1,1,0,0,0,0,0,0,0,0,0.063157012,0.054321402,0.087266326,0.072177048,0.000318551,8929000,144820,0.722759695
C2401,19,213,0,0.901408451,0,3,164,213,0,0,0.305164319,0.488262911,0.20657277,0,0,0,0,0.769953052,0,0,0,1,0,0,1,0,0,1,0,0,0,0,0,0,0,0.063157012,0.054321402,0.087266326,0.072177048,0.000318551,25964000,72660,0.722759695
C2571,62,481,2,0.98960499,0,1,65,481,0,0.972972973,0.024948025,0,0,0,0,0,0.002079002,0.135135135,0,0,0,0,1,0,0,1,1,0,0,0,0,0,0,0,0,0.07061753,0.057549801,0.08687251,0.072569721,0.000179283,6931000,92900,0.712211155
C1175,430,468,13,0.967948718,0,2,477,468,0,0,0,0.423076923,0.576923077,0,0,0,0,1.019230769,0,0,0,1,0,0,1,0,0,0,0,0,0,0,0,0,0,0.072622328,0.067302815,0.07929914,0.069167386,0.000219361,26258000,160100,0.71138897
C1833,1001,1364,12,0.986070381,0,5,1505,1364,0,0,0.58797654,0.250733138,0.161290323,0,0,0,0,1.103372434,0,0,0,1,0,0,1,0,0,0,0,0,0,0,0,0,0,0.069666598,0.048026181,0.088402536,0.068930252,0.000368173,15620000,123750,0.724606245
C2445,334,800,14,0.98,0,4,671,800,0,0,0.6525,0.16875,0.17875,0,0,0,0,0.83875,0,0,0,1,0,0,1,0,0,0,0,0,0,0,0,0,0,0.064936655,0.056625252,0.082746802,0.074276271,0.000257054,15620000,141770,0.721157947
C1885,616,830,10,0.98313253,0,4,802,830,0,0,0.6,0.4,0,0,0,0,0,0.96626506,0,0,0,1,0,0,1,0,0,0,0,0,0,0,0,0,0,0.07033852,0.053470531,0.079965535,0.0777949,0.000149128,14418000,100920,0.718281387
C2368,548,775,10,0.987096774,0,4,738,775,0,0,0.6,0,0.4,0,0,0,0,0.952258065,0,0,0,1,0,0,1,0,0,0,0,0,0,0,0,0,0,0.07033852,0.053470531,0.079965535,0.0777949,0.000149128,14418000,100920,0.718281387
C2016,220,261,14,0.942528736,0,2,198,261,0,0,0.490421456,0.509578544,0,0,0,0,0,0.75862069,0,0,0,1,0,0,1,0,0,0,0,0,0,0,0,0,0,0.064936655,0.056625252,0.082746802,0.074276271,0.000257054,12234000,103875,0.721157947
C2371,451,474,3,0.957805907,0,1,374,474,0,0,0.556962025,0.345991561,0.097046414,0,0,0,0,0.789029536,0,0,0,1,0,0,1,0,0,0,0,0,0,0,0,0,0,0.067859253,0.049572015,0.087149472,0.072145968,0.000233571,17302000,108130,0.723039681
C2536,47,72,11,0.902777778,0,1,54,72,0,0,0.666666667,0.333333333,0,0,0,0,0,0.75,0,0,0,1,0,0,1,0,0,0,0,0,0,0,0,0,0,0.070322283,0.046595927,0.081407764,0.074382126,0.000158176,9074000,50400,0.727133743
C2538,799,1473,1,0.991174474,0,3,1299,1473,0,0.127630686,0.479293958,0.200950441,0.192124915,0,0,0,0,0.881873727,0,0,0,1,0,0,1,0,0,0,0,1,1,0,0,0,0,0.059894048,0.068704398,0.077344944,0.064858538,0.000290351,39668000,311110,0.728907719
C1014,708,996,11,0.99497992,0,2,823,996,0,0,0.518072289,0.281124498,0.200803213,0,0,0,0,0.826305221,0,0,0,1,0,0,1,0,0,0,0,0,0,0,0,0,0,0.070322283,0.046595927,0.081407764,0.074382126,0.000158176,21628000,150190,0.727133743
C1592,739,870,0,0.985057471,0,5,763,870,0,0,0.606896552,0.236781609,0.156321839,0,0,0,0,0.877011494,0,0,0,1,0,0,1,0,0,0,0,0,0,0,0,0,0,0.063157012,0.054321402,0.087266326,0.072177048,0.000318551,12387000,172190,0.722759695
C1867,374,678,2,0.961651917,0,2,579,678,0,0,0.669616519,0.123893805,0.206489676,0,0,0,0,0.853982301,0,0,0,1,0,0,1,0,0,0,0,0,0,0,0,0,0,0.07061753,0.057549801,0.08687251,0.072569721,0.000179283,9972000,100920,0.712211155
C2326,557,632,14,0.976265823,0,4,478,632,0,0,0.724683544,0.275316456,0,0,0,0,0,0.756329114,0,0,0,1,0,0,1,0,0,0,0,0,0,0,0,0,0,0.064936655,0.056625252,0.082746802,0.074276271,0.000257054,13216000,114140,0.721157947
C1015,579,961,7,0.970863684,0,3,928,961,0,0,0.494276795,0.395421436,0.110301769,0,0,0,0,0.96566077,0,0,0,1,0,0,1,0,0,0,0,0,0,0,0,0,0,0.057233413,0.048866037,0.082899,0.068854768,0.000267643,15583000,140810,0.741879163
C1620,1101,1232,4,0.982142857,0,4,1181,1232,0,0,0.575487013,0.424512987,0,0,0,0,0,0.958603896,0,0,0,1,0,0,1,0,0,0,0,0,0,0,0,0,0,0.066875166,0.064416056,0.07990214,0.067442652,0.000353103,25233000,141770,0.721010872
C1049,762,676,4,0.973372781,0,3,658,676,0,0,0.575443787,0,0.424556213,0,0,0,0,0.973372781,0,0,0,1,0,0,1,0,0,0,0,0,0,0,0,0,0,0.066875166,0.064416056,0.07990214,0.067442652,0.000353103,31242000,175410,0.721010872
C2000,795,1300,2,0.983846154,0,2,1082,1300,0,0,0.346153846,0.538461538,0.115384615,0,0,0,0,0.832307692,0,0,0,1,0,0,1,0,0,0,0,0,0,0,0,0,0,0.07061753,0.057549801,0.08687251,0.072569721,0.000179283,19225000,169420,0.712211155
C2097,995,998,3,0.970941884,0,2,1240,998,0,0,0.552104208,0.359719439,0.088176353,0,0,0,0,1.24248497,0,0,0,1,0,0,1,0,0,1,0,0,0,0,0,0,0,0.067859253,0.049572015,0.087149472,0.072145968,0.000233571,16737000,110790,0.723039681
C1668,288,493,10,0.985801217,0,4,421,493,0,0,0.448275862,0.30831643,0.243407708,0,0,0,0,0.853955375,0,0,0,1,0,0,1,0,0,0,0,0,0,0,0,0,0,0.07033852,0.053470531,0.079965535,0.0777949,0.000149128,9611000,75690,0.718281387
C1689,960,1117,1,0.996418979,1,3,985,1117,0,0.166517457,0.397493286,0.303491495,0.132497762,0,0,0,0,0.881826321,0,0,0,1,0,0,1,0,0,0,0,0,0,0,0,0,0,0.059894048,0.068704398,0.077344944,0.064858538,0.000290351,42909000,291970,0.728907719
C1234,311,307,0,0.996742671,0,2,219,307,0,0,0,0,1,0,0,0,0,0.713355049,0,0,0,1,0,0,1,0,0,0,0,0,0,0,0,0,0,0.063157012,0.054321402,0.087266326,0.072177048,0.000318551,23830000,153765,0.722759695
C2514,648,501,2,0.98003992,0,1,405,501,0,0,0,0.447105788,0.552894212,0,0,0,0,0.808383234,0,0,0,1,0,0,1,0,0,0,0,0,0,0,0,0,0,0.07061753,0.057549801,0.08687251,0.072569721,0.000179283,15483500,149870,0.712211155
C1368,861,896,3,0.967633929,0,10,900,896,0,0,0.196428571,0.200892857,0.602678571,0,0,0,0,1.004464286,0,0,0,1,0,0,1,0,0,0,0,0,0,0,0,0,0,0.067859253,0.049572015,0.087149472,0.072145968,0.000233571,20847500,176635,0.723039681
C1057,521,521,3,0.953934741,0,4,521,521,0,0,0.257197697,0.259117083,0.483685221,0,0,0,0,1,0,0,0,1,0,0,1,0,0,0,0,0,0,0,0,0,0,0.067859253,0.049572015,0.087149472,0.072145968,0.000233571,20847500,176635,0.723039681
C2336,562,458,3,0.971615721,0,2,399,458,0,0,0.375545852,0.502183406,0.122270742,0,0,0,0,0.871179039,0,0,0,1,0,0,1,0,0,0,0,0,0,0,0,0,0,0.067859253,0.049572015,0.087149472,0.072145968,0.000233571,19787000,134300,0.723039681
C1026,422,290,3,0.965517241,0,2,205,290,0,0,0,0,1,0,0,0,0,0.706896552,0,0,0,1,0,0,1,0,0,0,0,0,0,0,0,0,0,0.067859253,0.049572015,0.087149472,0.072145968,0.000233571,24147500,109280,0.723039681
C2256,344,409,2,0.982885086,0,1,316,409,0,0.215158924,0.320293399,0.322738386,0.141809291,0,0,0,0,0.772616137,0,0,0,1,0,0,1,0,0,0,0,0,0,0,0,0,0,0.07061753,0.057549801,0.08687251,0.072569721,0.000179283,15590000,136710,0.712211155
C1900,596,586,11,0.996587031,0,2,472,586,0,0,0.402730375,0.351535836,0.245733788,0,0,0,0,0.805460751,0,0,0,1,0,0,1,0,0,0,0,0,0,0,0,0,0,0.070322283,0.046595927,0.081407764,0.074382126,0.000158176,17477000,106090,0.727133743
C2666,701,1084,7,0.978782288,0,1,837,1084,0,0,0.422509225,0.577490775,0,0,0,0,0,0.772140221,0,0,0,1,0,0,1,0,0,0,0,0,0,0,0,0,0,0.057233413,0.048866037,0.082899,0.068854768,0.000267643,18890500,133145,0.741879163
C2361,1117,1174,1,0.992333901,0,4,1026,1174,0,0,0.359454855,0.325383305,0.31516184,0,0,0,0,0.873935264,0,0,0,1,0,0,1,0,0,0,0,0,1,0,0,0,0,0.059894048,0.068704398,0.077344944,0.064858538,0.000290351,37454000,259660,0.728907719
C1642,297,270,10,0.948148148,0,6,222,270,0,0,0.444444444,0.555555556,0,0,0,0,0,0.822222222,0,0,0,1,0,0,1,0,0,0,0,0,0,0,0,0,0,0.07033852,0.053470531,0.079965535,0.0777949,0.000149128,17477000,107200,0.718281387
C1013,1665,1308,4,0.987767584,0,6,1119,1308,0,0,0.222477064,0.578746177,0.198776758,0,0,0,0,0.855504587,0,0,0,1,0,0,1,0,0,0,0,0,0,0,0,0,0,0.066875166,0.064416056,0.07990214,0.067442652,0.000353103,24665000,135960,0.721010872
C2232,248,355,4,0.963380282,0,3,354,355,0,0,0.321126761,0.270422535,0.408450704,0,0,0,0,0.997183099,0,0,0,1,0,0,1,0,0,0,0,0,0,0,0,0,0,0.066875166,0.064416056,0.07990214,0.067442652,0.000353103,22297000,121945,0.721010872
C1973,457,384,4,0.9609375,0,3,384,384,0,0,0.21875,0,0.78125,0,0,0,0,1,0,0,0,1,0,0,1,0,0,0,0,0,0,0,0,0,0,0.066875166,0.064416056,0.07990214,0.067442652,0.000353103,19819000,110110,0.721010872
C2458,910,853,4,0.967174678,0,3,853,853,0,0,0,0.645955451,0.354044549,0,0,0,0,1,0,0,0,1,0,0,1,0,0,1,0,0,0,0,0,0,0,0.066875166,0.064416056,0.07990214,0.067442652,0.000353103,78080000,40670,0.721010872
C2574,826,996,4,0.985943775,0,6,895,996,0,0,0.445783133,0.391566265,0.162650602,0,0,0,0,0.898594378,0,0,0,1,0,0,1,0,0,0,0,0,0,0,0,0,0,0.066875166,0.064416056,0.07990214,0.067442652,0.000353103,26217000,142310,0.721010872
C2133,328,355,4,0.971830986,0,3,330,355,0,0,0.36056338,0.402816901,0.236619718,0,0,0,0,0.929577465,0,0,0,1,0,0,1,0,0,0,0,0,0,0,0,0,0,0.066875166,0.064416056,0.07990214,0.067442652,0.000353103,26217000,142310,0.721010872
C2096,525,492,4,0.977642276,0,2,347,492,0,0,0.504065041,0.495934959,0,0,0,0,0,0.705284553,0,0,0,1,0,0,1,0,0,0,0,0,0,0,0,0,0,0.066875166,0.064416056,0.07990214,0.067442652,0.000353103,13022000,81540,0.721010872
C2010,690,861,4,0.982578397,0,3,608,861,0,0,0.578397213,0.421602787,0,0,0,0,0,0.706155633,0,0,0,1,0,0,1,0,0,0,0,0,0,0,0,0,0,0.066875166,0.064416056,0.07990214,0.067442652,0.000353103,16140000,85760,0.721010872
C1879,713,711,4,0.983122363,0,2,573,711,0,0,0,0.499296765,0.500703235,0,0,0,0,0.805907173,0,0,0,1,0,0,1,0,0,0,0,0,0,0,0,0,0,0.066875166,0.064416056,0.07990214,0.067442652,0.000353103,19819000,110850,0.721010872
C1131,1019,901,4,0.988901221,0,7,668,901,0,0,0,0,1,0,0,0,0,0.741398446,0,0,0,1,0,0,1,0,0,0,0,0,0,0,0,0,0,0.066875166,0.064416056,0.07990214,0.067442652,0.000353103,20645000,187660,0.721010872
C1468,810,815,4,0.979141104,0,1,574,815,0,0,0.617177914,0.382822086,0,0,0,0,0,0.704294479,0,0,0,1,0,0,1,0,0,0,0,0,0,0,0,0,0,0.066875166,0.064416056,0.07990214,0.067442652,0.000353103,16852000,95960,0.721010872
C1213,148,312,11,0.974358974,0,6,224,312,0,0,0.567307692,0.432692308,0,0,0,0,0,0.717948718,0,0,0,1,0,0,1,0,0,0,0,0,0,0,0,0,0,0.070322283,0.046595927,0.081407764,0.074382126,0.000158176,15847500,91730,0.727133743
C1173,609,571,13,0.987740806,0,2,483,571,0,0,0.171628722,0.702276708,0.126094571,0,0,0,0,0.845884413,0,0,0,1,0,0,1,0,0,0,0,0,0,0,0,0,0,0.072622328,0.067302815,0.07929914,0.069167386,0.000219361,18726000,149810,0.71138897
C2492,585,594,3,0.961279461,0,5,480,594,0,0,0.202020202,0,0.797979798,0,0,0,0,0.808080808,0,0,0,1,0,0,1,0,0,0,0,0,0,0,0,0,0,0.067859253,0.049572015,0.087149472,0.072145968,0.000233571,18101000,127320,0.723039681
C2032,1162,944,2,0.975635593,0,1,958,944,0,0,0,0,1,0,0,0,0,1.014830508,0,0,0,1,0,0,1,0,0,0,0,0,0,0,0,0,0,0.07061753,0.057549801,0.08687251,0.072569721,0.000179283,31210000,187260,0.712211155
C2094,318,410,2,0.96097561,0,15,402,410,0,0,0.543902439,0.456097561,0,0,0,0,0,0.980487805,0,0,0,1,0,0,1,0,0,0,0,0,0,0,0,0,0,0.07061753,0.057549801,0.08687251,0.072569721,0.000179283,14742000,107060,0.712211155
C1880,761,635,2,0.976377953,0,15,508,635,0,0,0,0,1,0,0,0,0,0.8,0,0,0,1,0,0,1,0,0,0,0,0,0,0,0,0,0,0.07061753,0.057549801,0.08687251,0.072569721,0.000179283,22628000,131980,0.712211155
C2089,572,962,2,0.971933472,0,1,873,962,0,0,0.491683992,0.134095634,0.374220374,0,0,0,0,0.907484407,0,0,0,1,0,0,1,0,0,0,0,0,0,0,0,0,0,0.07061753,0.057549801,0.08687251,0.072569721,0.000179283,16722000,130060,0.712211155
C1744,979,822,1,0.984184915,0,2,827,822,0,0,0,0,1,0,0,0,0,1.006082725,0,0,0,1,0,0,1,0,0,0,0,0,0,0,0,0,0,0.059894048,0.068704398,0.077344944,0.064858538,0.000290351,28214000,194210,0.728907719
C2046,1306,1129,1,0.991142604,0,4,1137,1129,0,0,0,0.395039858,0.604960142,0,0,0,0,1.007085917,0,0,0,1,0,0,1,0,0,0,0,0,0,0,0,0,0,0.059894048,0.068704398,0.077344944,0.064858538,0.000290351,23970000,200055,0.728907719
C2071,1398,1479,1,0.985801217,0,3,1488,1479,0,0,0.179851251,0.53617309,0.283975659,0,0,0,0,1.006085193,0,0,0,1,0,0,1,0,0,0,0,0,0,0,0,0,0,0.059894048,0.068704398,0.077344944,0.064858538,0.000290351,21555000,179620,0.728907719
C2635,442,330,1,0.996969697,0,3,259,330,0,0,0,0,1,0,0,0,0,0.784848485,0,0,0,1,0,0,1,0,0,0,0,0,0,0,0,0,0,0.059894048,0.068704398,0.077344944,0.064858538,0.000290351,35455000,296720,0.728907719
C2390,422,386,1,0.989637306,0,4,299,386,0,0,0,0,1,0,0,0,0,0.774611399,0,0,0,1,0,0,1,0,0,0,0,0,0,0,0,0,0,0.059894048,0.068704398,0.077344944,0.064858538,0.000290351,32146500,269150,0.728907719
C2561,441,456,1,0.984649123,1,4,399,456,0,0,0.263157895,0.263157895,0.473684211,0,0,0,0,0.875,0,0,0,1,0,0,1,0,0,0,0,0,0,0,0,0,0,0.059894048,0.068704398,0.077344944,0.064858538,0.000290351,18301000,207140,0.728907719
C1663,700,642,6,0.995327103,1,5,567,642,0,0,0,0,1,0,0,0,0,0.88317757,0,0,0,1,0,0,1,0,0,0,0,0,0,0,0,0,0,0.064246782,0.066847799,0.085750733,0.068819271,0.000298206,17362000,231540,0.714037243
C2490,340,302,5,0.986754967,0,2,217,302,0,0,0,0,1,0,0,0,0,0.718543046,0,0,0,1,0,0,1,0,0,0,0,0,0,0,0,0,0,0.06825098,0.071206515,0.09289139,0.072399676,0.000218929,24639000,216870,0.695032511
C1585,718,705,5,0.982978723,1,3,502,705,0,0,0.417021277,0.582978723,0,0,0,0,0,0.712056738,0,0,0,1,0,0,1,0,0,0,0,0,0,0,0,0,0,0.06825098,0.071206515,0.09289139,0.072399676,0.000218929,21657500,181760,0.695032511
C2276,1159,1072,6,0.983208955,0,4,894,1072,0,0,0,0,1,0,0,0,0,0.833955224,0,0,0,1,0,0,1,0,0,0,0,0,0,0,0,0,0,0.064246782,0.066847799,0.085750733,0.068819271,0.000298206,17704000,165640,0.714037243
C1155,373,375,6,0.976,1,10,454,375,0,0,0,0,1,0,0,0,0,1.210666667,0,0,0,1,0,0,1,0,0,0,0,0,0,0,0,0,0,0.064246782,0.066847799,0.085750733,0.068819271,0.000298206,33448000,192000,0.714037243
C1693,1087,853,6,0.976553341,0,6,862,853,0,0,0,0.146541618,0.853458382,0,0,0,0,1.010550996,0,0,0,1,0,0,1,0,0,0,0,0,0,0,0,0,0,0.064246782,0.066847799,0.085750733,0.068819271,0.000298206,31210000,187260,0.714037243
C1889,808,1018,1,0.986247544,0,2,788,1018,0,0,0.173870334,0.176817289,0.649312377,0,0,0,0,0.774066798,0,0,0,1,0,0,1,0,0,0,0,0,0,0,0,0,0,0.059894048,0.068704398,0.077344944,0.064858538,0.000290351,16652000,113375,0.728907719
C2518,305,341,0,0.967741935,0,2,240,341,0,0,0,0,1,0,0,0,0,0.703812317,0,0,0,1,0,0,1,0,0,0,0,0,0,0,0,0,0,0.063157012,0.054321402,0.087266326,0.072177048,0.000318551,21419500,181735,0.722759695
C1962,401,416,0,0.978365385,0,3,296,416,0,0,0,0,1,0,0,0,0,0.711538462,0,0,0,1,0,0,1,0,0,0,0,0,0,0,0,0,0,0.063157012,0.054321402,0.087266326,0.072177048,0.000318551,20970000,200800,0.722759695
C1666,465,708,10,0.971751412,0,4,638,708,0,0,0.394067797,0.394067797,0.211864407,0,0,0,0,0.901129944,0,0,0,1,0,0,1,0,0,0,0,0,0,0,0,0,0,0.07033852,0.053470531,0.079965535,0.0777949,0.000149128,17989000,124030,0.718281387
C1537,669,662,13,0.974320242,0,3,546,662,0,0,0,0,1,0,0,0,0,0.824773414,0,0,0,1,0,0,1,0,0,0,0,0,0,0,0,0,0,0.072622328,0.067302815,0.07929914,0.069167386,0.000219361,26642000,118820,0.71138897
C1329,554,1002,7,0.97005988,0,2,775,1002,0,0,0.385229541,0.506986028,0.107784431,0,0,0,0,0.773453094,0,0,0,1,0,0,1,0,0,0,0,0,0,0,0,0,0,0.057233413,0.048866037,0.082899,0.068854768,0.000267643,19343000,144180,0.741879163
C1762,460,462,11,0.991341991,0,2,325,462,0,0,0,0,1,0,0,0,0,0.703463203,0,0,0,1,0,0,1,0,0,0,0,0,0,0,0,0,0,0.070322283,0.046595927,0.081407764,0.074382126,0.000158176,18726000,104840,0.727133743
C2008,548,781,1,0.991037132,2,5,663,781,0,0,0.340588988,0.317541613,0.341869398,0,0,0,0,0.848911652,0,0,0,1,0,0,1,0,0,0,0,0,0,0,0,0,0,0.059894048,0.068704398,0.077344944,0.064858538,0.000290351,23473000,238740,0.728907719
C1319,398,496,2,0.967741935,0,1,428,496,0,0.165322581,0.411290323,0.165322581,0.258064516,0,0,0,0,0.862903226,0,0,0,1,0,0,1,0,0,0,0,0,0,0,0,0,0,0.07061753,0.057549801,0.08687251,0.072569721,0.000179283,13731000,122955,0.712211155
C1141,620,630,2,0.955555556,0,2,637,630,0,0,0.3,0.252380952,0.447619048,0,0,0,0,1.011111111,0,0,0,1,0,0,1,0,0,0,0,0,0,0,0,0,0,0.07061753,0.057549801,0.08687251,0.072569721,0.000179283,13909000,98630,0.712211155
C1929,413,492,13,0.961382114,0,4,426,492,0,0,0.365853659,0.300813008,0.333333333,0,0,0,0,0.865853659,0,0,0,1,0,0,1,0,0,0,0,0,0,0,0,0,0,0.072622328,0.067302815,0.07929914,0.069167386,0.000219361,17962000,148630,0.71138897
C1681,520,534,1,0.983146067,0,7,465,534,0,0,0.421348315,0.411985019,0.166666667,0,0,0,0,0.870786517,0,0,0,1,0,0,1,0,0,0,0,0,0,0,0,0,0,0.059894048,0.068704398,0.077344944,0.064858538,0.000290351,34810000,257660,0.728907719
C1184,488,458,1,0.991266376,0,3,403,458,0,0,0.441048035,0.454148472,0.104803493,0,0,0,0,0.879912664,0,0,0,1,0,0,1,0,0,0,0,0,0,0,0,0,0,0.059894048,0.068704398,0.077344944,0.064858538,0.000290351,34810000,257660,0.728907719
C2383,832,762,1,0.981627297,0,3,661,762,0,0,0.364829396,0.380577428,0.254593176,0,0,0,0,0.867454068,0,0,0,1,0,0,1,0,0,0,0,0,0,0,0,0,0,0.059894048,0.068704398,0.077344944,0.064858538,0.000290351,34810000,257660,0.728907719
C1579,1158,1005,1,0.988059701,0,2,882,1005,0,0,0.347263682,0.342288557,0.310447761,0,0,0,0,0.87761194,0,0,0,1,0,0,1,0,0,0,0,0,0,0,0,0,0,0.059894048,0.068704398,0.077344944,0.064858538,0.000290351,34810000,257660,0.728907719
C2173,745,775,1,0.99483871,1,2,665,775,0,0,0.317419355,0.433548387,0.249032258,0,0,0,0,0.858064516,0,0,0,1,0,0,1,0,0,0,0,0,0,0,0,0,0,0.059894048,0.068704398,0.077344944,0.064858538,0.000290351,40880000,277480,0.728907719
C1911,831,890,7,0.976404494,1,2,985,890,0,0,0,0,1,0,0,0,0,1.106741573,0,0,0,1,0,0,1,0,0,0,0,0,0,0,0,0,0,0.057233413,0.048866037,0.082899,0.068854768,0.000267643,28491000,235360,0.741879163
C1638,413,494,11,0.979757085,0,6,358,494,0,0,0,0.143724696,0.856275304,0,0,0,0,0.724696356,0,0,0,1,0,0,1,0,0,0,0,0,0,0,0,0,0,0.070322283,0.046595927,0.081407764,0.074382126,0.000158176,20122000,98640,0.727133743
C2412,487,571,10,0.982486865,0,2,492,571,0,0,0.567425569,0.30647986,0.126094571,0,0,0,0,0.861646235,0,0,0,1,0,0,1,0,0,0,0,0,0,0,0,0,0,0.07033852,0.053470531,0.079965535,0.0777949,0.000149128,22895000,138570,0.718281387
C1871,408,550,10,0.972727273,0,4,385,550,0,0,0.394545455,0.605454545,0,0,0,0,0,0.7,0,0,0,1,0,0,1,0,0,0,0,0,0,0,0,0,0,0.07033852,0.053470531,0.079965535,0.0777949,0.000149128,12972000,78885,0.718281387
C1309,446,383,10,0.960835509,0,4,385,383,0,0,0.227154047,0.537859008,0.234986945,0,0,0,0,1.005221932,0,0,0,1,0,0,1,0,0,0,0,0,0,0,0,0,0,0.07033852,0.053470531,0.079965535,0.0777949,0.000149128,18726000,100690,0.718281387
C1527,1150,996,3,0.976907631,0,4,834,996,0,0,0,0.345381526,0.654618474,0,0,0,0,0.837349398,0,0,0,1,0,0,1,0,0,0,0,0,0,0,0,0,0,0.067859253,0.049572015,0.087149472,0.072145968,0.000233571,19204000,154270,0.723039681
C2208,840,882,1,0.98185941,0,2,755,882,0,0,0.348072562,0.495464853,0.156462585,0,0,0,0,0.85600907,0,0,0,1,0,0,1,0,0,0,0,0,0,0,0,0,0,0.059894048,0.068704398,0.077344944,0.064858538,0.000290351,31958000,217210,0.728907719
C1940,709,615,1,0.97398374,0,2,527,615,0,0,0.185365854,0.606504065,0.208130081,0,0,0,0,0.856910569,0,0,0,1,0,0,1,0,0,0,0,0,0,0,0,0,0,0.059894048,0.068704398,0.077344944,0.064858538,0.000290351,31711000,215550,0.728907719
C2596,480,470,1,0.968085106,1,7,405,470,0,0,0.238297872,0.610638298,0.15106383,0,0,0,0,0.861702128,0,0,0,1,0,0,1,0,0,0,0,0,0,0,0,0,0,0.059894048,0.068704398,0.077344944,0.064858538,0.000290351,31958000,217210,0.728907719
C2227,505,477,1,0.981132075,0,8,413,477,0,0,0.392033543,0.368972746,0.238993711,0,0,0,0,0.865828092,0,0,0,1,0,0,1,0,0,0,0,0,0,0,0,0,0,0.059894048,0.068704398,0.077344944,0.064858538,0.000290351,31711000,215550,0.728907719
C2563,449,496,1,0.981854839,0,2,425,496,0,0,0.584677419,0.415322581,0,0,0,0,0,0.856854839,0,0,0,1,0,0,1,0,0,0,0,0,0,0,0,0,0,0.059894048,0.068704398,0.077344944,0.064858538,0.000290351,14614500,171570,0.728907719
C2358,1010,1260,2,0.980952381,0,8,941,1260,0,0,0.43968254,0.56031746,0,0,0,0,0,0.746825397,0,0,0,1,0,0,1,0,0,0,0,0,0,0,0,0,0,0.07061753,0.057549801,0.08687251,0.072569721,0.000179283,20121000,127200,0.712211155
C1492,296,390,1,0.961538462,0,2,334,390,0,0,0.705128205,0.294871795,0,0,0,0,0,0.856410256,0,0,0,1,0,0,1,0,0,0,0,0,0,0,0,0,0,0.059894048,0.068704398,0.077344944,0.064858538,0.000290351,13979000,78780,0.728907719
C1601,308,330,1,0.960606061,0,4,335,330,0,0,0,0.372727273,0.627272727,0,0,0,0,1.015151515,0,0,0,1,0,0,1,0,0,0,0,0,0,0,0,0,0,0.059894048,0.068704398,0.077344944,0.064858538,0.000290351,22793000,155340,0.728907719
C1687,349,773,1,0.966364812,0,3,779,773,0,0,0.450194049,0.549805951,0,0,0,0,0,1.007761966,0,0,0,1,0,0,1,0,0,0,0,0,0,0,0,0,0,0.059894048,0.068704398,0.077344944,0.064858538,0.000290351,22173000,151110,0.728907719
C1236,657,1124,1,0.974199288,0,2,1129,1124,0,0,0.225978648,0.774021352,0,0,0,0,0,1.004448399,0,0,0,1,0,0,1,0,0,0,0,0,0,0,0,0,0,0.059894048,0.068704398,0.077344944,0.064858538,0.000290351,22173000,151110,0.728907719
C1487,505,550,1,0.972727273,0,8,448,550,0,0,0,0,1,0,0,0,0,0.814545455,0,0,0,1,0,0,1,0,0,0,0,0,0,0,0,0,0,0.059894048,0.068704398,0.077344944,0.064858538,0.000290351,25592500,141510,0.728907719
C1379,294,324,1,0.969135802,0,2,270,324,0,0,0.62962963,0.37037037,0,0,0,0,0,0.833333333,0,0,0,1,0,0,1,0,0,0,0,0,0,0,0,0,0,0.059894048,0.068704398,0.077344944,0.064858538,0.000290351,19819000,136250,0.728907719
C1386,1145,1497,10,0.98997996,0,5,1100,1497,0,0,0.561790247,0.438209753,0,0,0,0,0,0.734802939,0,0,0,1,0,0,1,0,0,0,0,0,0,0,0,0,0,0.07033852,0.053470531,0.079965535,0.0777949,0.000149128,12392000,73320,0.718281387
C1656,257,531,10,0.986817326,0,2,480,531,0,0,0.195856874,0.472693032,0.331450094,0,0,0,0,0.903954802,0,0,0,1,0,0,1,0,0,0,0,0,0,0,0,0,0,0.07033852,0.053470531,0.079965535,0.0777949,0.000149128,16102000,113950,0.718281387
C2526,321,355,3,0.954929577,0,2,291,355,0,0,0.25915493,0,0.74084507,0,0,0,0,0.81971831,0,0,0,1,0,0,1,0,0,0,0,0,0,0,0,0,0,0.067859253,0.049572015,0.087149472,0.072145968,0.000233571,17228000,117330,0.723039681
C1022,450,389,1,0.989717224,0,4,352,389,0,0,0,1,0,0,0,0,0,0.904884319,0,0,0,1,0,0,1,0,0,0,0,0,0,0,0,0,0,0.059894048,0.068704398,0.077344944,0.064858538,0.000290351,24665000,221980,0.728907719
C1896,845,712,1,0.995786517,0,2,658,712,0,0,0.353932584,0.446629213,0.199438202,0,0,0,0,0.924157303,0,0,0,1,0,0,1,0,0,0,0,0,0,0,0,0,0,0.059894048,0.068704398,0.077344944,0.064858538,0.000290351,24665000,221980,0.728907719
C1269,643,561,1,0.998217469,0,3,572,561,0,0,0.272727273,0.278074866,0.449197861,0,0,0,0,1.019607843,0,0,0,1,0,0,1,0,0,0,0,0,0,0,0,0,0,0.059894048,0.068704398,0.077344944,0.064858538,0.000290351,19953000,193180,0.728907719
C1916,752,816,1,0.99754902,1,4,822,816,0,0,0.341911765,0.335784314,0.322303922,0,0,0,0,1.007352941,0,0,0,1,0,0,1,0,0,0,0,0,0,0,0,0,0,0.059894048,0.068704398,0.077344944,0.064858538,0.000290351,20971000,202070,0.728907719
C2070,735,898,1,0.993318486,0,3,909,898,0,0,0.269487751,0.260579065,0.469933185,0,0,0,0,1.012249443,0,0,0,1,0,0,1,0,0,0,0,0,0,0,0,0,0,0.059894048,0.068704398,0.077344944,0.064858538,0.000290351,21420000,206410,0.728907719
C1967,639,581,1,0.989672978,0,3,530,581,0,0,0.409638554,0.590361446,0,0,0,0,0,0.91222031,0,0,0,1,0,0,1,0,0,0,0,0,0,0,0,0,0,0.059894048,0.068704398,0.077344944,0.064858538,0.000290351,17395000,201730,0.728907719
C2021,902,851,1,0.991774383,0,3,771,851,0,0,0.26439483,0.407755582,0.327849589,0,0,0,0,0.905992949,0,0,0,1,0,0,1,0,0,0,0,0,0,0,0,0,0,0.059894048,0.068704398,0.077344944,0.064858538,0.000290351,15729000,188260,0.728907719
C1143,632,693,1,0.995670996,1,11,717,693,0,0,0.656565657,0.343434343,0,0,0,0,0,1.034632035,0,0,0,1,0,0,1,0,0,0,0,0,0,0,0,0,0,0.059894048,0.068704398,0.077344944,0.064858538,0.000290351,15250000,165200,0.728907719
C2188,125,136,1,0.977941176,0,2,136,136,0,0,1,0,0,0,0,0,0,1,0,0,0,1,0,0,1,0,0,0,0,0,0,0,0,0,0,0.059894048,0.068704398,0.077344944,0.064858538,0.000290351,19221000,175780,0.728907719
C2651,282,225,1,0.977777778,0,2,277,225,0,0,0.502222222,0.497777778,0,0,0,0,0,1.231111111,0,0,0,1,0,0,1,0,0,0,0,0,0,0,0,0,0,0.059894048,0.068704398,0.077344944,0.064858538,0.000290351,20779500,193180,0.728907719
C2657,782,866,1,0.991916859,0,4,692,866,0,0,0.27482679,0.535796767,0.189376443,0,0,0,0,0.799076212,0,0,0,1,0,0,1,0,0,0,0,0,0,0,0,0,0,0.059894048,0.068704398,0.077344944,0.064858538,0.000290351,34082000,232200,0.728907719
C2527,375,383,1,0.979112272,0,3,317,383,0,0,0.347258486,0.339425587,0.313315927,0,0,0,0,0.82767624,0,0,0,1,0,0,1,0,0,0,0,0,0,0,0,0,0,0.059894048,0.068704398,0.077344944,0.064858538,0.000290351,34082000,232200,0.728907719
C2262,540,720,9,0.958333333,0,4,581,720,0,0,0.344444444,0.259722222,0.395833333,0,0,0,0,0.806944444,0,0,0,1,0,0,1,0,0,0,0,0,0,0,0,0,0,0.074688623,0.052411602,0.084844939,0.067708769,8.36E-05,24775000,185810,0.720262478
C1084,226,280,3,0.992857143,0,2,280,280,0,0,0.342857143,0.485714286,0.171428571,0,0,0,0,1,0,0,0,1,0,0,1,0,0,0,0,0,0,0,0,0,0,0.067859253,0.049572015,0.087149472,0.072145968,0.000233571,16104000,109840,0.723039681
C2530,302,307,0,0.938110749,0,5,296,307,0,0,0.172638436,0.146579805,0.680781759,0,0,0,0,0.964169381,0,0,0,1,0,0,1,0,0,0,0,0,0,0,0,0,0,0.063157012,0.054321402,0.087266326,0.072177048,0.000318551,28491000,222970,0.722759695
C1046,156,232,0,0.961206897,0,4,195,232,0,0,0.75,0,0.25,0,0,0,0,0.840517241,0,0,0,1,0,0,1,0,0,0,0,0,0,0,0,0,0,0.063157012,0.054321402,0.087266326,0.072177048,0.000318551,13625000,161020,0.722759695
C1761,730,602,0,0.970099668,0,2,715,602,0,0,0.249169435,0.392026578,0.358803987,0,0,0,0,1.187707641,0,0,0,1,0,0,1,0,0,0,0,0,0,0,0,0,0,0.063157012,0.054321402,0.087266326,0.072177048,0.000318551,19661000,212840,0.722759695
C1102,417,522,0,0.959770115,0,7,525,522,0,0,0.344827586,0.482758621,0.172413793,0,0,0,0,1.005747126,0,0,0,1,0,0,1,0,0,0,0,0,0,0,0,0,0,0.063157012,0.054321402,0.087266326,0.072177048,0.000318551,17342000,208110,0.722759695
C2420,505,457,5,0.993435449,1,8,537,457,0,0,0.260393873,0.170678337,0.56892779,0,0,0,0,1.175054705,0,0,0,1,0,0,1,0,0,0,0,0,0,0,0,0,0,0.06825098,0.071206515,0.09289139,0.072399676,0.000218929,25468000,174770,0.695032511
C1122,1077,808,5,0.991336634,2,2,728,808,0,0,0.271039604,0.728960396,0,0,0,0,0,0.900990099,0,0,0,1,0,0,1,0,0,0,0,0,0,0,0,0,0,0.06825098,0.071206515,0.09289139,0.072399676,0.000218929,24093000,164770,0.695032511
C2042,757,712,5,0.981741573,2,7,641,712,0,0,0.181179775,0.818820225,0,0,0,0,0,0.900280899,0,0,0,1,0,0,1,0,0,0,0,0,0,0,0,0,0,0.06825098,0.071206515,0.09289139,0.072399676,0.000218929,24093000,164770,0.695032511
C1375,754,757,2,0.972258917,0,12,761,757,0,0,0,0.435931308,0.564068692,0,0,0,0,1.005284016,0,0,0,1,0,0,1,0,0,0,0,0,0,0,0,0,0,0.07061753,0.057549801,0.08687251,0.072569721,0.000179283,22471000,137310,0.712211155
C1410,815,356,14,0.971910112,0,3,550,356,0,0,0.584269663,0,0.415730337,0,0,0,0,1.54494382,0,0,0,1,0,0,1,0,0,0,0,0,0,0,0,0,0,0.064936655,0.056625252,0.082746802,0.074276271,0.000257054,9154000,76260,0.721157947
C1641,268,283,2,0.971731449,0,1,227,283,0,0,0.318021201,0.303886926,0.378091873,0,0,0,0,0.802120141,0,0,0,1,0,0,1,0,0,0,0,0,0,0,0,0,0,0.07061753,0.057549801,0.08687251,0.072569721,0.000179283,12980000,114225,0.712211155
C1706,362,467,1,0.985010707,1,5,403,467,0,0,0.34261242,0,0.65738758,0,0,0,0,0.862955032,0,0,0,1,0,0,1,0,0,0,0,0,0,0,0,0,0,0.059894048,0.068704398,0.077344944,0.064858538,0.000290351,29086000,249130,0.728907719
C1307,504,506,1,0.982213439,0,3,436,506,0,0,0.306324111,0.324110672,0.369565217,0,0,0,0,0.861660079,0,0,0,1,0,0,1,0,0,0,0,0,0,0,0,0,0,0.059894048,0.068704398,0.077344944,0.064858538,0.000290351,31834000,240930,0.728907719
C2601,281,243,1,0.971193416,0,3,214,243,0,0,0,0,1,0,0,0,0,0.880658436,0,0,0,1,0,0,1,0,0,0,0,0,0,0,0,0,0,0.059894048,0.068704398,0.077344944,0.064858538,0.000290351,41697000,284650,0.728907719
C1085,521,525,1,0.992380952,0,2,422,525,0,0,0.514285714,0.485714286,0,0,0,0,0,0.803809524,0,0,0,1,0,0,1,0,0,0,0,0,0,0,0,0,0,0.059894048,0.068704398,0.077344944,0.064858538,0.000290351,15776000,133610,0.728907719
C2385,552,445,1,0.991011236,0,4,404,445,0,0,0,0.539325843,0.460674157,0,0,0,0,0.907865169,0,0,0,1,0,0,1,0,0,0,0,0,0,0,0,0,0,0.059894048,0.068704398,0.077344944,0.064858538,0.000290351,27996000,191380,0.728907719
C1059,246,514,11,0.986381323,0,8,362,514,0,0,0.498054475,0.501945525,0,0,0,0,0,0.704280156,0,0,0,1,0,0,1,0,0,0,0,0,0,0,0,0,0,0.070322283,0.046595927,0.081407764,0.074382126,0.000158176,16954000,103410,0.727133743
C2162,347,374,11,0.981283422,0,1,281,374,0,0,0,0,1,0,0,0,0,0.751336898,0,0,0,1,0,0,1,0,0,0,0,0,0,0,0,0,0,0.070322283,0.046595927,0.081407764,0.074382126,0.000158176,18425000,102350,0.727133743
C1819,272,330,10,0.954545455,0,1,253,330,0,0,0,0,1,0,0,0,0,0.766666667,0,0,0,1,0,0,1,0,0,0,0,0,0,0,0,0,0,0.07033852,0.053470531,0.079965535,0.0777949,0.000149128,16213000,110960,0.718281387
C2325,293,378,11,0.992063492,0,1,265,378,0,0,0.312169312,0.465608466,0.222222222,0,0,0,0,0.701058201,0,0,0,1,0,0,1,0,0,0,0,0,0,0,0,0,0,0.070322283,0.046595927,0.081407764,0.074382126,0.000158176,15360000,85460,0.727133743
C2394,254,277,13,0.927797834,0,2,222,277,0,0,0.310469314,0.368231047,0.321299639,0,0,0,0,0.801444043,0,0,0,1,0,0,1,0,0,1,0,0,0,0,0,0,0,0.072622328,0.067302815,0.07929914,0.069167386,0.000219361,65856600,42300,0.71138897
C1133,842,856,11,0.988317757,0,3,777,856,0,0,0.41588785,0.455607477,0.128504673,0,0,0,0,0.90771028,0,0,0,1,0,0,1,0,0,0,0,0,0,0,0,0,0,0.070322283,0.046595927,0.081407764,0.074382126,0.000158176,22297000,130055,0.727133743
C1281,484,646,11,0.99380805,0,3,583,646,0,0,0.670278638,0.329721362,0,0,0,0,0,0.90247678,0,0,0,1,0,0,1,0,0,0,0,0,0,0,0,0,0,0.070322283,0.046595927,0.081407764,0.074382126,0.000158176,17342000,105280,0.727133743
C1194,585,511,12,0.994129159,0,4,413,511,0,0,0,0,1,0,0,0,0,0.808219178,0,0,0,1,0,0,1,0,0,0,0,0,0,0,0,0,0,0.069666598,0.048026181,0.088402536,0.068930252,0.000368173,18968000,209910,0.724606245
C2308,244,285,0,0.989473684,0,1,200,285,0,0,0,0,1,0,0,0,0,0.701754386,0,0,0,1,0,0,1,0,0,0,0,0,0,0,0,0,0,0.063157012,0.054321402,0.087266326,0.072177048,0.000318551,12646000,187150,0.722759695
C2036,258,256,0,0.9921875,0,1,199,256,0,0,0,0.6796875,0.3203125,0,0,0,0,0.77734375,0,0,0,1,0,0,1,0,0,0,0,0,0,0,0,0,0,0.063157012,0.054321402,0.087266326,0.072177048,0.000318551,17477000,106090,0.722759695
C1394,271,466,11,1,0,1,329,466,0,0,0.525751073,0.474248927,0,0,0,0,0,0.706008584,0,0,0,1,0,0,1,0,0,0,0,0,0,0,0,0,0,0.070322283,0.046595927,0.081407764,0.074382126,0.000158176,12558000,93255,0.727133743
C1180,311,314,11,0.952229299,0,1,241,314,0,0,0,0,1,0,0,0,0,0.767515924,0,0,0,1,0,0,1,0,0,0,0,0,0,0,0,0,0,0.070322283,0.046595927,0.081407764,0.074382126,0.000158176,16789000,93530,0.727133743
C2503,327,382,12,0.981675393,0,2,306,382,0,0,0.596858639,0.403141361,0,0,0,0,0,0.80104712,0,0,0,1,0,0,1,0,0,0,0,0,0,0,0,0,0,0.069666598,0.048026181,0.088402536,0.068930252,0.000368173,15249500,123895,0.724606245
C1907,207,212,12,0.966981132,0,3,163,212,0,0,0.514150943,0.485849057,0,0,0,0,0,0.768867925,0,0,0,1,0,0,1,0,0,0,0,0,0,0,0,0,0,0.069666598,0.048026181,0.088402536,0.068930252,0.000368173,12386000,103725,0.724606245
C2181,683,872,14,0.982798165,0,6,733,872,0,0,0.621559633,0.154816514,0.223623853,0,0,0,0,0.84059633,0,0,0,1,0,0,1,0,0,0,0,0,0,0,0,0,0,0.064936655,0.056625252,0.082746802,0.074276271,0.000257054,14863000,133780,0.721157947
C1768,670,508,14,0.992125984,0,1,370,508,0,0,0,0,1,0,0,0,0,0.728346457,0,0,0,1,0,0,1,0,0,0,0,0,0,0,0,0,0,0.064936655,0.056625252,0.082746802,0.074276271,0.000257054,15728500,149175,0.721157947
C1783,570,594,5,0.973063973,1,6,596,594,0,0,0.303030303,0.353535354,0.343434343,0,0,0,0,1.003367003,0,0,0,1,0,0,1,0,0,0,0,0,0,0,0,0,0,0.06825098,0.071206515,0.09289139,0.072399676,0.000218929,23496000,160960,0.695032511
C2192,324,514,14,0.968871595,0,2,442,514,0,0,0.684824903,0.315175097,0,0,0,0,0,0.859922179,0,0,0,1,0,0,1,0,0,0,0,0,0,0,0,0,0,0.064936655,0.056625252,0.082746802,0.074276271,0.000257054,11147000,100320,0.721157947
C2346,553,558,14,0.978494624,0,3,449,558,0,0,0,0.347670251,0.652329749,0,0,0,0,0.804659498,0,0,0,1,0,0,1,0,0,0,0,0,0,0,0,0,0,0.064936655,0.056625252,0.082746802,0.074276271,0.000257054,16168000,141080,0.721157947
C2680,590,758,2,0.974934037,0,7,564,758,0,0,0.64116095,0.35883905,0,0,0,0,0,0.744063325,0,0,0,1,0,0,1,0,0,0,0,0,0,0,0,0,0,0.07061753,0.057549801,0.08687251,0.072569721,0.000179283,25293000,145410,0.712211155
C2631,638,812,2,0.997536946,0,3,612,812,0,0,0.396551724,0.251231527,0.352216749,0,0,0,0,0.753694581,0,0,0,1,0,0,1,0,0,0,0,0,0,0,0,0,0,0.07061753,0.057549801,0.08687251,0.072569721,0.000179283,20525000,102620,0.712211155
C2141,495,504,2,0.996031746,0,6,445,504,0,0,0.238095238,0.761904762,0,0,0,0,0,0.882936508,0,0,0,1,0,0,1,0,0,0,0,0,0,0,0,0,0,0.07061753,0.057549801,0.08687251,0.072569721,0.000179283,27872000,216780,0.712211155
C1569,528,631,2,0.987321712,0,3,442,631,0,0,0.621236133,0.378763867,0,0,0,0,0,0.700475436,0,0,0,1,0,0,1,0,0,0,0,0,0,0,0,0,0,0.07061753,0.057549801,0.08687251,0.072569721,0.000179283,12571000,87980,0.712211155
C2099,383,332,0,0.990963855,0,2,258,332,0,0,0.240963855,0.590361446,0.168674699,0,0,0,0,0.777108434,0,0,0,1,0,0,1,0,0,0,0,0,0,0,0,0,0,0.063157012,0.054321402,0.087266326,0.072177048,0.000318551,12483000,102350,0.722759695
C2287,284,409,14,0.95599022,0,3,330,409,0,0,0.15403423,0.687041565,0.158924205,0,0,0,0,0.806845966,0,0,0,1,0,0,1,0,0,0,0,0,0,0,0,0,0,0.064936655,0.056625252,0.082746802,0.074276271,0.000257054,13759000,113560,0.721157947
C2055,723,773,14,0.971539457,0,4,817,773,0,0,0.332470893,0.434670116,0.232858991,0,0,0,0,1.056921087,0,0,0,1,0,0,1,0,0,0,0,0,0,0,0,0,0,0.064936655,0.056625252,0.082746802,0.074276271,0.000257054,24350000,170980,0.721157947
C1428,333,375,0,0.984,0,2,360,375,0,0,0.290666667,0.485333333,0.224,0,0,0,0,0.96,0,0,0,1,0,0,1,0,0,0,0,0,0,0,0,0,0,0.063157012,0.054321402,0.087266326,0.072177048,0.000318551,21221000,168520,0.722759695
C2522,610,747,0,0.982597055,0,2,698,747,0,0,0.510040161,0.248995984,0.240963855,0,0,0,0,0.934404284,0,0,0,1,0,0,1,0,0,0,0,0,0,0,0,0,0,0.063157012,0.054321402,0.087266326,0.072177048,0.000318551,22471000,168520,0.722759695
C2560,481,372,0,0.991935484,0,1,374,372,0,0,0,0,1,0,0,0,0,1.005376344,0,0,0,1,0,0,1,0,0,0,0,0,0,0,0,0,0,0.063157012,0.054321402,0.087266326,0.072177048,0.000318551,17387000,222560,0.722759695
C2068,594,434,0,0.993087558,0,1,384,434,0,0,0,0,1,0,0,0,0,0.884792627,0,0,0,1,0,0,1,0,0,0,0,0,0,0,0,0,0,0.063157012,0.054321402,0.087266326,0.072177048,0.000318551,20523500,244050,0.722759695
C2603,509,538,14,0.983271375,0,2,393,538,0,0,0,0.778810409,0.221189591,0,0,0,0,0.730483271,0,0,0,1,0,0,1,0,0,0,0,0,0,0,0,0,0,0.064936655,0.056625252,0.082746802,0.074276271,0.000257054,16465000,118980,0.721157947
C1965,500,498,14,0.973895582,0,5,480,498,0,0,0.518072289,0.361445783,0.120481928,0,0,0,0,0.963855422,0,0,0,1,0,0,1,0,0,0,0,0,0,0,0,0,0,0.064936655,0.056625252,0.082746802,0.074276271,0.000257054,17342000,131290,0.721157947
C1660,512,718,2,0.98189415,0,3,550,718,0,0,0.250696379,0.247910864,0.501392758,0,0,0,0,0.766016713,0,0,0,1,0,0,1,0,0,0,0,0,0,0,0,0,0,0.07061753,0.057549801,0.08687251,0.072569721,0.000179283,14213000,94750,0.712211155
C2378,901,818,1,0.969437653,0,12,640,818,0,0,0,0,1,0,0,0,0,0.782396088,0,0,0,1,0,0,1,0,0,0,0,0,0,0,0,0,0,0.059894048,0.068704398,0.077344944,0.064858538,0.000290351,19384500,247590,0.728907719
C1268,934,1035,1,0.979710145,0,15,911,1035,0,0,0.371014493,0.437681159,0.191304348,0,0,0,0,0.880193237,0,0,0,1,0,0,1,0,0,0,0,0,0,0,0,0,0,0.059894048,0.068704398,0.077344944,0.064858538,0.000290351,18175000,194720,0.728907719
C1994,496,431,2,0.993039443,0,1,319,431,0,0,0,0.47099768,0.52900232,0,0,0,0,0.740139211,0,0,0,1,0,0,1,0,0,0,0,0,0,0,0,0,0,0.07061753,0.057549801,0.08687251,0.072569721,0.000179283,16263500,105705,0.712211155
C1837,398,467,2,0.95503212,0,4,366,467,0,0,0.496788009,0.250535332,0.25267666,0,0,0,0,0.78372591,0,0,0,1,0,0,1,0,0,0,0,0,0,0,0,0,0,0.07061753,0.057549801,0.08687251,0.072569721,0.000179283,18075000,144590,0.712211155
C1000,481,566,14,0.982332155,0,1,438,566,0,0,0.740282686,0.127208481,0.132508834,0,0,0,0,0.77385159,0,0,0,1,0,0,1,0,0,0,0,0,0,0,0,0,0,0.064936655,0.056625252,0.082746802,0.074276271,0.000257054,14404000,129640,0.721157947
C1465,557,861,14,0.969802555,0,4,812,861,0,0,0.641114983,0.358885017,0,0,0,0,0,0.943089431,0,0,0,1,0,0,1,0,0,0,0,0,0,0,0,0,0,0.064936655,0.056625252,0.082746802,0.074276271,0.000257054,20562500,155455,0.721157947
C1448,1284,1116,4,0.977598566,0,2,1050,1116,0,0,0,0.573476703,0.426523297,0,0,0,0,0.940860215,0,0,0,1,0,0,1,0,0,0,0,0,0,0,0,0,0,0.066875166,0.064416056,0.07990214,0.067442652,0.000353103,32208000,175900,0.721010872
C2670,435,648,11,0.986111111,0,2,600,648,0,0,0.777777778,0,0.222222222,0,0,0,0,0.925925926,0,0,0,1,0,0,1,0,0,0,0,0,0,0,0,0,0,0.070322283,0.046595927,0.081407764,0.074382126,0.000158176,14863000,111470,0.727133743
C1365,945,875,1,0.994285714,0,2,903,875,0,0,0.075428571,0.101714286,0.822857143,0,0,0,0,1.032,0,0,0,1,0,0,0,0,0,0,0,0,1,0,0,0,0,0.059894048,0.068704398,0.077344944,0.064858538,0.000290351,53420500,340925,0.728907719
C1177,1044,1668,6,0.989808153,1,10,1756,1668,0,0,0.706834532,0.1558753,0.137290168,0,0,0,0,1.052757794,0,0,0,1,0,0,1,0,0,0,0,0,0,0,0,0,0,0.064246782,0.066847799,0.085750733,0.068819271,0.000298206,24775000,172190,0.714037243
C1360,375,443,3,0.9503386,0,2,362,443,0,0,0.388261851,0.449209932,0.162528217,0,0,0,0,0.817155756,0,0,0,1,0,0,1,0,0,0,0,0,0,0,0,0,0,0.067859253,0.049572015,0.087149472,0.072145968,0.000233571,17281000,126720,0.723039681
C2488,1023,1215,4,0.976954733,0,4,1105,1215,0,0,0.485596708,0.514403292,0,0,0,0,0,0.909465021,0,0,0,1,0,0,1,0,0,1,0,0,0,0,0,0,0,0.066875166,0.064416056,0.07990214,0.067442652,0.000353103,83286000,43380,0.721010872
C1406,1350,1647,6,0.992106861,0,2,1741,1647,0,0,0.712204007,0.144505161,0.143290832,0,0,0,0,1.057073467,0,0,0,1,0,0,1,0,0,0,0,0,0,0,0,0,0,0.064246782,0.066847799,0.085750733,0.068819271,0.000298206,30969500,157925,0.714037243
C1566,284,462,10,0.971861472,0,6,387,462,0,0,0.645021645,0.173160173,0.181818182,0,0,0,0,0.837662338,0,0,0,1,0,0,1,0,0,0,0,0,0,0,0,0,0,0.07033852,0.053470531,0.079965535,0.0777949,0.000149128,15005000,105605,0.718281387
C1227,823,806,2,0.991315136,0,1,707,806,0,0.198511166,0.415632754,0.132754342,0.253101737,0,0,0,0,0.877171216,0,0,0,1,0,0,1,0,0,0,0,0,0,0,0,0,0,0.07061753,0.057549801,0.08687251,0.072569721,0.000179283,32443000,264350,0.712211155
C2460,793,1017,1,0.983284169,0,3,879,1017,0,0.18879056,0.333333333,0.344149459,0.133726647,0,0,0,0,0.864306785,0,0,0,1,0,0,1,0,0,0,0,0,1,0,0,0,0,0.059894048,0.068704398,0.077344944,0.064858538,0.000290351,45747000,312060,0.728907719
C2486,587,589,2,0.996604414,0,4,515,589,0,0.185059423,0.405772496,0.142614601,0.26655348,0,0,0,0,0.874363328,0,0,0,1,0,0,1,0,0,0,0,0,0,0,0,0,0,0.07061753,0.057549801,0.08687251,0.072569721,0.000179283,23430500,231300,0.712211155
C2106,353,504,14,0.964285714,0,2,434,504,0,0,0.698412698,0.301587302,0,0,0,0,0,0.861111111,0,0,0,1,0,0,1,0,0,0,0,0,0,0,0,0,0,0.064936655,0.056625252,0.082746802,0.074276271,0.000257054,11533000,102130,0.721157947
C1572,479,937,2,0.965848453,0,3,770,937,0,0,0.629669157,0.249733191,0.120597652,0,0,0,0,0.821771612,0,0,0,1,0,0,1,0,0,1,0,0,0,0,0,0,0,0.07061753,0.057549801,0.08687251,0.072569721,0.000179283,12254000,93710,0.712211155
C1773,614,840,1,0.982142857,0,4,772,840,0,0.167857143,0.375,0.323809524,0.133333333,0,0,0,0,0.919047619,0,0,0,1,0,0,1,0,0,0,0,0,0,0,0,0,0,0.059894048,0.068704398,0.077344944,0.064858538,0.000290351,41505000,326760,0.728907719
C1677,1101,1144,1,0.992132867,0,4,1039,1144,0,0.20979021,0.33041958,0.241258741,0.218531469,0,0,0,0,0.908216783,0,0,0,1,0,0,0,0,0,0,0,0,1,0,0,0,0,0.059894048,0.068704398,0.077344944,0.064858538,0.000290351,36242000,301540,0.728907719
C1823,652,553,14,0.974683544,0,3,584,553,0,0,0.600361664,0.399638336,0,0,0,0,0,1.056057866,0,0,0,1,0,0,1,0,0,0,0,0,0,0,0,0,0,0.064936655,0.056625252,0.082746802,0.074276271,0.000257054,25224000,183450,0.721157947
C2692,437,499,3,0.961923848,0,2,409,499,0,0,0.669338677,0.210420842,0.120240481,0,0,0,0,0.819639279,0,0,0,1,0,0,1,0,0,0,0,0,0,0,0,0,0,0.067859253,0.049572015,0.087149472,0.072145968,0.000233571,18173000,132170,0.723039681
C2505,163,200,3,0.99,0,2,153,200,0,0,0.75,0.25,0,0,0,0,0,0.765,0,0,0,1,0,0,1,0,0,0,0,0,0,0,0,0,0,0.067859253,0.049572015,0.087149472,0.072145968,0.000233571,8598000,74510,0.723039681
C2587,589,603,3,0.96185738,0,3,506,603,0,0,0.553897181,0.119402985,0.326699834,0,0,0,0,0.839137645,0,0,0,1,0,0,1,0,0,0,0,0,0,0,0,0,0,0.067859253,0.049572015,0.087149472,0.072145968,0.000233571,19897000,135210,0.723039681
C2127,403,700,2,0.97,0,2,592,700,0,0,0.502857143,0.325714286,0.171428571,0,0,0,0,0.845714286,0,0,0,1,0,0,1,0,0,0,0,0,0,0,0,0,0,0.07061753,0.057549801,0.08687251,0.072569721,0.000179283,20802000,174930,0.712211155
C1316,22,107,13,0.934579439,0,2,27,107,0,0,0.897196262,0,0.102803738,0,0,0,0,0.252336449,0,0,0,1,0,0,1,0,0,1,0,0,0,0,0,0,0,0.072622328,0.067302815,0.07929914,0.069167386,0.000219361,27043800,88350,0.71138897
C1674,322,318,10,0.987421384,0,1,262,318,0,0,0.597484277,0.402515723,0,0,0,0,0,0.823899371,0,0,0,1,0,0,1,0,0,0,0,0,0,0,0,0,0,0.07033852,0.053470531,0.079965535,0.0777949,0.000149128,13592500,108740,0.718281387
C1713,566,656,2,0.99695122,0,1,527,656,0,0,0.692073171,0.137195122,0.170731707,0,0,0,0,0.803353659,0,0,0,1,0,0,1,0,0,0,0,0,0,0,0,0,0,0.07061753,0.057549801,0.08687251,0.072569721,0.000179283,10923000,117270,0.712211155
C1845,277,306,0,1,0,3,248,306,0,0,0.509803922,0.392156863,0.098039216,0,0,0,0,0.810457516,0,0,0,1,0,0,1,0,0,0,0,0,0,0,0,0,0,0.063157012,0.054321402,0.087266326,0.072177048,0.000318551,26005000,244670,0.722759695
C2082,822,970,1,0.980412371,0,2,845,970,0,0.181443299,0.342268041,0.336082474,0.140206186,0,0,0,0,0.871134021,0,0,0,1,0,0,1,0,0,0,0,0,0,0,0,0,0,0.059894048,0.068704398,0.077344944,0.064858538,0.000290351,48844000,332510,0.728907719
C1328,770,992,1,0.963709677,0,15,871,992,0,0.161290323,0.413306452,0.264112903,0.161290323,0,0,0,0,0.878024194,0,0,0,1,0,0,1,0,0,1,0,0,0,0,0,0,0,0.059894048,0.068704398,0.077344944,0.064858538,0.000290351,123711000,75250,0.728907719
C2357,345,533,7,0.953095685,1,2,484,533,0,0,0.495309568,0.195121951,0.30956848,0,0,0,0,0.908067542,0,0,0,1,0,0,1,0,0,1,0,1,0,0,0,0,0,0.057233413,0.048866037,0.082899,0.068854768,0.000267643,32287500,309750,0.741879163
C2565,1090,1006,3,0.967196819,0,3,915,1006,0,0,0.217693837,0.394632207,0.387673956,0,0,0,0,0.909542744,0,0,0,1,0,0,1,0,0,0,0,0,0,0,0,0,0,0.067859253,0.049572015,0.087149472,0.072145968,0.000233571,20221000,176230,0.723039681
C1804,951,478,1,0.993723849,0,3,629,26,0,0,0,0,0,0,0.012552301,0.041841004,0,1.315899582,1,0,0,0,0,0,1,0,0,0,0,0,0,0,0,0,0,0.059894048,0.068704398,0.077344944,0.064858538,0.000290351,90237000,597820,0.728907719
C2255,410,560,13,0.996428571,0,2,400,560,0,0.425,0.317857143,0.257142857,0,0,0,0,0,0.714285714,0,0,0,1,1,0,1,0,0,1,0,0,1,0,0,0,0,0.072622328,0.067302815,0.07929914,0.069167386,0.000219361,9755500,85710,0.71138897
C1343,549,600,1,0.986666667,1,4,528,600,0,0,0.358333333,0.468333333,0.173333333,0,0,0,0,0.88,0,0,0,1,0,0,1,0,0,0,0,0,0,0,0,0,0,0.059894048,0.068704398,0.077344944,0.064858538,0.000290351,24814000,222200,0.728907719
C1987,166,291,7,0.910652921,3,4,257,291,0,0,0,0.687285223,0.312714777,0,0,0,0,0.883161512,0,0,0,1,0,0,1,0,0,0,0,0,0,0,0,0,0,0.057233413,0.048866037,0.082899,0.068854768,0.000267643,44387000,368980,0.741879163
C2479,647,679,1,0.980854197,0,2,615,679,0,0,0.412371134,0.40353461,0.184094256,0,0,0,0,0.905743741,0,0,0,1,0,0,1,0,0,0,0,0,0,0,0,0,0,0.059894048,0.068704398,0.077344944,0.064858538,0.000290351,36095000,298900,0.728907719
C1310,1084,1037,0,0.983606557,0,6,936,1037,0,0.144648023,0.607521697,0.101253616,0.146576663,0,0,0,0,0.902603664,0,0,0,1,0,0,1,0,0,0,0,0,0,0,0,0,0,0.063157012,0.054321402,0.087266326,0.072177048,0.000318551,23687000,204150,0.722759695
C1738,682,715,2,0.981818182,0,3,582,715,0,0,0.671328671,0.218181818,0.11048951,0,0,0,0,0.813986014,0,0,0,1,0,0,1,0,0,0,0,0,0,0,0,0,0,0.07061753,0.057549801,0.08687251,0.072569721,0.000179283,16288000,124800,0.712211155
C1863,733,1099,14,0.978161965,0,4,1154,1099,0,0.140127389,0.459508644,0.400363967,0,0,0,0,0,1.050045496,0,0,0,1,0,0,1,0,0,0,0,0,0,0,0,0,0,0.064936655,0.056625252,0.082746802,0.074276271,0.000257054,20493000,165865,0.721157947
C1426,262,374,3,0.994652406,0,2,321,374,0,0.256684492,0.315508021,0,0.427807487,0,0,0,0,0.85828877,0,0,0,1,0,0,1,0,0,0,0,0,0,0,0,0,0,0.067859253,0.049572015,0.087149472,0.072145968,0.000233571,9984000,144820,0.723039681
C2659,365,504,1,0.994047619,1,3,438,504,0,0.23015873,0.551587302,0.218253968,0,0,0,0,0,0.869047619,0,0,0,1,1,0,1,0,0,0,0,0,1,0,0,0,0,0.059894048,0.068704398,0.077344944,0.064858538,0.000290351,15791000,166930,0.728907719
C2489,950,1128,7,0.968085106,0,4,951,1128,0,0,0,0.363475177,0.636524823,0,0,0,0,0.843085106,0,0,0,1,0,0,1,0,0,0,0,0,0,0,0,0,0,0.057233413,0.048866037,0.082899,0.068854768,0.000267643,23733000,285500,0.741879163
C2211,244,304,10,0.986842105,0,1,230,304,0,0,0.881578947,0.118421053,0,0,0,0,0,0.756578947,0,0,0,1,0,0,1,0,0,0,0,0,0,0,0,0,0,0.07033852,0.053470531,0.079965535,0.0777949,0.000149128,8778000,85580,0.718281387
C2314,343,600,6,0.978333333,0,2,360,600,0,0.433333333,0.446666667,0.12,0,0,0,0,0,0.6,0,0,0,1,1,0,1,0,0,0,0,0,1,0,0,0,0,0.064246782,0.066847799,0.085750733,0.068819271,0.000298206,12089000,153020,0.714037243
C1861,613,690,11,0.976811594,0,3,652,690,0,0.585507246,0,0.324637681,0.089855072,0,0,0,0,0.944927536,0,0,0,1,0,0,1,0,0,0,0,0,0,0,0,0,0,0.070322283,0.046595927,0.081407764,0.074382126,0.000158176,12460000,166685,0.727133743
C2389,561,690,14,0.969565217,0,3,694,690,0,0,0.543478261,0.195652174,0.260869565,0,0,0,0,1.005797101,0,0,0,1,0,0,1,0,0,0,0,0,0,0,0,0,0,0.064936655,0.056625252,0.082746802,0.074276271,0.000257054,13335000,120230,0.721157947
C1490,899,749,14,0.967957276,0,3,759,655,0,0,0,0,0,0,0.214953271,0.659546061,0,1.013351135,1,0,0,0,0,0,1,0,0,0,0,0,0,0,0,0,0,0.064936655,0.056625252,0.082746802,0.074276271,0.000257054,31342500,393750,0.721157947
C1788,412,376,2,0.925531915,0,3,380,376,0,0,0,0,1,0,0,0,0,1.010638298,1,0,0,0,0,0,1,0,0,0,0,0,0,0,0,0,0,0.07061753,0.057549801,0.08687251,0.072569721,0.000179283,32500000,365000,0.712211155
C1740,979,783,3,0.962962963,0,6,978,467,0,0,0,0,0.360153257,0,0.136653895,0.099616858,0,1.249042146,1,0,0,0,0,0,1,0,0,0,0,0,0,0,0,0,0,0.067859253,0.049572015,0.087149472,0.072145968,0.000233571,33400000,483000,0.723039681
C2620,1709,1029,10,0.972789116,0,6,1061,906,0,0,0,0,0.242954325,0,0.263362488,0.37414966,0,1.031098154,1,0,0,0,0,0,1,0,0,0,0,0,0,0,0,0,0,0.07033852,0.053470531,0.079965535,0.0777949,0.000149128,27274000,535000,0.718281387
C1286,881,919,10,0.970620239,0,2,988,919,0,0,0,0,0,0,0.208922742,0.791077258,0,1.07508161,1,0,0,0,0,0,1,0,0,0,0,0,0,0,0,0,0,0.07033852,0.053470531,0.079965535,0.0777949,0.000149128,35700000,590000,0.718281387
C1089,309,368,10,0.961956522,0,2,285,368,0,0,0.625,0.236413043,0.138586957,0,0,0,0,0.774456522,0,0,0,1,0,0,1,0,0,0,0,0,0,0,0,0,0,0.07033852,0.053470531,0.079965535,0.0777949,0.000149128,14264000,120690,0.718281387
C2237,55,70,13,0.9,0,2,50,70,0,0,0.885714286,0.114285714,0,0,0,0,0,0.714285714,0,0,0,1,0,0,1,0,0,0,0,0,0,0,0,0,0,0.072622328,0.067302815,0.07929914,0.069167386,0.000219361,8564000,58460,0.71138897
C1341,442,922,4,0.992407809,0,1,731,922,0,0.271149675,0.559652928,0.169197397,0,0,0,0,0,0.792841649,0,0,0,1,1,0,1,0,0,0,0,0,1,0,0,0,0,0.066875166,0.064416056,0.07990214,0.067442652,0.000353103,12947000,161290,0.721010872
C1338,551,622,7,0.979099678,1,3,551,622,0,0,0,0.810289389,0.189710611,0,0,0,0,0.88585209,0,0,0,1,0,0,1,0,0,0,0,0,0,0,0,0,0,0.057233413,0.048866037,0.082899,0.068854768,0.000267643,28856000,241560,0.741879163
C2405,1240,600,2,0.963333333,0,8,728,284,0,0,0,0,0,0,0.17,0.303333333,0,1.213333333,1,0,0,0,0,0,1,0,0,0,0,0,0,0,0,0,0,0.07061753,0.057549801,0.08687251,0.072569721,0.000179283,36113000,603480,0.712211155
C1969,886,1366,5,0.978770132,0,2,1192,1366,0,0.222547584,0.581259151,0.196193265,0,0,0,0,0,0.872620791,0,0,0,1,1,0,1,1,0,0,0,0,0,0,0,0,0,0.06825098,0.071206515,0.09289139,0.072399676,0.000218929,11333000,149740,0.695032511
C2274,713,1122,14,0.96969697,0,3,1182,1122,0,0.263814617,0.397504456,0.338680927,0,0,0,0,0,1.053475936,0,0,0,1,0,0,1,0,0,0,0,0,0,0,0,0,0,0.064936655,0.056625252,0.082746802,0.074276271,0.000257054,15046000,141680,0.721157947
C1699,606,752,1,0.990691489,0,7,680,752,0,0,0.582446809,0.183510638,0.234042553,0,0,0,0,0.904255319,0,0,0,1,0,0,1,0,0,0,0,0,0,0,0,0,0,0.059894048,0.068704398,0.077344944,0.064858538,0.000290351,37163000,295120,0.728907719
C2251,870,886,1,0.981941309,0,3,809,886,0,0.038374718,0.318284424,0.507900677,0.135440181,0,0,0,0,0.913092551,0,0,0,1,0,0,0,0,0,0,0,0,1,0,0,0,0,0.059894048,0.068704398,0.077344944,0.064858538,0.000290351,36036000,283920,0.728907719
C1340,410,552,11,0.961956522,0,3,523,552,0,0.362318841,0.347826087,0.289855072,0,0,0,0,0,0.947463768,0,0,0,1,0,0,1,0,0,0,0,0,0,0,0,0,0,0.070322283,0.046595927,0.081407764,0.074382126,0.000158176,9247000,180350,0.727133743
C2373,800,850,12,0.989411765,0,5,948,850,0,0,0.578823529,0.336470588,0.084705882,0,0,0,0,1.115294118,0,0,0,1,0,0,1,0,0,0,0,0,0,0,0,0,0,0.069666598,0.048026181,0.088402536,0.068930252,0.000368173,20269000,217735,0.724606245
C1455,420,432,0,0.99537037,0,5,349,432,0,0.37962963,0.240740741,0.37962963,0,0,0,0,0,0.80787037,0,0,0,1,0,0,1,0,0,0,0,0,0,0,0,0,0,0.063157012,0.054321402,0.087266326,0.072177048,0.000318551,7527000,168810,0.722759695
C2137,752,960,3,0.96875,0,8,876,960,0,0.1875,0.375,0.4375,0,0,0,0,0,0.9125,0,0,0,1,0,0,1,0,0,1,0,0,0,0,0,0,0,0.067859253,0.049572015,0.087149472,0.072145968,0.000233571,9450000,154350,0.723039681
C1985,630,874,10,0.967963387,0,4,722,874,0,0,0.43020595,0.368421053,0.201372998,0,0,0,0,0.826086957,0,0,0,1,0,0,1,0,0,0,0,0,0,0,0,0,0,0.07033852,0.053470531,0.079965535,0.0777949,0.000149128,13655500,194620,0.718281387
C2583,982,1106,6,0.981012658,0,2,752,1106,0,0.216998192,0.652802893,0.130198915,0,0,0,0,0,0.679927667,0,0,0,1,1,0,1,0,0,0,0,0,1,0,0,0,0,0.064246782,0.066847799,0.085750733,0.068819271,0.000298206,11397000,193550,0.714037243
C2663,652,772,1,0.981865285,0,3,700,772,0,0.14507772,0.284974093,0.414507772,0.155440415,0,0,0,0,0.906735751,0,0,0,1,0,0,0,0,0,0,0,0,1,0,0,0,0,0.059894048,0.068704398,0.077344944,0.064858538,0.000290351,29621000,276540,0.728907719
C2450,451,483,1,0.983436853,0,5,437,483,0,0,0.542443064,0.358178054,0.099378882,0,0,0,0,0.904761905,0,0,0,1,0,0,0,0,0,0,0,0,1,0,0,0,0,0.059894048,0.068704398,0.077344944,0.064858538,0.000290351,39349000,312610,0.728907719
C2329,821,1028,5,0.976653696,0,5,973,1028,0,0.210116732,0.525291829,0.163424125,0.101167315,0,0,0,0,0.946498054,0,0,0,1,0,0,1,0,0,0,0,0,0,0,0,0,0,0.06825098,0.071206515,0.09289139,0.072399676,0.000218929,20870000,276345,0.695032511
C1834,255,326,0,0.987730061,0,1,268,326,0,0,0.650306748,0.239263804,0.110429448,0,0,0,0,0.82208589,0,0,0,1,0,0,1,0,0,0,0,0,0,0,0,0,0,0.063157012,0.054321402,0.087266326,0.072177048,0.000318551,16129000,174190,0.722759695
C1848,625,532,4,0.983082707,0,3,660,532,0,0,0,0,1,0,0,0,0,1.240601504,1,0,0,0,0,0,1,0,0,0,0,0,0,0,0,0,0,0.066875166,0.064416056,0.07990214,0.067442652,0.000353103,41253000,510510,0.721010872
C1743,1653,791,5,0.97977244,1,1,944,791,0,0,0,0,0,0.316055626,0.471554994,0.212389381,0,1.193426043,1,0,0,0,0,0,1,0,0,0,0,0,0,0,0,0,0,0.06825098,0.071206515,0.09289139,0.072399676,0.000218929,33000000,495000,0.695032511
C1350,2315,1401,6,0.998572448,0,6,1636,690,0,0,0,0,0.492505353,0,0,0,0,1.16773733,1,0,1,0,0,0,1,0,0,0,0,0,0,0,0,0,0,0.064246782,0.066847799,0.085750733,0.068819271,0.000298206,57000000,519350,0.714037243
C1402,498,344,14,0.953488372,0,2,344,344,0,0,0,0,0.261627907,0,0.337209302,0.401162791,0,1,1,0,0,0,0,0,1,0,0,0,0,0,0,0,0,0,0,0.064936655,0.056625252,0.082746802,0.074276271,0.000257054,45000000,480000,0.721157947
C1103,787,935,0,0.96684492,0,2,939,935,0,0.287700535,0.248128342,0.286631016,0.177540107,0,0,0,0,1.004278075,0,0,0,1,0,0,1,0,0,0,0,0,0,0,0,0,0,0.063157012,0.054321402,0.087266326,0.072177048,0.000318551,15591000,220430,0.722759695
C1129,1668,1444,1,0.998614958,1,10,1275,1444,0,0,0,0,1,0,0,0,0,0.882963989,1,0,0,0,0,0,1,0,0,0,0,0,0,0,0,0,0,0.059894048,0.068704398,0.077344944,0.064858538,0.000290351,54132000,520500,0.728907719
C1027,207,452,2,0.953539823,0,5,461,452,0,0,0.579646018,0.420353982,0,0,0,0,0,1.019911504,0,0,0,1,0,0,1,0,0,0,0,0,0,0,0,0,0,0.07061753,0.057549801,0.08687251,0.072569721,0.000179283,26851000,306450,0.712211155
C2377,579,1105,2,0.980090498,0,3,1110,1105,0,0,0.700452489,0.126696833,0.172850679,0,0,0,0,1.004524887,0,0,0,1,0,0,1,0,0,0,0,0,0,0,0,0,0,0.07061753,0.057549801,0.08687251,0.072569721,0.000179283,26673000,305370,0.712211155
C2661,330,354,12,0.966101695,0,6,297,354,0,0.395480226,0.310734463,0.293785311,0,0,0,0,0,0.838983051,0,0,0,1,0,0,1,0,0,0,0,0,0,0,0,0,0,0.069666598,0.048026181,0.088402536,0.068930252,0.000368173,10215000,186010,0.724606245
C1263,217,268,14,0.985074627,0,5,214,268,0,0.223880597,0.552238806,0.223880597,0,0,0,0,0,0.798507463,0,0,0,1,0,0,1,0,0,0,0,0,0,0,0,0,0,0.064936655,0.056625252,0.082746802,0.074276271,0.000257054,7204000,124720,0.721157947
C1136,763,984,1,0.968495935,0,15,865,984,0,0.300813008,0.300813008,0.231707317,0.166666667,0,0,0,0,0.879065041,0,0,0,1,0,0,1,0,0,1,0,0,0,0,0,0,0,0.059894048,0.068704398,0.077344944,0.064858538,0.000290351,71409500,109420,0.728907719
C2605,572,624,0,0.990384615,0,3,535,624,0,0,0.721153846,0.278846154,0,0,0,0,0,0.857371795,0,0,0,1,0,0,1,0,0,0,0,0,0,0,0,0,0,0.063157012,0.054321402,0.087266326,0.072177048,0.000318551,22581000,263440,0.722759695
C2393,922,1546,1,0.999353169,1,2,1176,1546,0,0.160413972,0.655886158,0.183699871,0,0,0,0,0,0.760672704,0,0,0,1,1,0,1,0,0,0,0,0,1,0,0,0,0,0.059894048,0.068704398,0.077344944,0.064858538,0.000290351,18225000,215050,0.728907719
C1673,526,640,14,0.965625,0,1,549,640,0,0.28125,0.4375,0.28125,0,0,0,0,0,0.8578125,0,0,0,1,0,0,1,0,0,0,0,0,0,0,0,0,0,0.064936655,0.056625252,0.082746802,0.074276271,0.000257054,9461000,160210,0.721157947
C1017,1246,1460,6,0.981506849,0,2,1534,1460,0,0.221917808,0.397260274,0.380821918,0,0,0,0,0,1.050684932,0,0,0,1,0,0,1,0,0,0,0,0,0,0,0,0,0,0.064246782,0.066847799,0.085750733,0.068819271,0.000298206,15198000,227970,0.714037243
C2539,228,396,13,0.97979798,0,2,237,396,0,0.494949495,0.353535354,0.151515152,0,0,0,0,0,0.598484848,0,0,0,1,1,0,1,0,0,1,0,0,0,0,0,0,0,0.072622328,0.067302815,0.07929914,0.069167386,0.000219361,7645000,123110,0.71138897
C1933,1730,1022,4,0.992172211,0,3,1202,1022,0,0,0,0,0,0.614481409,0.385518591,0,0,1.176125245,1,0,0,0,0,0,1,0,0,0,0,0,0,0,0,0,0,0.066875166,0.064416056,0.07990214,0.067442652,0.000353103,35000000,520000,0.721010872
C2316,712,1126,5,0.968028419,0,4,983,1126,0,0.273534636,0.509769094,0.21669627,0,0,0,0,0,0.873001776,0,0,0,1,0,0,1,0,0,0,0,0,0,0,0,0,0,0.06825098,0.071206515,0.09289139,0.072399676,0.000218929,8762500,166665,0.695032511
C2414,1200,924,14,0.985930736,0,4,986,924,0,0,0,0,1,0,0,0,0,1.067099567,1,0,0,0,0,0,1,0,0,0,0,0,0,0,0,0,0,0.064936655,0.056625252,0.082746802,0.074276271,0.000257054,30709000,270660,0.721157947
C1301,202,340,5,0.944117647,0,4,320,340,0,0.352941176,0.647058824,0,0,0,0,0,0,0.941176471,0,0,0,1,0,0,1,0,0,0,0,0,0,0,0,0,0,0.06825098,0.071206515,0.09289139,0.072399676,0.000218929,10514000,145740,0.695032511
C1700,979,922,5,0.957700651,0,2,804,922,0,0,0,0,1,0,0,0,0,0.872017354,1,0,0,0,0,0,1,0,0,0,0,0,0,0,0,0,0,0.06825098,0.071206515,0.09289139,0.072399676,0.000218929,30000000,430000,0.695032511
C1636,946,632,1,0.988924051,0,15,750,632,0,0,0,0,0,0,0.202531646,0.797468354,0,1.186708861,1,0,0,0,0,0,1,0,0,0,0,0,0,0,0,0,0,0.059894048,0.068704398,0.077344944,0.064858538,0.000290351,79500000,630000,0.728907719
C2612,1832,1684,8,0.983966746,0,2,1689,1684,0,0.404988124,0.368171021,0.226840855,0,0,0,0,0,1.002969121,0,0,0,1,0,0,1,0,0,0,0,0,0,0,0,0,0,0.064832896,0.1044468,0.067064666,0.056631144,0.000278971,11300000,175500,0.706745521
C1757,508,794,7,0.983627204,2,4,676,794,0,0,0.74559194,0.25440806,0,0,0,0,0,0.85138539,0,0,0,1,0,0,1,0,0,0,0,0,0,0,0,0,0,0.057233413,0.048866037,0.082899,0.068854768,0.000267643,32114500,277425,0.741879163
C2507,763,1454,1,0.997248968,0,4,880,1454,0,0.645804677,0.242778542,0.081155433,0.030261348,0,0,0,0,0.60522696,0,0,0,1,1,0,1,0,0,0,0,0,1,0,0,0,0,0.059894048,0.068704398,0.077344944,0.064858538,0.000290351,16343000,206110,0.728907719
C1163,326,316,3,0.936708861,0,2,239,316,0,0.278481013,0.556962025,0.164556962,0,0,0,0,0,0.756329114,0,0,0,1,0,0,1,0,0,0,0,0,0,0,0,0,0,0.067859253,0.049572015,0.087149472,0.072145968,0.000233571,9506000,200830,0.723039681
C2627,404,580,10,0.968965517,0,2,378,580,0,0.465517241,0.237931034,0.296551724,0,0,0,0,0,0.651724138,0,0,0,1,1,0,1,0,0,0,0,0,1,0,0,0,0,0.07033852,0.053470531,0.079965535,0.0777949,0.000149128,7172000,89520,0.718281387
C2040,336,198,14,0.944444444,0,2,200,198,0,0,0,0,0,0,0.242424242,0.757575758,0,1.01010101,1,0,0,0,0,0,1,0,0,0,0,0,0,0,0,0,0,0.064936655,0.056625252,0.082746802,0.074276271,0.000257054,53000000,520000,0.721157947
C2609,555,556,12,0.96942446,0,2,490,556,0,0.352517986,0.287769784,0.35971223,0,0,0,0,0,0.881294964,0,0,0,1,0,0,1,0,0,0,0,0,0,0,0,0,0,0.069666598,0.048026181,0.088402536,0.068930252,0.000368173,10514000,184250,0.724606245
C2001,417,540,1,0.981481481,0,8,500,540,0,0.388888889,0.337037037,0.274074074,0,0,0,0,0,0.925925926,0,0,0,1,0,0,0,0,0,0,0,0,1,0,0,0,0,0.059894048,0.068704398,0.077344944,0.064858538,0.000290351,11430000,149000,0.728907719
C1065,1255,938,3,0.960554371,0,3,1117,938,0,0.317697228,0.268656716,0.413646055,0,0,0,0,0,1.190831557,0,0,0,1,0,0,0,0,0,0,0,0,1,0,0,0,0,0.067859253,0.049572015,0.087149472,0.072145968,0.000233571,9719000,168640,0.723039681
C1363,2550,2568,1,0.995716511,0,6,1798,2568,0,0.502336449,0.219626168,0.278037383,0,0,0,0,0,0.700155763,0,0,0,1,1,0,0,0,0,0,0,0,1,0,0,0,0,0.059894048,0.068704398,0.077344944,0.064858538,0.000290351,19451000,175260,0.728907719
C2579,751,1058,1,0.984877127,0,4,956,1058,0,0.448015123,0.347826087,0.125708885,0.078449905,0,0,0,0,0.903591682,0,0,0,1,0,0,0,0,0,0,0,0,1,0,0,0,0,0.059894048,0.068704398,0.077344944,0.064858538,0.000290351,39354500,266490,0.728907719
C1048,243,368,1,0.95923913,0,3,333,368,0,0.47826087,0.347826087,0.173913043,0,0,0,0,0,0.904891304,0,0,0,1,0,0,0,0,0,0,0,0,1,0,0,0,0,0.059894048,0.068704398,0.077344944,0.064858538,0.000290351,30928000,238380,0.728907719
C1210,586,1088,5,0.964154412,0,4,773,1088,0,0.658088235,0.341911765,0,0,0,0,0,0,0.710477941,0,0,0,0,0,1,0,0,0,0,0,0,0,1,0,0,0,0.06825098,0.071206515,0.09289139,0.072399676,0.000218929,20680000,112010,0.695032511
C1320,924,1696,2,0.979363208,0,4,1648,1696,0,0.363207547,0.429245283,0.20754717,0,0,0,0,0,0.971698113,0,0,0,1,0,0,0,0,0,0,0,0,1,0,0,0,0,0.07061753,0.057549801,0.08687251,0.072569721,0.000179283,16785000,237000,0.712211155
C1941,600,404,2,0.952970297,0,3,490,404,0,0,0,0,0,0,0,1,0,1.212871287,1,0,0,0,0,0,1,0,0,0,0,0,0,0,0,0,0,0.07061753,0.057549801,0.08687251,0.072569721,0.000179283,47288000,627080,0.712211155
C1326,1153,1934,7,0.977766287,0,4,1670,1934,0,0.602895553,0.23991727,0.157187177,0,0,0,0,0,0.863495346,0,0,0,1,0,0,0,0,0,0,0,0,1,0,0,0,0,0.057233413,0.048866037,0.082899,0.068854768,0.000267643,31880000,134330,0.741879163
C1685,164,295,14,0.905084746,0,1,167,295,0,0.728813559,0.244067797,0.027118644,0,0,0,0,0,0.566101695,0,0,0,0,0,1,0,0,0,0,0,0,0,0,1,1,0,0.064936655,0.056625252,0.082746802,0.074276271,0.000257054,40572000,21120,0.721157947
C2618,783,1550,1,0.974193548,0,7,1319,1550,0,0.499354839,0.263225806,0.237419355,0,0,0,0,0,0.850967742,0,0,0,1,1,0,0,0,0,1,0,0,1,0,0,0,0,0.059894048,0.068704398,0.077344944,0.064858538,0.000290351,16243000,77360,0.728907719
C1451,1044,1618,1,0.976514215,0,3,1382,1618,0,0.441285538,0.370828183,0.187886279,0,0,0,0,0,0.854140915,0,0,0,1,1,0,0,0,0,1,0,0,1,0,0,0,0,0.059894048,0.068704398,0.077344944,0.064858538,0.000290351,15992000,79970,0.728907719
C2143,719,363,0,0.994490358,0,2,434,363,0,0,0,0,0,0,0.484848485,0.515151515,0,1.195592287,1,0,0,0,0,0,1,0,0,0,0,0,0,0,0,0,0,0.063157012,0.054321402,0.087266326,0.072177048,0.000318551,41377000,547410,0.722759695
C1968,220,514,0,1,0,3,309,514,0,0.79766537,0.101167315,0.101167315,0,0,0,0,0,0.601167315,0,0,0,1,1,0,1,0,0,0,0,0,1,0,0,0,0,0.063157012,0.054321402,0.087266326,0.072177048,0.000318551,8377000,110000,0.722759695
C1258,616,840,2,1,0,3,658,840,0,0.476190476,0.392857143,0.130952381,0,0,0,0,0,0.783333333,0,0,0,1,1,0,0,0,0,0,0,0,1,0,0,0,0,0.07061753,0.057549801,0.08687251,0.072569721,0.000179283,9672000,128000,0.712211155
C2453,559,659,1,0.989377845,2,3,573,658,0,0.564491654,0.236722307,0.197268589,0,0,0,0,0,0.869499241,0,0,0,1,1,0,0,0,0,0,0,0,1,0,0,0,0,0.059894048,0.068704398,0.077344944,0.064858538,0.000290351,18488000,170720,0.728907719
C1659,416,902,4,0.964523282,0,2,635,854,0.261640798,0.43902439,0.232815965,0.013303769,0,0,0,0,0,0.703991131,0,0,0,0,0,1,0,0,0,0,1,0,0,0,0,0,1,0.066875166,0.064416056,0.07990214,0.067442652,0.000353103,23370000,132430,0.721010872
C1724,701,1256,2,0.999203822,0,6,878,1256,0,0.676751592,0.323248408,0,0,0,0,0,0,0.699044586,0,0,0,1,1,1,0,0,0,0,0,0,1,0,0,1,0,0.07061753,0.057549801,0.08687251,0.072569721,0.000179283,20840000,112500,0.712211155
C1802,1983,1438,8,0.997913769,0,2,1500,1438,0,0,0,0,1,0,0,0,0,1.043115438,1,0,0,0,0,0,1,0,0,0,0,0,0,0,0,0,0,0.064832896,0.1044468,0.067064666,0.056631144,0.000278971,43000000,470000,0.706745521
C1939,1896,2334,1,0.994430163,0,3,1713,2334,0,0.434447301,0.28277635,0.28277635,0,0,0,0,0,0.733933162,0,0,0,1,0,0,0,0,0,0,0,0,1,0,0,0,0,0.059894048,0.068704398,0.077344944,0.064858538,0.000290351,34967000,211320,0.728907719
C1284,780,528,2,1,0,5,543,528,0,0,0,0,1,0,0,0,0,1.028409091,1,0,0,0,0,0,1,0,0,0,0,0,0,0,0,0,0,0.07061753,0.057549801,0.08687251,0.072569721,0.000179283,32896000,185040,0.712211155
C2595,1359,867,2,0.997693195,0,5,897,867,0,0,0,0,0.800461361,0,0.121107266,0.078431373,0,1.034602076,1,0,0,0,0,0,1,0,0,0,0,0,0,0,0,0,0,0.07061753,0.057549801,0.08687251,0.072569721,0.000179283,44000000,550000,0.712211155
C2351,646,542,1,0.988929889,0,4,542,542,0,0,0,0,1,0,0,0,0,1,1,0,0,0,0,0,1,0,0,0,0,0,0,0,0,0,0,0.059894048,0.068704398,0.077344944,0.064858538,0.000290351,40000000,390000,0.728907719
C2506,1433,1124,5,0.987544484,0,3,1201,1124,0,0,0,0.204626335,0.635231317,0,0.088967972,0.071174377,0,1.068505338,1,0,0,0,0,0,1,0,0,0,0,0,0,0,0,0,0,0.06825098,0.071206515,0.09289139,0.072399676,0.000218929,43000000,450000,0.695032511
C1697,854,526,1,0.992395437,0,3,727,526,0,0,0,0,0,0,0.433460076,0.566539924,0,1.382129278,1,0,0,0,0,0,1,0,0,0,0,0,0,0,0,0,0,0.059894048,0.068704398,0.077344944,0.064858538,0.000290351,69000000,375000,0.728907719
C2259,1378,947,1,0.994720169,0,2,1306,947,0,0,0,0,0,0,0.430834213,0.569165787,0,1.379091869,1,0,0,0,0,0,1,0,0,0,0,0,0,0,0,0,0,0.059894048,0.068704398,0.077344944,0.064858538,0.000290351,69000000,375000,0.728907719
C1786,345,480,0,0.947916667,0,3,338,480,0.325,0.483333333,0.191666667,0,0,0,0,0,0,0.704166667,0,0,0,0,0,1,0,0,0,0,0,0,0,1,1,0,0,0.063157012,0.054321402,0.087266326,0.072177048,0.000318551,51309000,26720,0.722759695
C1357,995,908,7,0.970264317,0,1,1001,908,0,0,0,0,0,0,0.832599119,0.167400881,0,1.102422907,1,0,0,0,0,0,1,0,0,0,0,0,0,0,0,0,0,0.057233413,0.048866037,0.082899,0.068854768,0.000267643,57000000,550000,0.741879163
C2570,205,450,10,0.968888889,0,2,318,450,0,0.8,0.2,0,0,0,0,0,0,0.706666667,0,0,0,0,0,1,0,0,0,0,0,0,0,0,0,0,1,0.07033852,0.053470531,0.079965535,0.0777949,0.000149128,15580000,85000,0.718281387
C1565,588,1020,5,0.958823529,0,3,719,1020,0,0.637254902,0.362745098,0,0,0,0,0,0,0.704901961,0,0,0,0,0,1,0,0,0,0,0,0,0,1,0,0,0,0.06825098,0.071206515,0.09289139,0.072399676,0.000218929,15740000,78700,0.695032511
C1910,396,616,11,0.965909091,0,2,350,612,0.37012987,0.298701299,0.324675325,0,0,0,0,0,0,0.568181818,0,0,0,0,0,1,0,0,0,0,0,0,0,1,0,0,0,0.070322283,0.046595927,0.081407764,0.074382126,0.000158176,19720000,118320,0.727133743
C2359,693,820,10,0.98902439,0,3,629,820,0,0.595121951,0.258536585,0.146341463,0,0,0,0,0,0.767073171,0,0,0,1,1,0,0,0,0,0,0,0,1,0,0,0,0,0.07033852,0.053470531,0.079965535,0.0777949,0.000149128,7126000,90460,0.718281387
C2139,155,311,2,0.964630225,0,4,232,306,0,0.347266881,0.443729904,0.192926045,0,0,0,0,0,0.745980707,0,0,0,1,0,0,0,0,0,0,0,0,1,0,0,0,0,0.07061753,0.057549801,0.08687251,0.072569721,0.000179283,9061000,147000,0.712211155
C1979,133,270,1,0.937037037,0,4,183,270,0.355555556,0.144444444,0.5,0,0,0,0,0,0,0.677777778,0,0,0,0,0,1,0,0,0,0,0,0,0,0,0,1,0,0.059894048,0.068704398,0.077344944,0.064858538,0.000290351,37419000,164480,0.728907719
C1803,78,100,9,0.87,0,2,57,100,0.32,0.34,0.34,0,0,0,0,0,0,0.57,0,0,0,0,0,1,0,0,0,0,0,0,0,1,0,0,0,0.074688623,0.052411602,0.084844939,0.067708769,8.36E-05,34400000,163680,0.720262478
C2508,568,847,11,0.984651712,0,3,496,842,0,0.618654073,0.266824085,0.108618654,0,0,0,0,0,0.585596222,0,0,0,1,1,0,0,0,0,0,0,0,1,0,0,0,0,0.070322283,0.046595927,0.081407764,0.074382126,0.000158176,9000000,106000,0.727133743
C2531,358,540,12,0.959259259,0,6,397,540,0.181481481,0.407407407,0.233333333,0.177777778,0,0,0,0,0,0.735185185,0,0,0,1,0,1,0,0,0,0,0,0,1,1,0,0,0,0.069666598,0.048026181,0.088402536,0.068930252,0.000368173,20874000,141000,0.724606245
C1695,123,203,10,0.9408867,0,4,109,200,0.438423645,0.192118227,0.354679803,0,0,0,0,0,0,0.536945813,0,0,0,0,0,1,0,0,0,0,0,0,0,1,0,0,0,0.07033852,0.053470531,0.079965535,0.0777949,0.000149128,22440000,132770,0.718281387
C2556,148,303,9,0.930693069,0,2,249,300,0,0,0.765676568,0.224422442,0,0,0,0,0,0.821782178,0,0,0,1,0,0,0,0,0,0,0,0,1,0,0,0,0,0.074688623,0.052411602,0.084844939,0.067708769,8.36E-05,7200000,119000,0.720262478
C2086,1524,1080,8,0.993518519,0,2,1142,1080,0,0,0,0,0.561111111,0,0.216666667,0.222222222,0,1.057407407,1,0,0,0,0,0,1,0,0,0,0,0,0,0,0,0,0,0.064832896,0.1044468,0.067064666,0.056631144,0.000278971,39000000,460000,0.706745521
C1544,713,442,5,0.977375566,0,2,533,442,0,0,0,0,0,0,0.330316742,0.669683258,0,1.205882353,1,0,0,0,0,0,1,0,0,0,0,0,0,0,0,0,0,0.06825098,0.071206515,0.09289139,0.072399676,0.000218929,53000000,490000,0.695032511
C2154,124,178,0,0.988764045,0,1,131,178,0,0.674157303,0.112359551,0.213483146,0,0,0,0,0,0.735955056,0,0,0,1,0,0,1,0,0,0,0,0,0,0,0,0,0,0.063157012,0.054321402,0.087266326,0.072177048,0.000318551,10450000,150000,0.722759695
C2496,1400,818,11,1,0,3,995,818,0,0,0,0,0,0,0.229828851,0.770171149,0,1.216381418,1,0,0,0,0,0,1,0,0,0,0,0,0,0,0,0,0,0.070322283,0.046595927,0.081407764,0.074382126,0.000158176,69000000,590000,0.727133743
C1756,609,404,9,0.997524752,0,3,486,404,0,0,0,0,0,0,0,1,0,1.202970297,1,0,0,0,0,0,1,0,0,0,0,0,0,0,0,0,0,0.074688623,0.052411602,0.084844939,0.067708769,8.36E-05,55000000,620000,0.720262478
C2362,196,1509,1,0.969516236,0,2,1055,1500,0,0.711729622,0.282306163,0,0,0,0,0,0,0.699138502,0,0,0,0,0,1,0,0,0,0,0,0,0,1,0,0,0,0.059894048,0.068704398,0.077344944,0.064858538,0.000290351,23520000,99000,0.728907719
C2568,189,412,3,0.924757282,0,2,287,410,0.339805825,0.291262136,0.36407767,0,0,0,0,0,0,0.696601942,0,0,0,0,0,1,0,0,0,0,0,0,0,1,0,0,0,0.067859253,0.049572015,0.087149472,0.072145968,0.000233571,15080000,87960,0.723039681
C2245,98,212,2,0.896226415,0,1,114,210,0.339622642,0.349056604,0.301886792,0,0,0,0,0,0,0.537735849,0,0,0,0,0,1,0,0,0,0,0,0,0,0,1,0,0,0.07061753,0.057549801,0.08687251,0.072569721,0.000179283,50657000,26380,0.712211155
C2059,13,26,1,0.961538462,1,3,13,26,0.461538462,0,0.538461538,0,0,0,0,0,0,0.5,0,0,0,0,0,1,0,0,0,0,0,0,0,0,0,1,0,0.059894048,0.068704398,0.077344944,0.064858538,0.000290351,27961000,116000,0.728907719
C2549,165,202,12,0.915841584,0,2,141,200,0.396039604,0.198019802,0.396039604,0,0,0,0,0,0,0.698019802,0,0,0,0,0,1,0,0,0,0,0,0,0,1,0,0,0,0.069666598,0.048026181,0.088402536,0.068930252,0.000368173,25200000,107100,0.724606245
C1584,507,1227,1,0.967400163,0,3,857,1220,0.345558272,0.347188264,0.301548492,0,0,0,0,0,0,0.698451508,0,0,0,0,0,1,0,0,0,0,0,0,0,1,0,0,0,0.059894048,0.068704398,0.077344944,0.064858538,0.000290351,42680000,195000,0.728907719
C2298,444,581,6,0.963855422,0,3,408,578,0.165232358,0.402753873,0.426850258,0,0,0,0,0,0,0.702237522,0,0,0,0,0,1,0,0,0,0,0,0,0,1,0,0,0,0.064246782,0.066847799,0.085750733,0.068819271,0.000298206,24520000,118000,0.714037243
C2225,448,1206,2,0.959369818,0,3,842,1200,0.417910448,0.2039801,0.373134328,0,0,0,0,0,0,0.698175788,0,0,0,0,0,1,0,0,0,0,0,0,0,0,1,0,0,0.07061753,0.057549801,0.08687251,0.072569721,0.000179283,51961000,27060,0.712211155
C2328,1374,1077,14,0.99628598,0,2,1239,1077,0,0,0,0,1,0,0,0,0,1.150417827,1,0,0,0,0,0,1,0,0,0,0,0,0,0,0,0,0,0.064936655,0.056625252,0.082746802,0.074276271,0.000257054,44000000,390000,0.721157947
C1045,266,464,0,0.971982759,0,2,288,464,0,0.379310345,0.38362069,0.237068966,0,0,0,0,0,0.620689655,0,0,0,1,0,0,0,0,0,0,0,0,1,0,0,0,0,0.063157012,0.054321402,0.087266326,0.072177048,0.000318551,13700000,150000,0.722759695
C1207,59,100,4,0.9,0,6,54,100,0,0.76,0.24,0,0,0,0,0,0,0.54,0,0,0,0,0,1,0,0,0,0,0,0,0,1,0,0,0,0.066875166,0.064416056,0.07990214,0.067442652,0.000353103,22832000,117960,0.721010872
C1970,159,214,4,0.925233645,0,6,108,200,0.355140187,0.299065421,0.280373832,0,0,0,0,0,0,0.504672897,0,0,0,0,0,1,0,0,0,0,0,0,0,1,0,0,0,0.066875166,0.064416056,0.07990214,0.067442652,0.000353103,25504000,131770,0.721010872
C1732,267,266,4,0.936090226,0,3,188,264,0.338345865,0.255639098,0,0.398496241,0,0,0,0,0,0.706766917,0,0,0,0,0,1,0,0,0,0,0,0,0,0,0,1,0,0.066875166,0.064416056,0.07990214,0.067442652,0.000353103,19026000,99880,0.721010872
C2433,130,511,1,0.962818004,0,2,389,508,0.352250489,0.203522505,0.438356164,0,0,0,0,0,0,0.761252446,0,0,0,0,0,1,0,0,0,0,0,0,0,1,0,0,0,0.059894048,0.068704398,0.077344944,0.064858538,0.000290351,27640000,119000,0.728907719
C1156,505,1004,14,0.953187251,0,3,700,998,0.40438247,0.207171315,0.38247012,0,0,0,0,0,0,0.697211155,0,0,0,0,0,1,0,0,0,0,0,0,0,0,1,0,0,0.064936655,0.056625252,0.082746802,0.074276271,0.000257054,67718000,35270,0.721157947
C2142,396,954,9,0.957023061,0,5,772,946,0,0.35639413,0.408805031,0.226415094,0,0,0,0,0,0.809224319,0,0,0,1,0,0,0,0,0,0,0,0,1,0,0,0,0,0.074688623,0.052411602,0.084844939,0.067708769,8.36E-05,13645000,171500,0.720262478
C2153,280,362,10,0.944751381,0,3,345,362,0,0.309392265,0.359116022,0.331491713,0,0,0,0,0,0.953038674,0,0,0,1,0,0,0,0,0,0,0,0,1,0,0,0,0,0.07033852,0.053470531,0.079965535,0.0777949,0.000149128,10808500,162855,0.718281387
C2186,744,924,5,1,0,8,664,916,0,0.54978355,0.238095238,0.203463203,0,0,0,0,0,0.718614719,0,0,0,1,1,0,0,1,0,0,0,0,1,0,0,0,0,0.06825098,0.071206515,0.09289139,0.072399676,0.000218929,19572500,187610,0.695032511
C1176,619,1486,14,0.962987887,0,3,1493,1486,0,0.234185734,0.36204576,0.403768506,0,0,0,0,0,1.004710633,0,0,0,1,0,0,0,0,0,0,0,0,1,0,0,0,0,0.064936655,0.056625252,0.082746802,0.074276271,0.000257054,18140000,179270,0.721157947
C2446,1204,2200,1,0.985454545,0,5,1570,2200,0.045454545,0.401818182,0.254545455,0.298181818,0,0,0,0,0,0.713636364,0,0,0,0,0,1,0,0,0,0,0,0,0,0,0,0,1,0.059894048,0.068704398,0.077344944,0.064858538,0.000290351,46550000,193955,0.728907719
C2586,57,90,12,0.922222222,0,3,66,90,0.133333333,0.466666667,0.4,0,0,0,0,0,0,0.733333333,0,0,0,0,0,1,0,0,0,0,0,0,0,1,0,0,0,0.069666598,0.048026181,0.088402536,0.068930252,0.000368173,26000000,110500,0.724606245
C2035,246,492,0,0.951219512,0,1,521,492,0,0.317073171,0.317073171,0.365853659,0,0,0,0,0,1.058943089,0,0,0,1,0,0,1,0,0,0,0,0,0,0,0,0,0,0.063157012,0.054321402,0.087266326,0.072177048,0.000318551,15500000,180000,0.722759695
C2020,19,40,7,0.825,1,2,25,40,0.5,0.125,0.375,0,0,0,0,0,0,0.625,0,0,0,0,0,1,0,0,0,0,0,0,0,0,0,1,0,0.057233413,0.048866037,0.082899,0.068854768,0.000267643,28000000,135330,0.741879163
C2437,16,90,14,0.866666667,0,1,30,90,0,1,0,0,0,0,0,0,0,0.333333333,0,0,0,0,1,0,0,1,0,0,0,0,0,0,0,0,0,0.064936655,0.056625252,0.082746802,0.074276271,0.000257054,10346000,107530,0.721157947
C2532,146,239,0,0.970711297,0,1,166,239,0,0,0,0.158995816,0.841004184,0,0,0,0,0.694560669,0,0,0,1,0,0,1,0,0,0,0,0,0,0,0,0,0,0.063157012,0.054321402,0.087266326,0.072177048,0.000318551,14005000,142310,0.722759695
