code,target,totpop,region,proplive,sub,bus,numpark,totrent,a15,a20,a30,a40,a50,a60,a70,a80,a100,proprent,numpark_fam,type,pub10,pub50,pub99,gukmin,forever,sanga,happy,A,C,D,E,FMO,G,HI,J,K,L,N,fee_deposit,fee_rent
C2515,205,545,2,0.968807339,0,3,624,545,0,0,0.653211009,0.104587156,0.242201835,0,0,0,0,1,1.144954128,0,0,0,0,1,0,0,0,1,0,0,0,0,0,0,0,0,0,0,18433000,149760
C1407,1064,1216,6,0.989309211,1,1,1285,1216,0,0,0.320723684,0.577302632,0.101973684,0,0,0,0,1,1.056743421,0,0,0,0,1,0,0,0,1,0,0,0,0,0,0,0,0,0,0,27637000,164610
C1470,553,696,11,0.979885057,0,2,645,696,0,0,0.364942529,0.281609195,0.353448276,0,0,0,0,1,0.926724138,0,0,0,0,1,0,0,0,1,0,0,0,0,0,0,0,0,0,0,16821500,117145
C1898,415,566,11,0.98409894,0,6,517,566,0,0,0.478798587,0.369257951,0.151943463,0,0,0,0,1,0.913427562,0,0,0,0,1,0,0,0,1,0,0,0,0,0,0,0,0,0,0,16821500,117145
C1244,1804,1722,1,0.994192799,0,10,1483,1722,0,0,0.457607433,0.315911731,0.226480836,0,0,0,0,1,0.861207898,0,0,0,0,1,0,0,0,1,0,0,0,0,0,0,0,0,0,0,43990000,304540
C1171,700,624,6,0.979166667,0,5,634,624,0,0,0.567307692,0.368589744,0.064102564,0,0,0,0,1,1.016025641,0,0,0,0,1,0,0,0,1,0,0,0,0,0,0,0,0,0,0,35462000,189130
C2073,301,361,0,0.96398892,0,5,288,361,0,0,0.465373961,0.423822715,0.110803324,0,0,0,0,1,0.797783934,0,0,0,0,1,0,0,0,1,0,0,0,0,0,0,0,0,0,0,16821000,205460
C2513,820,754,4,0.980106101,0,6,530,754,0,0,0,0,1,0,0,0,0,1,0.702917772,0,0,0,0,1,0,0,0,1,0,0,0,0,0,0,0,0,0,0,32443000,192250
C1936,234,240,4,0.966666667,0,10,168,240,0,0,0,0,1,0,0,0,0,1,0.7,0,0,0,0,1,0,0,0,1,0,0,0,0,0,0,0,0,0,0,32443000,192250
C2049,841,688,0,1,0,5,631,688,0,0,0,0,1,0,0,0,0,1,0.917151163,0,0,0,0,1,0,0,0,1,0,0,0,0,0,0,0,0,0,0,15407000,88400
C2202,226,623,0,1,0,2,222,623,0,0,0.142857143,0.857142857,0,0,0,0,0,1,0.356340289,0,0,1,0,0,0,0,0,1,0,0,0,0,0,0,0,0,0,0,10244000,152280
C1925,75,601,0,0.985024958,0,4,117,600,0,0.495840266,0.500831947,0,0,0,0.001663894,0,0,0.998336106,0.194675541,1,0,0,0,0,1,1,0,0,1,1,0,0,0,0,0,0,0,0,8687000,137655
C2576,73,405,2,0.95308642,0,4,296,405,0,0,0,0.772839506,0.227160494,0,0,0,0,1,0.730864198,0,0,0,0,1,0,0,0,1,0,0,0,0,0,0,0,0,0,0,23844000,198600
C1312,359,518,13,0.976833977,0,3,527,517,0,0,0.287644788,0.71042471,0,0,0,0,0,0.998069498,1.017374517,0,0,0,0,1,0,0,0,1,0,0,0,0,0,0,0,0,0,0,18707000,126575
C1874,62,619,13,0.996768982,0,2,97,619,0.004846527,0.741518578,0.243941842,0.004846527,0.004846527,0,0,0,0,1,0.156704362,1,0,0,0,0,1,1,0,0,1,1,0,0,0,0,0,0,0,0,7062500,85355
C2650,159,875,7,0.985142857,0,4,616,875,0,0,0.636571429,0.363428571,0,0,0,0,0,1,0.704,0,0,0,0,1,0,0,0,1,0,0,0,0,0,0,0,0,0,0,14215000,141630
C2416,63,560,2,1,0,5,154,560,0.001785714,0.644642857,0.346428571,0.003571429,0.001785714,0,0,0,0.001785714,1,0.275,1,0,0,0,0,1,1,0,0,1,1,0,0,0,0,0,0,0,0,8830500,115910
C2013,91,595,2,0.994957983,0,3,509,594,0,0,0.549579832,0.448739496,0,0,0,0,0,0.998319328,0.855462185,0,0,0,0,1,0,0,0,1,0,0,0,0,0,0,0,0,0,0,13930000,37360
C1424,179,625,6,0.9968,0,7,517,624,0,0,0.4288,0.5696,0,0,0,0,0,0.9984,0.8272,0,0,1,0,0,0,0,0,1,0,0,0,0,0,0,0,0,0,0,20173000,225100
C2100,671,880,6,0.995454545,0,5,736,880,0,0,0,0,1,0,0,0,0,1,0.836363636,0,0,0,0,1,0,0,0,1,0,0,0,0,0,0,0,0,0,0,25096000,100365
C2621,133,1396,6,0.981375358,1,4,277,1396,0,0.767191977,0.219197708,0,0.01217765,0.000716332,0,0,0.000716332,1,0.198424069,1,0,0,0,0,1,1,0,0,1,1,0,0,0,0,0,0,0,0,10514000,130715
C2520,386,970,6,0.997938144,0,2,420,960,0,0,0.989690722,0,0,0,0,0,0,0.989690722,0.432989691,0,0,1,0,0,0,0,0,1,0,0,0,0,0,0,0,0,0,0,13155000,177500
C2319,266,606,6,0.998349835,1,12,548,605,0,0,0,0,0.998349835,0,0,0,0,0.998349835,0.904290429,0,0,0,0,1,0,0,0,1,0,0,0,0,0,0,0,0,0,0,17414000,236590
C1616,98,1507,6,0.99933643,0,2,407,1507,0,0.390179164,0.307232913,0.298606503,0.00199071,0,0.00066357,0,0.00132714,1,0.270072993,1,0,0,0,0,1,1,0,0,1,1,1,0,0,0,0,0,0,0,15418000,90995
C1704,131,639,6,0.946791862,0,7,162,639,0,0,0.998435055,0,0,0,0,0,0.001564945,1,0.253521127,1,0,0,0,0,1,1,0,0,1,1,0,0,0,0,0,0,0,0,8625000,136630
C2258,78,965,6,0.986528497,0,3,287,965,0.003108808,0.61761658,0.190673575,0.186528497,0.001036269,0,0,0,0.001036269,1,0.297409326,1,0,0,0,0,1,1,0,0,1,1,0,0,0,0,0,0,0,0,5850500,84750
C1032,316,946,6,0.993657505,1,2,986,946,0,0,0.071881607,0.072938689,0.855179704,0,0,0,0,1,1.042283298,0,0,0,0,1,0,0,0,1,0,0,0,0,0,0,0,0,0,0,28714000,187260
C2038,108,785,6,0.991082803,1,10,150,785,0.003821656,0.759235669,0.119745223,0.114649682,0.001273885,0,0,0,0.001273885,1,0.191082803,1,0,0,0,0,1,1,0,0,1,1,0,0,0,0,0,0,0,0,5850500,79980
C1859,116,2424,6,0.999587459,1,4,487,2424,0,0.777640264,0.208333333,0,0.012788779,0,0.000412541,0,0.000825083,1,0.200907591,1,0,0,0,0,1,1,0,0,1,1,0,0,0,0,0,0,0,0,34967000,195660
C1722,649,809,0,0.998763906,0,6,264,809,0,0.184177998,0.300370828,0.51421508,0,0,0.001236094,0,0,1,0.326328801,1,0,1,0,0,1,1,0,1,1,1,0,0,0,0,0,0,0,0,9984000,138130
C1850,254,388,2,1,0,4,226,385,0,0,0.229381443,0.762886598,0,0,0,0,0,0.992268041,0.582474227,0,0,1,0,0,0,0,0,1,0,0,0,0,0,0,0,0,0,0,14418000,244420
C2190,129,1013,2,0.993089832,0,2,178,1013,0.0029615,0.846001974,0.149062192,0.001974334,0,0,0,0,0,1,0.175715696,1,0,0,0,0,1,1,0,0,1,1,0,0,0,0,0,0,0,0,4032000,79980
C1476,70,453,2,0.986754967,0,5,107,453,0,0.657836645,0.33995585,0,0,0,0.002207506,0,0,1,0.236203091,1,0,0,0,0,1,1,0,0,1,1,0,0,0,0,0,0,0,0,8454000,113335
C1077,236,861,2,0.975609756,0,5,612,861,0,0,0.299651568,0.321718931,0.378629501,0,0,0,0,1,0.710801394,0,0,0,0,1,0,0,0,1,0,0,0,0,0,0,0,0,0,0,19973000,147300
C1068,510,806,13,0.986352357,0,2,804,805,0,0,0.40942928,0.476426799,0.112903226,0,0,0,0,0.998759305,0.99751861,0,0,0,0,1,0,0,0,1,0,0,0,0,0,0,0,0,0,0,16853500,137320
C1983,253,903,13,0.996677741,0,4,200,903,0,0.529346622,0.468438538,0,0,0.00110742,0,0,0.00110742,1,0.221483942,1,0,1,0,0,1,1,0,1,1,1,0,0,0,0,0,0,0,0,9714000,142850
C2135,127,1116,7,0.991039427,1,3,262,1116,0.002688172,0.592293907,0.403225806,0,0.000896057,0,0,0,0.000896057,1,0.234767025,1,0,0,0,0,1,1,0,0,1,1,0,0,0,0,0,0,0,0,5787000,89365
C2034,132,1486,7,0.998654105,1,3,405,1486,0.002018843,0.487213997,0.508748318,0,0.000672948,0,0.000672948,0,0.000672948,1,0.272543742,1,0,0,0,0,1,1,0,0,1,1,0,0,0,0,0,0,0,0,12015000,124390
C1109,313,1957,7,0.999489014,1,2,351,1957,0,0.767501277,0.23147675,0,0.000510986,0,0,0,0.000510986,1,0.179356157,1,0,0,0,0,1,1,0,0,1,1,0,0,0,0,0,0,0,0,9000000,106130
C1497,382,802,7,0.99127182,1,14,375,802,0,0,1,0,0,0,0,0,0,1,0.467581047,0,0,1,0,0,0,0,0,1,0,0,0,0,0,0,0,0,0,0,13253500,168575
C2289,364,1527,7,0.998690242,0,3,240,1527,0,0.635232482,0.360183366,0,0.003274394,0,0.000654879,0,0.000654879,1,0.157170923,1,0,0,0,0,1,1,0,0,1,1,0,0,0,0,0,0,0,0,10813000,84510
C2597,94,1005,7,0.975124378,0,2,166,1005,0.002985075,0.753233831,0.237810945,0.00199005,0.002985075,0,0,0,0.000995025,1,0.165174129,1,0,0,0,0,1,1,0,0,1,1,0,0,0,0,0,0,0,0,15315000,87485
C2310,189,1988,7,0.999496982,0,2,217,1988,0,0.840040241,0.156438632,0,0.002515091,0,0.000503018,0,0.000503018,1,0.10915493,1,0,0,0,0,1,1,0,0,1,1,0,0,0,0,0,0,0,0,11819000,81130
C1672,873,1350,7,0.988888889,0,1,1043,1350,0,0,0,0,1,0,0,0,0,1,0.772592593,0,0,0,0,1,0,0,0,1,0,0,0,0,0,0,0,0,0,0,18717500,229825
C2132,359,2428,7,0.999588138,0,1,756,282,0.002059308,0.004118616,0.106260297,0.000411862,0.002059308,0,0.000411862,0,0.000823723,0.116144975,0.311367381,1,0,0,0,0,1,1,0,0,1,1,0,0,0,0,0,0,0,0,16800000,87610
C1439,172,1755,7,0.983475783,1,3,270,1755,0.005698006,0.848433048,0.074643875,0.06951567,0,0.000569801,0,0,0.001139601,1,0.153846154,1,0,0,0,0,1,1,0,0,1,1,0,0,0,0,0,0,0,0,14616000,78665
C1613,498,840,7,0.991666667,1,1,594,840,0,0,0,0,1,0,0,0,0,1,0.707142857,0,0,0,0,1,0,0,0,1,0,0,0,0,0,0,0,0,0,0,20345000,257630
C2216,149,390,13,0.994871795,0,1,97,390,0,0,1,0,0,0,0,0,0,1,0.248717949,0,0,1,0,0,0,0,0,1,0,0,0,0,0,0,0,0,0,0,9447000,132910
C1899,31,451,2,1,0,4,109,451,0,0.66075388,0.33924612,0,0,0,0,0,0,1,0.241685144,1,0,0,0,0,1,1,0,0,1,1,0,0,0,0,0,0,0,0,8142500,85380
C1056,125,410,12,1,0,10,120,410,0,0.487804878,0.512195122,0,0,0,0,0,0,1,0.292682927,1,0,0,0,0,1,1,0,0,1,1,0,0,0,0,0,0,0,0,8166500,117270
C2644,177,779,13,0.991014121,0,12,190,778,0,0.498074454,0.496790757,0.003851091,0,0,0,0,0,0.998716303,0.243902439,1,0,1,0,0,1,1,0,1,1,1,0,0,0,0,0,0,0,0,11879000,127670
C1206,90,755,0,0.998675497,0,4,88,488,0,0.316556291,0.327152318,0,0,0.001324503,0,0,0.001324503,0.646357616,0.116556291,1,0,0,0,0,1,1,0,0,1,1,0,0,0,0,0,0,0,0,9134000,117270
C2481,302,693,9,0.997113997,0,2,486,693,0,0,0.627705628,0.372294372,0,0,0,0,0,1,0.701298701,0,0,0,0,1,0,0,0,1,0,0,0,0,0,0,0,0,0,0,13221000,101390
C1718,496,753,9,0.969455511,0,2,682,753,0,0,0,0.751660027,0.248339973,0,0,0,0,1,0.905710491,0,0,0,0,1,0,0,0,1,0,0,0,0,0,0,0,0,0,0,27465500,218475
C1655,236,498,0,0.953815261,0,6,402,498,0,0,0.176706827,0.53815261,0.285140562,0,0,0,0,1,0.807228916,0,0,0,0,1,0,0,0,1,0,0,0,0,0,0,0,0,0,0,19973000,132320
C1430,839,1533,7,0.979125897,0,3,1296,1533,0,0,0,0,1,0,0,0,0,1,0.845401174,0,0,0,0,1,0,0,0,1,0,0,0,0,0,0,0,0,0,0,31835000,185990
C1775,96,711,12,0.992967651,0,8,131,711,0,0.506329114,0.492264416,0,0,0,0,0,0.00140647,1,0.184247539,1,0,0,0,0,1,1,0,0,1,1,0,0,0,0,0,0,0,0,7204000,141000
C1519,235,420,12,1,0,0,393,420,0,0,0.6,0.4,0,0,0,0,0,1,0.935714286,0,0,0,0,1,0,0,0,1,0,0,0,0,0,0,0,0,0,0,15472000,94375
C2221,359,590,12,0.998305085,0,3,376,590,0,0,0,1,0,0,0,0,0,1,0.637288136,0,0,1,0,0,0,0,0,1,0,0,0,0,0,0,0,0,0,0,15406500,246675
C1790,120,657,2,0.99695586,0,4,166,657,0.00608828,0.397260274,0.590563166,0.00152207,0.00152207,0,0,0.00152207,0.00152207,1,0.252663623,1,0,0,0,0,1,1,0,0,1,1,0,0,0,0,0,0,0,0,8133000,98750
C2109,60,495,2,0.995959596,0,4,117,495,0,0.581818182,0.416161616,0,0,0,0,0,0.002020202,1,0.236363636,1,0,0,0,0,1,1,0,0,1,1,0,0,0,0,0,0,0,0,8200000,110000
C1698,65,460,2,0.997826087,0,3,155,460,0,0,1,0,0,0,0,0,0,1,0.336956522,1,0,0,0,0,1,1,0,0,1,1,0,0,0,0,0,0,0,0,12864000,156705
C1866,135,338,2,0.99704142,0,3,235,338,0,0,0.683431953,0.316568047,0,0,0,0,0,1,0.695266272,0,0,0,0,1,0,0,0,1,0,0,0,0,0,0,0,0,0,0,11421000,102215
C1005,376,1144,13,0.986013986,0,8,950,1144,0,0,0,0,1,0,0,0,0,1,0.83041958,0,0,0,0,1,0,0,0,1,0,0,0,0,0,0,0,0,0,0,16348000,210900
C1004,93,521,13,0.994241843,0,2,153,521,0.005758157,0.015355086,0.975047985,0,0.001919386,0,0,0,0.001919386,1,0.293666027,1,0,0,0,0,1,1,0,0,1,1,0,0,0,0,0,0,0,0,5787000,89220
C1875,209,1003,13,0.995014955,0,8,192,1003,0.002991027,0.843469591,0.151545364,0,0.000997009,0,0,0,0.000997009,1,0.191425723,1,0,0,0,0,1,1,0,0,1,1,0,0,0,0,0,0,0,0,9483000,78990
C2156,204,306,13,1,0,1,246,305,0,0,0.784313725,0,0.212418301,0,0,0,0,0.996732026,0.803921569,0,0,0,0,1,0,0,0,1,0,0,0,0,0,0,0,0,0,0,11147000,90410
C2212,86,697,0,1,0,4,128,697,0,0.427546628,0.56527977,0,0,0.005738881,0,0,0.00143472,1,0.183644189,1,0,0,0,0,1,1,0,0,1,1,0,0,0,0,0,0,0,0,8929000,144820
C2401,19,213,0,0.901408451,0,3,164,213,0,0,0.305164319,0.488262911,0.20657277,0,0,0,0,1,0.769953052,0,0,0,0,1,0,0,0,1,0,0,1,0,0,0,0,0,0,0,25964000,72660
C2571,62,481,2,0.98960499,0,1,65,481,0,0.972972973,0.024948025,0,0,0,0,0,0.002079002,1,0.135135135,1,0,0,0,0,1,1,0,0,1,1,0,0,0,0,0,0,0,0,6931000,92900
C1175,430,468,13,0.967948718,0,2,477,468,0,0,0,0.423076923,0.576923077,0,0,0,0,1,1.019230769,0,0,0,0,1,0,0,0,1,0,0,0,0,0,0,0,0,0,0,26258000,160100
C1833,1001,1364,12,0.986070381,0,5,1505,1364,0,0,0.58797654,0.250733138,0.161290323,0,0,0,0,1,1.103372434,0,0,0,0,1,0,0,0,1,0,0,0,0,0,0,0,0,0,0,15620000,123750
C2445,334,800,14,0.98,0,4,671,800,0,0,0.6525,0.16875,0.17875,0,0,0,0,1,0.83875,0,0,0,0,1,0,0,0,1,0,0,0,0,0,0,0,0,0,0,15620000,141770
C1885,616,830,10,0.98313253,0,4,802,830,0,0,0.6,0.4,0,0,0,0,0,1,0.96626506,0,0,0,0,1,0,0,0,1,0,0,0,0,0,0,0,0,0,0,14418000,100920
C2368,548,775,10,0.987096774,0,4,738,775,0,0,0.6,0,0.4,0,0,0,0,1,0.952258065,0,0,0,0,1,0,0,0,1,0,0,0,0,0,0,0,0,0,0,14418000,100920
C2016,220,261,14,0.942528736,0,2,198,261,0,0,0.490421456,0.509578544,0,0,0,0,0,1,0.75862069,0,0,0,0,1,0,0,0,1,0,0,0,0,0,0,0,0,0,0,12234000,103875
C2371,451,474,3,0.957805907,0,1,374,474,0,0,0.556962025,0.345991561,0.097046414,0,0,0,0,1,0.789029536,0,0,0,0,1,0,0,0,1,0,0,0,0,0,0,0,0,0,0,17302000,108130
C2536,47,72,11,0.902777778,0,1,54,72,0,0,0.666666667,0.333333333,0,0,0,0,0,1,0.75,0,0,0,0,1,0,0,0,1,0,0,0,0,0,0,0,0,0,0,9074000,50400
C2538,799,1473,1,0.991174474,0,3,1299,1473,0,0.127630686,0.479293958,0.200950441,0.192124915,0,0,0,0,1,0.881873727,0,0,0,0,1,0,0,0,1,0,0,0,0,1,1,0,0,0,0,39668000,311110
C1014,708,996,11,0.99497992,0,2,823,996,0,0,0.518072289,0.281124498,0.200803213,0,0,0,0,1,0.826305221,0,0,0,0,1,0,0,0,1,0,0,0,0,0,0,0,0,0,0,21628000,150190
C1592,739,870,0,0.985057471,0,5,763,870,0,0,0.606896552,0.236781609,0.156321839,0,0,0,0,1,0.877011494,0,0,0,0,1,0,0,0,1,0,0,0,0,0,0,0,0,0,0,12387000,172190
C1867,374,678,2,0.961651917,0,2,579,678,0,0,0.669616519,0.123893805,0.206489676,0,0,0,0,1,0.853982301,0,0,0,0,1,0,0,0,1,0,0,0,0,0,0,0,0,0,0,9972000,100920
C2326,557,632,14,0.976265823,0,4,478,632,0,0,0.724683544,0.275316456,0,0,0,0,0,1,0.756329114,0,0,0,0,1,0,0,0,1,0,0,0,0,0,0,0,0,0,0,13216000,114140
C1015,579,961,7,0.970863684,0,3,928,961,0,0,0.494276795,0.395421436,0.110301769,0,0,0,0,1,0.96566077,0,0,0,0,1,0,0,0,1,0,0,0,0,0,0,0,0,0,0,15583000,140810
C1620,1101,1232,4,0.982142857,0,4,1181,1232,0,0,0.575487013,0.424512987,0,0,0,0,0,1,0.958603896,0,0,0,0,1,0,0,0,1,0,0,0,0,0,0,0,0,0,0,25233000,141770
C1049,762,676,4,0.973372781,0,3,658,676,0,0,0.575443787,0,0.424556213,0,0,0,0,1,0.973372781,0,0,0,0,1,0,0,0,1,0,0,0,0,0,0,0,0,0,0,31242000,175410
C2000,795,1300,2,0.983846154,0,2,1082,1300,0,0,0.346153846,0.538461538,0.115384615,0,0,0,0,1,0.832307692,0,0,0,0,1,0,0,0,1,0,0,0,0,0,0,0,0,0,0,19225000,169420
C2097,995,998,3,0.970941884,0,2,1240,998,0,0,0.552104208,0.359719439,0.088176353,0,0,0,0,1,1.24248497,0,0,0,0,1,0,0,0,1,0,0,1,0,0,0,0,0,0,0,16737000,110790
C1668,288,493,10,0.985801217,0,4,421,493,0,0,0.448275862,0.30831643,0.243407708,0,0,0,0,1,0.853955375,0,0,0,0,1,0,0,0,1,0,0,0,0,0,0,0,0,0,0,9611000,75690
C1689,960,1117,1,0.996418979,1,3,985,1117,0,0.166517457,0.397493286,0.303491495,0.132497762,0,0,0,0,1,0.881826321,0,0,0,0,1,0,0,0,1,0,0,0,0,0,0,0,0,0,0,42909000,291970
C1234,311,307,0,0.996742671,0,2,219,307,0,0,0,0,1,0,0,0,0,1,0.713355049,0,0,0,0,1,0,0,0,1,0,0,0,0,0,0,0,0,0,0,23830000,153765
C2514,648,501,2,0.98003992,0,1,405,501,0,0,0,0.447105788,0.552894212,0,0,0,0,1,0.808383234,0,0,0,0,1,0,0,0,1,0,0,0,0,0,0,0,0,0,0,15483500,149870
C1368,861,896,3,0.967633929,0,10,900,896,0,0,0.196428571,0.200892857,0.602678571,0,0,0,0,1,1.004464286,0,0,0,0,1,0,0,0,1,0,0,0,0,0,0,0,0,0,0,20847500,176635
C1057,521,521,3,0.953934741,0,4,521,521,0,0,0.257197697,0.259117083,0.483685221,0,0,0,0,1,1,0,0,0,0,1,0,0,0,1,0,0,0,0,0,0,0,0,0,0,20847500,176635
C2336,562,458,3,0.971615721,0,2,399,458,0,0,0.375545852,0.502183406,0.122270742,0,0,0,0,1,0.871179039,0,0,0,0,1,0,0,0,1,0,0,0,0,0,0,0,0,0,0,19787000,134300
C1026,422,290,3,0.965517241,0,2,205,290,0,0,0,0,1,0,0,0,0,1,0.706896552,0,0,0,0,1,0,0,0,1,0,0,0,0,0,0,0,0,0,0,24147500,109280
C2256,344,409,2,0.982885086,0,1,316,409,0,0.215158924,0.320293399,0.322738386,0.141809291,0,0,0,0,1,0.772616137,0,0,0,0,1,0,0,0,1,0,0,0,0,0,0,0,0,0,0,15590000,136710
C1900,596,586,11,0.996587031,0,2,472,586,0,0,0.402730375,0.351535836,0.245733788,0,0,0,0,1,0.805460751,0,0,0,0,1,0,0,0,1,0,0,0,0,0,0,0,0,0,0,17477000,106090
C2666,701,1084,7,0.978782288,0,1,837,1084,0,0,0.422509225,0.577490775,0,0,0,0,0,1,0.772140221,0,0,0,0,1,0,0,0,1,0,0,0,0,0,0,0,0,0,0,18890500,133145
C2361,1117,1174,1,0.992333901,0,4,1026,1174,0,0,0.359454855,0.325383305,0.31516184,0,0,0,0,1,0.873935264,0,0,0,0,1,0,0,0,1,0,0,0,0,0,1,0,0,0,0,37454000,259660
C1642,297,270,10,0.948148148,0,6,222,270,0,0,0.444444444,0.555555556,0,0,0,0,0,1,0.822222222,0,0,0,0,1,0,0,0,1,0,0,0,0,0,0,0,0,0,0,17477000,107200
C1013,1665,1308,4,0.987767584,0,6,1119,1308,0,0,0.222477064,0.578746177,0.198776758,0,0,0,0,1,0.855504587,0,0,0,0,1,0,0,0,1,0,0,0,0,0,0,0,0,0,0,24665000,135960
C2232,248,355,4,0.963380282,0,3,354,355,0,0,0.321126761,0.270422535,0.408450704,0,0,0,0,1,0.997183099,0,0,0,0,1,0,0,0,1,0,0,0,0,0,0,0,0,0,0,22297000,121945
C1973,457,384,4,0.9609375,0,3,384,384,0,0,0.21875,0,0.78125,0,0,0,0,1,1,0,0,0,0,1,0,0,0,1,0,0,0,0,0,0,0,0,0,0,19819000,110110
C2458,910,853,4,0.967174678,0,3,853,853,0,0,0,0.645955451,0.354044549,0,0,0,0,1,1,0,0,0,0,1,0,0,0,1,0,0,1,0,0,0,0,0,0,0,78080000,40670
C2574,826,996,4,0.985943775,0,6,895,996,0,0,0.445783133,0.391566265,0.162650602,0,0,0,0,1,0.898594378,0,0,0,0,1,0,0,0,1,0,0,0,0,0,0,0,0,0,0,26217000,142310
C2133,328,355,4,0.971830986,0,3,330,355,0,0,0.36056338,0.402816901,0.236619718,0,0,0,0,1,0.929577465,0,0,0,0,1,0,0,0,1,0,0,0,0,0,0,0,0,0,0,26217000,142310
C2096,525,492,4,0.977642276,0,2,347,492,0,0,0.504065041,0.495934959,0,0,0,0,0,1,0.705284553,0,0,0,0,1,0,0,0,1,0,0,0,0,0,0,0,0,0,0,13022000,81540
C2010,690,861,4,0.982578397,0,3,608,861,0,0,0.578397213,0.421602787,0,0,0,0,0,1,0.706155633,0,0,0,0,1,0,0,0,1,0,0,0,0,0,0,0,0,0,0,16140000,85760
C1879,713,711,4,0.983122363,0,2,573,711,0,0,0,0.499296765,0.500703235,0,0,0,0,1,0.805907173,0,0,0,0,1,0,0,0,1,0,0,0,0,0,0,0,0,0,0,19819000,110850
C1131,1019,901,4,0.988901221,0,7,668,901,0,0,0,0,1,0,0,0,0,1,0.741398446,0,0,0,0,1,0,0,0,1,0,0,0,0,0,0,0,0,0,0,20645000,187660
C1468,810,815,4,0.979141104,0,1,574,815,0,0,0.617177914,0.382822086,0,0,0,0,0,1,0.704294479,0,0,0,0,1,0,0,0,1,0,0,0,0,0,0,0,0,0,0,16852000,95960
C1213,148,312,11,0.974358974,0,6,224,312,0,0,0.567307692,0.432692308,0,0,0,0,0,1,0.717948718,0,0,0,0,1,0,0,0,1,0,0,0,0,0,0,0,0,0,0,15847500,91730
C1173,609,571,13,0.987740806,0,2,483,571,0,0,0.171628722,0.702276708,0.126094571,0,0,0,0,1,0.845884413,0,0,0,0,1,0,0,0,1,0,0,0,0,0,0,0,0,0,0,18726000,149810
C2492,585,594,3,0.961279461,0,5,480,594,0,0,0.202020202,0,0.797979798,0,0,0,0,1,0.808080808,0,0,0,0,1,0,0,0,1,0,0,0,0,0,0,0,0,0,0,18101000,127320
C2032,1162,944,2,0.975635593,0,1,958,944,0,0,0,0,1,0,0,0,0,1,1.014830508,0,0,0,0,1,0,0,0,1,0,0,0,0,0,0,0,0,0,0,31210000,187260
C2094,318,410,2,0.96097561,0,15,402,410,0,0,0.543902439,0.456097561,0,0,0,0,0,1,0.980487805,0,0,0,0,1,0,0,0,1,0,0,0,0,0,0,0,0,0,0,14742000,107060
C1880,761,635,2,0.976377953,0,15,508,635,0,0,0,0,1,0,0,0,0,1,0.8,0,0,0,0,1,0,0,0,1,0,0,0,0,0,0,0,0,0,0,22628000,131980
C2089,572,962,2,0.971933472,0,1,873,962,0,0,0.491683992,0.134095634,0.374220374,0,0,0,0,1,0.907484407,0,0,0,0,1,0,0,0,1,0,0,0,0,0,0,0,0,0,0,16722000,130060
C1744,979,822,1,0.984184915,0,2,827,822,0,0,0,0,1,0,0,0,0,1,1.006082725,0,0,0,0,1,0,0,0,1,0,0,0,0,0,0,0,0,0,0,28214000,194210
C2046,1306,1129,1,0.991142604,0,4,1137,1129,0,0,0,0.395039858,0.604960142,0,0,0,0,1,1.007085917,0,0,0,0,1,0,0,0,1,0,0,0,0,0,0,0,0,0,0,23970000,200055
C2071,1398,1479,1,0.985801217,0,3,1488,1479,0,0,0.179851251,0.53617309,0.283975659,0,0,0,0,1,1.006085193,0,0,0,0,1,0,0,0,1,0,0,0,0,0,0,0,0,0,0,21555000,179620
C2635,442,330,1,0.996969697,0,3,259,330,0,0,0,0,1,0,0,0,0,1,0.784848485,0,0,0,0,1,0,0,0,1,0,0,0,0,0,0,0,0,0,0,35455000,296720
C2390,422,386,1,0.989637306,0,4,299,386,0,0,0,0,1,0,0,0,0,1,0.774611399,0,0,0,0,1,0,0,0,1,0,0,0,0,0,0,0,0,0,0,32146500,269150
C2561,441,456,1,0.984649123,1,4,399,456,0,0,0.263157895,0.263157895,0.473684211,0,0,0,0,1,0.875,0,0,0,0,1,0,0,0,1,0,0,0,0,0,0,0,0,0,0,18301000,207140
C1663,700,642,6,0.995327103,1,5,567,642,0,0,0,0,1,0,0,0,0,1,0.88317757,0,0,0,0,1,0,0,0,1,0,0,0,0,0,0,0,0,0,0,17362000,231540
C2490,340,302,5,0.986754967,0,2,217,302,0,0,0,0,1,0,0,0,0,1,0.718543046,0,0,0,0,1,0,0,0,1,0,0,0,0,0,0,0,0,0,0,24639000,216870
C1585,718,705,5,0.982978723,1,3,502,705,0,0,0.417021277,0.582978723,0,0,0,0,0,1,0.712056738,0,0,0,0,1,0,0,0,1,0,0,0,0,0,0,0,0,0,0,21657500,181760
C2276,1159,1072,6,0.983208955,0,4,894,1072,0,0,0,0,1,0,0,0,0,1,0.833955224,0,0,0,0,1,0,0,0,1,0,0,0,0,0,0,0,0,0,0,17704000,165640
C1155,373,375,6,0.976,1,10,454,375,0,0,0,0,1,0,0,0,0,1,1.210666667,0,0,0,0,1,0,0,0,1,0,0,0,0,0,0,0,0,0,0,33448000,192000
C1693,1087,853,6,0.976553341,0,6,862,853,0,0,0,0.146541618,0.853458382,0,0,0,0,1,1.010550996,0,0,0,0,1,0,0,0,1,0,0,0,0,0,0,0,0,0,0,31210000,187260
C1889,808,1018,1,0.986247544,0,2,788,1018,0,0,0.173870334,0.176817289,0.649312377,0,0,0,0,1,0.774066798,0,0,0,0,1,0,0,0,1,0,0,0,0,0,0,0,0,0,0,16652000,113375
C2518,305,341,0,0.967741935,0,2,240,341,0,0,0,0,1,0,0,0,0,1,0.703812317,0,0,0,0,1,0,0,0,1,0,0,0,0,0,0,0,0,0,0,21419500,181735
C1962,401,416,0,0.978365385,0,3,296,416,0,0,0,0,1,0,0,0,0,1,0.711538462,0,0,0,0,1,0,0,0,1,0,0,0,0,0,0,0,0,0,0,20970000,200800
C1666,465,708,10,0.971751412,0,4,638,708,0,0,0.394067797,0.394067797,0.211864407,0,0,0,0,1,0.901129944,0,0,0,0,1,0,0,0,1,0,0,0,0,0,0,0,0,0,0,17989000,124030
C1537,669,662,13,0.974320242,0,3,546,662,0,0,0,0,1,0,0,0,0,1,0.824773414,0,0,0,0,1,0,0,0,1,0,0,0,0,0,0,0,0,0,0,26642000,118820
C1329,554,1002,7,0.97005988,0,2,775,1002,0,0,0.385229541,0.506986028,0.107784431,0,0,0,0,1,0.773453094,0,0,0,0,1,0,0,0,1,0,0,0,0,0,0,0,0,0,0,19343000,144180
C1762,460,462,11,0.991341991,0,2,325,462,0,0,0,0,1,0,0,0,0,1,0.703463203,0,0,0,0,1,0,0,0,1,0,0,0,0,0,0,0,0,0,0,18726000,104840
C2008,548,781,1,0.991037132,2,5,663,781,0,0,0.340588988,0.317541613,0.341869398,0,0,0,0,1,0.848911652,0,0,0,0,1,0,0,0,1,0,0,0,0,0,0,0,0,0,0,23473000,238740
C1319,398,496,2,0.967741935,0,1,428,496,0,0.165322581,0.411290323,0.165322581,0.258064516,0,0,0,0,1,0.862903226,0,0,0,0,1,0,0,0,1,0,0,0,0,0,0,0,0,0,0,13731000,122955
C1141,620,630,2,0.955555556,0,2,637,630,0,0,0.3,0.252380952,0.447619048,0,0,0,0,1,1.011111111,0,0,0,0,1,0,0,0,1,0,0,0,0,0,0,0,0,0,0,13909000,98630
C1929,413,492,13,0.961382114,0,4,426,492,0,0,0.365853659,0.300813008,0.333333333,0,0,0,0,1,0.865853659,0,0,0,0,1,0,0,0,1,0,0,0,0,0,0,0,0,0,0,17962000,148630
C1681,520,534,1,0.983146067,0,7,465,534,0,0,0.421348315,0.411985019,0.166666667,0,0,0,0,1,0.870786517,0,0,0,0,1,0,0,0,1,0,0,0,0,0,0,0,0,0,0,34810000,257660
C1184,488,458,1,0.991266376,0,3,403,458,0,0,0.441048035,0.454148472,0.104803493,0,0,0,0,1,0.879912664,0,0,0,0,1,0,0,0,1,0,0,0,0,0,0,0,0,0,0,34810000,257660
C2383,832,762,1,0.981627297,0,3,661,762,0,0,0.364829396,0.380577428,0.254593176,0,0,0,0,1,0.867454068,0,0,0,0,1,0,0,0,1,0,0,0,0,0,0,0,0,0,0,34810000,257660
C1579,1158,1005,1,0.988059701,0,2,882,1005,0,0,0.347263682,0.342288557,0.310447761,0,0,0,0,1,0.87761194,0,0,0,0,1,0,0,0,1,0,0,0,0,0,0,0,0,0,0,34810000,257660
C2173,745,775,1,0.99483871,1,2,665,775,0,0,0.317419355,0.433548387,0.249032258,0,0,0,0,1,0.858064516,0,0,0,0,1,0,0,0,1,0,0,0,0,0,0,0,0,0,0,40880000,277480
C1911,831,890,7,0.976404494,1,2,985,890,0,0,0,0,1,0,0,0,0,1,1.106741573,0,0,0,0,1,0,0,0,1,0,0,0,0,0,0,0,0,0,0,28491000,235360
C1638,413,494,11,0.979757085,0,6,358,494,0,0,0,0.143724696,0.856275304,0,0,0,0,1,0.724696356,0,0,0,0,1,0,0,0,1,0,0,0,0,0,0,0,0,0,0,20122000,98640
C2412,487,571,10,0.982486865,0,2,492,571,0,0,0.567425569,0.30647986,0.126094571,0,0,0,0,1,0.861646235,0,0,0,0,1,0,0,0,1,0,0,0,0,0,0,0,0,0,0,22895000,138570
C1871,408,550,10,0.972727273,0,4,385,550,0,0,0.394545455,0.605454545,0,0,0,0,0,1,0.7,0,0,0,0,1,0,0,0,1,0,0,0,0,0,0,0,0,0,0,12972000,78885
C1309,446,383,10,0.960835509,0,4,385,383,0,0,0.227154047,0.537859008,0.234986945,0,0,0,0,1,1.005221932,0,0,0,0,1,0,0,0,1,0,0,0,0,0,0,0,0,0,0,18726000,100690
C1527,1150,996,3,0.976907631,0,4,834,996,0,0,0,0.345381526,0.654618474,0,0,0,0,1,0.837349398,0,0,0,0,1,0,0,0,1,0,0,0,0,0,0,0,0,0,0,19204000,154270
C2208,840,882,1,0.98185941,0,2,755,882,0,0,0.348072562,0.495464853,0.156462585,0,0,0,0,1,0.85600907,0,0,0,0,1,0,0,0,1,0,0,0,0,0,0,0,0,0,0,31958000,217210
C1940,709,615,1,0.97398374,0,2,527,615,0,0,0.185365854,0.606504065,0.208130081,0,0,0,0,1,0.856910569,0,0,0,0,1,0,0,0,1,0,0,0,0,0,0,0,0,0,0,31711000,215550
C2596,480,470,1,0.968085106,1,7,405,470,0,0,0.238297872,0.610638298,0.15106383,0,0,0,0,1,0.861702128,0,0,0,0,1,0,0,0,1,0,0,0,0,0,0,0,0,0,0,31958000,217210
C2227,505,477,1,0.981132075,0,8,413,477,0,0,0.392033543,0.368972746,0.238993711,0,0,0,0,1,0.865828092,0,0,0,0,1,0,0,0,1,0,0,0,0,0,0,0,0,0,0,31711000,215550
C2563,449,496,1,0.981854839,0,2,425,496,0,0,0.584677419,0.415322581,0,0,0,0,0,1,0.856854839,0,0,0,0,1,0,0,0,1,0,0,0,0,0,0,0,0,0,0,14614500,171570
C2358,1010,1260,2,0.980952381,0,8,941,1260,0,0,0.43968254,0.56031746,0,0,0,0,0,1,0.746825397,0,0,0,0,1,0,0,0,1,0,0,0,0,0,0,0,0,0,0,20121000,127200
C1492,296,390,1,0.961538462,0,2,334,390,0,0,0.705128205,0.294871795,0,0,0,0,0,1,0.856410256,0,0,0,0,1,0,0,0,1,0,0,0,0,0,0,0,0,0,0,13979000,78780
C1601,308,330,1,0.960606061,0,4,335,330,0,0,0,0.372727273,0.627272727,0,0,0,0,1,1.015151515,0,0,0,0,1,0,0,0,1,0,0,0,0,0,0,0,0,0,0,22793000,155340
C1687,349,773,1,0.966364812,0,3,779,773,0,0,0.450194049,0.549805951,0,0,0,0,0,1,1.007761966,0,0,0,0,1,0,0,0,1,0,0,0,0,0,0,0,0,0,0,22173000,151110
C1236,657,1124,1,0.974199288,0,2,1129,1124,0,0,0.225978648,0.774021352,0,0,0,0,0,1,1.004448399,0,0,0,0,1,0,0,0,1,0,0,0,0,0,0,0,0,0,0,22173000,151110
C1487,505,550,1,0.972727273,0,8,448,550,0,0,0,0,1,0,0,0,0,1,0.814545455,0,0,0,0,1,0,0,0,1,0,0,0,0,0,0,0,0,0,0,25592500,141510
C1379,294,324,1,0.969135802,0,2,270,324,0,0,0.62962963,0.37037037,0,0,0,0,0,1,0.833333333,0,0,0,0,1,0,0,0,1,0,0,0,0,0,0,0,0,0,0,19819000,136250
C1386,1145,1497,10,0.98997996,0,5,1100,1497,0,0,0.561790247,0.438209753,0,0,0,0,0,1,0.734802939,0,0,0,0,1,0,0,0,1,0,0,0,0,0,0,0,0,0,0,12392000,73320
C1656,257,531,10,0.986817326,0,2,480,531,0,0,0.195856874,0.472693032,0.331450094,0,0,0,0,1,0.903954802,0,0,0,0,1,0,0,0,1,0,0,0,0,0,0,0,0,0,0,16102000,113950
C2526,321,355,3,0.954929577,0,2,291,355,0,0,0.25915493,0,0.74084507,0,0,0,0,1,0.81971831,0,0,0,0,1,0,0,0,1,0,0,0,0,0,0,0,0,0,0,17228000,117330
C1022,450,389,1,0.989717224,0,4,352,389,0,0,0,1,0,0,0,0,0,1,0.904884319,0,0,0,0,1,0,0,0,1,0,0,0,0,0,0,0,0,0,0,24665000,221980
C1896,845,712,1,0.995786517,0,2,658,712,0,0,0.353932584,0.446629213,0.199438202,0,0,0,0,1,0.924157303,0,0,0,0,1,0,0,0,1,0,0,0,0,0,0,0,0,0,0,24665000,221980
C1269,643,561,1,0.998217469,0,3,572,561,0,0,0.272727273,0.278074866,0.449197861,0,0,0,0,1,1.019607843,0,0,0,0,1,0,0,0,1,0,0,0,0,0,0,0,0,0,0,19953000,193180
C1916,752,816,1,0.99754902,1,4,822,816,0,0,0.341911765,0.335784314,0.322303922,0,0,0,0,1,1.007352941,0,0,0,0,1,0,0,0,1,0,0,0,0,0,0,0,0,0,0,20971000,202070
C2070,735,898,1,0.993318486,0,3,909,898,0,0,0.269487751,0.260579065,0.469933185,0,0,0,0,1,1.012249443,0,0,0,0,1,0,0,0,1,0,0,0,0,0,0,0,0,0,0,21420000,206410
C1967,639,581,1,0.989672978,0,3,530,581,0,0,0.409638554,0.590361446,0,0,0,0,0,1,0.91222031,0,0,0,0,1,0,0,0,1,0,0,0,0,0,0,0,0,0,0,17395000,201730
C2021,902,851,1,0.991774383,0,3,771,851,0,0,0.26439483,0.407755582,0.327849589,0,0,0,0,1,0.905992949,0,0,0,0,1,0,0,0,1,0,0,0,0,0,0,0,0,0,0,15729000,188260
C1143,632,693,1,0.995670996,1,11,717,693,0,0,0.656565657,0.343434343,0,0,0,0,0,1,1.034632035,0,0,0,0,1,0,0,0,1,0,0,0,0,0,0,0,0,0,0,15250000,165200
C2188,125,136,1,0.977941176,0,2,136,136,0,0,1,0,0,0,0,0,0,1,1,0,0,0,0,1,0,0,0,1,0,0,0,0,0,0,0,0,0,0,19221000,175780
C2651,282,225,1,0.977777778,0,2,277,225,0,0,0.502222222,0.497777778,0,0,0,0,0,1,1.231111111,0,0,0,0,1,0,0,0,1,0,0,0,0,0,0,0,0,0,0,20779500,193180
C2657,782,866,1,0.991916859,0,4,692,866,0,0,0.27482679,0.535796767,0.189376443,0,0,0,0,1,0.799076212,0,0,0,0,1,0,0,0,1,0,0,0,0,0,0,0,0,0,0,34082000,232200
C2527,375,383,1,0.979112272,0,3,317,383,0,0,0.347258486,0.339425587,0.313315927,0,0,0,0,1,0.82767624,0,0,0,0,1,0,0,0,1,0,0,0,0,0,0,0,0,0,0,34082000,232200
C2262,540,720,9,0.958333333,0,4,581,720,0,0,0.344444444,0.259722222,0.395833333,0,0,0,0,1,0.806944444,0,0,0,0,1,0,0,0,1,0,0,0,0,0,0,0,0,0,0,24775000,185810
C1084,226,280,3,0.992857143,0,2,280,280,0,0,0.342857143,0.485714286,0.171428571,0,0,0,0,1,1,0,0,0,0,1,0,0,0,1,0,0,0,0,0,0,0,0,0,0,16104000,109840
C2530,302,307,0,0.938110749,0,5,296,307,0,0,0.172638436,0.146579805,0.680781759,0,0,0,0,1,0.964169381,0,0,0,0,1,0,0,0,1,0,0,0,0,0,0,0,0,0,0,28491000,222970
C1046,156,232,0,0.961206897,0,4,195,232,0,0,0.75,0,0.25,0,0,0,0,1,0.840517241,0,0,0,0,1,0,0,0,1,0,0,0,0,0,0,0,0,0,0,13625000,161020
C1761,730,602,0,0.970099668,0,2,715,602,0,0,0.249169435,0.392026578,0.358803987,0,0,0,0,1,1.187707641,0,0,0,0,1,0,0,0,1,0,0,0,0,0,0,0,0,0,0,19661000,212840
C1102,417,522,0,0.959770115,0,7,525,522,0,0,0.344827586,0.482758621,0.172413793,0,0,0,0,1,1.005747126,0,0,0,0,1,0,0,0,1,0,0,0,0,0,0,0,0,0,0,17342000,208110
C2420,505,457,5,0.993435449,1,8,537,457,0,0,0.260393873,0.170678337,0.56892779,0,0,0,0,1,1.175054705,0,0,0,0,1,0,0,0,1,0,0,0,0,0,0,0,0,0,0,25468000,174770
C1122,1077,808,5,0.991336634,2,2,728,808,0,0,0.271039604,0.728960396,0,0,0,0,0,1,0.900990099,0,0,0,0,1,0,0,0,1,0,0,0,0,0,0,0,0,0,0,24093000,164770
C2042,757,712,5,0.981741573,2,7,641,712,0,0,0.181179775,0.818820225,0,0,0,0,0,1,0.900280899,0,0,0,0,1,0,0,0,1,0,0,0,0,0,0,0,0,0,0,24093000,164770
C1375,754,757,2,0.972258917,0,12,761,757,0,0,0,0.435931308,0.564068692,0,0,0,0,1,1.005284016,0,0,0,0,1,0,0,0,1,0,0,0,0,0,0,0,0,0,0,22471000,137310
C1410,815,356,14,0.971910112,0,3,550,356,0,0,0.584269663,0,0.415730337,0,0,0,0,1,1.54494382,0,0,0,0,1,0,0,0,1,0,0,0,0,0,0,0,0,0,0,9154000,76260
C1641,268,283,2,0.971731449,0,1,227,283,0,0,0.318021201,0.303886926,0.378091873,0,0,0,0,1,0.802120141,0,0,0,0,1,0,0,0,1,0,0,0,0,0,0,0,0,0,0,12980000,114225
C1706,362,467,1,0.985010707,1,5,403,467,0,0,0.34261242,0,0.65738758,0,0,0,0,1,0.862955032,0,0,0,0,1,0,0,0,1,0,0,0,0,0,0,0,0,0,0,29086000,249130
C1307,504,506,1,0.982213439,0,3,436,506,0,0,0.306324111,0.324110672,0.369565217,0,0,0,0,1,0.861660079,0,0,0,0,1,0,0,0,1,0,0,0,0,0,0,0,0,0,0,31834000,240930
C2601,281,243,1,0.971193416,0,3,214,243,0,0,0,0,1,0,0,0,0,1,0.880658436,0,0,0,0,1,0,0,0,1,0,0,0,0,0,0,0,0,0,0,41697000,284650
C1085,521,525,1,0.992380952,0,2,422,525,0,0,0.514285714,0.485714286,0,0,0,0,0,1,0.803809524,0,0,0,0,1,0,0,0,1,0,0,0,0,0,0,0,0,0,0,15776000,133610
C2385,552,445,1,0.991011236,0,4,404,445,0,0,0,0.539325843,0.460674157,0,0,0,0,1,0.907865169,0,0,0,0,1,0,0,0,1,0,0,0,0,0,0,0,0,0,0,27996000,191380
C1059,246,514,11,0.986381323,0,8,362,514,0,0,0.498054475,0.501945525,0,0,0,0,0,1,0.704280156,0,0,0,0,1,0,0,0,1,0,0,0,0,0,0,0,0,0,0,16954000,103410
C2162,347,374,11,0.981283422,0,1,281,374,0,0,0,0,1,0,0,0,0,1,0.751336898,0,0,0,0,1,0,0,0,1,0,0,0,0,0,0,0,0,0,0,18425000,102350
C1819,272,330,10,0.954545455,0,1,253,330,0,0,0,0,1,0,0,0,0,1,0.766666667,0,0,0,0,1,0,0,0,1,0,0,0,0,0,0,0,0,0,0,16213000,110960
C2325,293,378,11,0.992063492,0,1,265,378,0,0,0.312169312,0.465608466,0.222222222,0,0,0,0,1,0.701058201,0,0,0,0,1,0,0,0,1,0,0,0,0,0,0,0,0,0,0,15360000,85460
C2394,254,277,13,0.927797834,0,2,222,277,0,0,0.310469314,0.368231047,0.321299639,0,0,0,0,1,0.801444043,0,0,0,0,1,0,0,0,1,0,0,1,0,0,0,0,0,0,0,65856600,42300
C1133,842,856,11,0.988317757,0,3,777,856,0,0,0.41588785,0.455607477,0.128504673,0,0,0,0,1,0.90771028,0,0,0,0,1,0,0,0,1,0,0,0,0,0,0,0,0,0,0,22297000,130055
C1281,484,646,11,0.99380805,0,3,583,646,0,0,0.670278638,0.329721362,0,0,0,0,0,1,0.90247678,0,0,0,0,1,0,0,0,1,0,0,0,0,0,0,0,0,0,0,17342000,105280
C1194,585,511,12,0.994129159,0,4,413,511,0,0,0,0,1,0,0,0,0,1,0.808219178,0,0,0,0,1,0,0,0,1,0,0,0,0,0,0,0,0,0,0,18968000,209910
C2308,244,285,0,0.989473684,0,1,200,285,0,0,0,0,1,0,0,0,0,1,0.701754386,0,0,0,0,1,0,0,0,1,0,0,0,0,0,0,0,0,0,0,12646000,187150
C2036,258,256,0,0.9921875,0,1,199,256,0,0,0,0.6796875,0.3203125,0,0,0,0,1,0.77734375,0,0,0,0,1,0,0,0,1,0,0,0,0,0,0,0,0,0,0,17477000,106090
C1394,271,466,11,1,0,1,329,466,0,0,0.525751073,0.474248927,0,0,0,0,0,1,0.706008584,0,0,0,0,1,0,0,0,1,0,0,0,0,0,0,0,0,0,0,12558000,93255
C1180,311,314,11,0.952229299,0,1,241,314,0,0,0,0,1,0,0,0,0,1,0.767515924,0,0,0,0,1,0,0,0,1,0,0,0,0,0,0,0,0,0,0,16789000,93530
C2503,327,382,12,0.981675393,0,2,306,382,0,0,0.596858639,0.403141361,0,0,0,0,0,1,0.80104712,0,0,0,0,1,0,0,0,1,0,0,0,0,0,0,0,0,0,0,15249500,123895
C1907,207,212,12,0.966981132,0,3,163,212,0,0,0.514150943,0.485849057,0,0,0,0,0,1,0.768867925,0,0,0,0,1,0,0,0,1,0,0,0,0,0,0,0,0,0,0,12386000,103725
C2181,683,872,14,0.982798165,0,6,733,872,0,0,0.621559633,0.154816514,0.223623853,0,0,0,0,1,0.84059633,0,0,0,0,1,0,0,0,1,0,0,0,0,0,0,0,0,0,0,14863000,133780
C1768,670,508,14,0.992125984,0,1,370,508,0,0,0,0,1,0,0,0,0,1,0.728346457,0,0,0,0,1,0,0,0,1,0,0,0,0,0,0,0,0,0,0,15728500,149175
C1783,570,594,5,0.973063973,1,6,596,594,0,0,0.303030303,0.353535354,0.343434343,0,0,0,0,1,1.003367003,0,0,0,0,1,0,0,0,1,0,0,0,0,0,0,0,0,0,0,23496000,160960
C2192,324,514,14,0.968871595,0,2,442,514,0,0,0.684824903,0.315175097,0,0,0,0,0,1,0.859922179,0,0,0,0,1,0,0,0,1,0,0,0,0,0,0,0,0,0,0,11147000,100320
C2346,553,558,14,0.978494624,0,3,449,558,0,0,0,0.347670251,0.652329749,0,0,0,0,1,0.804659498,0,0,0,0,1,0,0,0,1,0,0,0,0,0,0,0,0,0,0,16168000,141080
C2680,590,758,2,0.974934037,0,7,564,758,0,0,0.64116095,0.35883905,0,0,0,0,0,1,0.744063325,0,0,0,0,1,0,0,0,1,0,0,0,0,0,0,0,0,0,0,25293000,145410
C2631,638,812,2,0.997536946,0,3,612,812,0,0,0.396551724,0.251231527,0.352216749,0,0,0,0,1,0.753694581,0,0,0,0,1,0,0,0,1,0,0,0,0,0,0,0,0,0,0,20525000,102620
C2141,495,504,2,0.996031746,0,6,445,504,0,0,0.238095238,0.761904762,0,0,0,0,0,1,0.882936508,0,0,0,0,1,0,0,0,1,0,0,0,0,0,0,0,0,0,0,27872000,216780
C1569,528,631,2,0.987321712,0,3,442,631,0,0,0.621236133,0.378763867,0,0,0,0,0,1,0.700475436,0,0,0,0,1,0,0,0,1,0,0,0,0,0,0,0,0,0,0,12571000,87980
C2099,383,332,0,0.990963855,0,2,258,332,0,0,0.240963855,0.590361446,0.168674699,0,0,0,0,1,0.777108434,0,0,0,0,1,0,0,0,1,0,0,0,0,0,0,0,0,0,0,12483000,102350
C2287,284,409,14,0.95599022,0,3,330,409,0,0,0.15403423,0.687041565,0.158924205,0,0,0,0,1,0.806845966,0,0,0,0,1,0,0,0,1,0,0,0,0,0,0,0,0,0,0,13759000,113560
C2055,723,773,14,0.971539457,0,4,817,773,0,0,0.332470893,0.434670116,0.232858991,0,0,0,0,1,1.056921087,0,0,0,0,1,0,0,0,1,0,0,0,0,0,0,0,0,0,0,24350000,170980
C1428,333,375,0,0.984,0,2,360,375,0,0,0.290666667,0.485333333,0.224,0,0,0,0,1,0.96,0,0,0,0,1,0,0,0,1,0,0,0,0,0,0,0,0,0,0,21221000,168520
C2522,610,747,0,0.982597055,0,2,698,747,0,0,0.510040161,0.248995984,0.240963855,0,0,0,0,1,0.934404284,0,0,0,0,1,0,0,0,1,0,0,0,0,0,0,0,0,0,0,22471000,168520
C2560,481,372,0,0.991935484,0,1,374,372,0,0,0,0,1,0,0,0,0,1,1.005376344,0,0,0,0,1,0,0,0,1,0,0,0,0,0,0,0,0,0,0,17387000,222560
C2068,594,434,0,0.993087558,0,1,384,434,0,0,0,0,1,0,0,0,0,1,0.884792627,0,0,0,0,1,0,0,0,1,0,0,0,0,0,0,0,0,0,0,20523500,244050
C2603,509,538,14,0.983271375,0,2,393,538,0,0,0,0.778810409,0.221189591,0,0,0,0,1,0.730483271,0,0,0,0,1,0,0,0,1,0,0,0,0,0,0,0,0,0,0,16465000,118980
C1965,500,498,14,0.973895582,0,5,480,498,0,0,0.518072289,0.361445783,0.120481928,0,0,0,0,1,0.963855422,0,0,0,0,1,0,0,0,1,0,0,0,0,0,0,0,0,0,0,17342000,131290
C1660,512,718,2,0.98189415,0,3,550,718,0,0,0.250696379,0.247910864,0.501392758,0,0,0,0,1,0.766016713,0,0,0,0,1,0,0,0,1,0,0,0,0,0,0,0,0,0,0,14213000,94750
C2378,901,818,1,0.969437653,0,12,640,818,0,0,0,0,1,0,0,0,0,1,0.782396088,0,0,0,0,1,0,0,0,1,0,0,0,0,0,0,0,0,0,0,19384500,247590
C1268,934,1035,1,0.979710145,0,15,911,1035,0,0,0.371014493,0.437681159,0.191304348,0,0,0,0,1,0.880193237,0,0,0,0,1,0,0,0,1,0,0,0,0,0,0,0,0,0,0,18175000,194720
C1994,496,431,2,0.993039443,0,1,319,431,0,0,0,0.47099768,0.52900232,0,0,0,0,1,0.740139211,0,0,0,0,1,0,0,0,1,0,0,0,0,0,0,0,0,0,0,16263500,105705
C1837,398,467,2,0.95503212,0,4,366,467,0,0,0.496788009,0.250535332,0.25267666,0,0,0,0,1,0.78372591,0,0,0,0,1,0,0,0,1,0,0,0,0,0,0,0,0,0,0,18075000,144590
C1000,481,566,14,0.982332155,0,1,438,566,0,0,0.740282686,0.127208481,0.132508834,0,0,0,0,1,0.77385159,0,0,0,0,1,0,0,0,1,0,0,0,0,0,0,0,0,0,0,14404000,129640
C1465,557,861,14,0.969802555,0,4,812,861,0,0,0.641114983,0.358885017,0,0,0,0,0,1,0.943089431,0,0,0,0,1,0,0,0,1,0,0,0,0,0,0,0,0,0,0,20562500,155455
C1448,1284,1116,4,0.977598566,0,2,1050,1116,0,0,0,0.573476703,0.426523297,0,0,0,0,1,0.940860215,0,0,0,0,1,0,0,0,1,0,0,0,0,0,0,0,0,0,0,32208000,175900
C2670,435,648,11,0.986111111,0,2,600,648,0,0,0.777777778,0,0.222222222,0,0,0,0,1,0.925925926,0,0,0,0,1,0,0,0,1,0,0,0,0,0,0,0,0,0,0,14863000,111470
C1365,945,875,1,0.994285714,0,2,903,875,0,0,0.075428571,0.101714286,0.822857143,0,0,0,0,1,1.032,0,0,0,0,1,0,0,0,0,0,0,0,0,0,1,0,0,0,0,53420500,340925
C1177,1044,1668,6,0.989808153,1,10,1756,1668,0,0,0.706834532,0.1558753,0.137290168,0,0,0,0,1,1.052757794,0,0,0,0,1,0,0,0,1,0,0,0,0,0,0,0,0,0,0,24775000,172190
C1360,375,443,3,0.9503386,0,2,362,443,0,0,0.388261851,0.449209932,0.162528217,0,0,0,0,1,0.817155756,0,0,0,0,1,0,0,0,1,0,0,0,0,0,0,0,0,0,0,17281000,126720
C2488,1023,1215,4,0.976954733,0,4,1105,1215,0,0,0.485596708,0.514403292,0,0,0,0,0,1,0.909465021,0,0,0,0,1,0,0,0,1,0,0,1,0,0,0,0,0,0,0,83286000,43380
C1406,1350,1647,6,0.992106861,0,2,1741,1647,0,0,0.712204007,0.144505161,0.143290832,0,0,0,0,1,1.057073467,0,0,0,0,1,0,0,0,1,0,0,0,0,0,0,0,0,0,0,30969500,157925
C1566,284,462,10,0.971861472,0,6,387,462,0,0,0.645021645,0.173160173,0.181818182,0,0,0,0,1,0.837662338,0,0,0,0,1,0,0,0,1,0,0,0,0,0,0,0,0,0,0,15005000,105605
C1227,823,806,2,0.991315136,0,1,707,806,0,0.198511166,0.415632754,0.132754342,0.253101737,0,0,0,0,1,0.877171216,0,0,0,0,1,0,0,0,1,0,0,0,0,0,0,0,0,0,0,32443000,264350
C2460,793,1017,1,0.983284169,0,3,879,1017,0,0.18879056,0.333333333,0.344149459,0.133726647,0,0,0,0,1,0.864306785,0,0,0,0,1,0,0,0,1,0,0,0,0,0,1,0,0,0,0,45747000,312060
C2486,587,589,2,0.996604414,0,4,515,589,0,0.185059423,0.405772496,0.142614601,0.26655348,0,0,0,0,1,0.874363328,0,0,0,0,1,0,0,0,1,0,0,0,0,0,0,0,0,0,0,23430500,231300
C2106,353,504,14,0.964285714,0,2,434,504,0,0,0.698412698,0.301587302,0,0,0,0,0,1,0.861111111,0,0,0,0,1,0,0,0,1,0,0,0,0,0,0,0,0,0,0,11533000,102130
C1572,479,937,2,0.965848453,0,3,770,937,0,0,0.629669157,0.249733191,0.120597652,0,0,0,0,1,0.821771612,0,0,0,0,1,0,0,0,1,0,0,1,0,0,0,0,0,0,0,12254000,93710
C1773,614,840,1,0.982142857,0,4,772,840,0,0.167857143,0.375,0.323809524,0.133333333,0,0,0,0,1,0.919047619,0,0,0,0,1,0,0,0,1,0,0,0,0,0,0,0,0,0,0,41505000,326760
C1677,1101,1144,1,0.992132867,0,4,1039,1144,0,0.20979021,0.33041958,0.241258741,0.218531469,0,0,0,0,1,0.908216783,0,0,0,0,1,0,0,0,0,0,0,0,0,0,1,0,0,0,0,36242000,301540
C1823,652,553,14,0.974683544,0,3,584,553,0,0,0.600361664,0.399638336,0,0,0,0,0,1,1.056057866,0,0,0,0,1,0,0,0,1,0,0,0,0,0,0,0,0,0,0,25224000,183450
C2692,437,499,3,0.961923848,0,2,409,499,0,0,0.669338677,0.210420842,0.120240481,0,0,0,0,1,0.819639279,0,0,0,0,1,0,0,0,1,0,0,0,0,0,0,0,0,0,0,18173000,132170
C2505,163,200,3,0.99,0,2,153,200,0,0,0.75,0.25,0,0,0,0,0,1,0.765,0,0,0,0,1,0,0,0,1,0,0,0,0,0,0,0,0,0,0,8598000,74510
C2587,589,603,3,0.96185738,0,3,506,603,0,0,0.553897181,0.119402985,0.326699834,0,0,0,0,1,0.839137645,0,0,0,0,1,0,0,0,1,0,0,0,0,0,0,0,0,0,0,19897000,135210
C2127,403,700,2,0.97,0,2,592,700,0,0,0.502857143,0.325714286,0.171428571,0,0,0,0,1,0.845714286,0,0,0,0,1,0,0,0,1,0,0,0,0,0,0,0,0,0,0,20802000,174930
C1316,22,107,13,0.934579439,0,2,27,107,0,0,0.897196262,0,0.102803738,0,0,0,0,1,0.252336449,0,0,0,0,1,0,0,0,1,0,0,1,0,0,0,0,0,0,0,27043800,88350
C1674,322,318,10,0.987421384,0,1,262,318,0,0,0.597484277,0.402515723,0,0,0,0,0,1,0.823899371,0,0,0,0,1,0,0,0,1,0,0,0,0,0,0,0,0,0,0,13592500,108740
C1713,566,656,2,0.99695122,0,1,527,656,0,0,0.692073171,0.137195122,0.170731707,0,0,0,0,1,0.803353659,0,0,0,0,1,0,0,0,1,0,0,0,0,0,0,0,0,0,0,10923000,117270
C1845,277,306,0,1,0,3,248,306,0,0,0.509803922,0.392156863,0.098039216,0,0,0,0,1,0.810457516,0,0,0,0,1,0,0,0,1,0,0,0,0,0,0,0,0,0,0,26005000,244670
C2082,822,970,1,0.980412371,0,2,845,970,0,0.181443299,0.342268041,0.336082474,0.140206186,0,0,0,0,1,0.871134021,0,0,0,0,1,0,0,0,1,0,0,0,0,0,0,0,0,0,0,48844000,332510
C1328,770,992,1,0.963709677,0,15,871,992,0,0.161290323,0.413306452,0.264112903,0.161290323,0,0,0,0,1,0.878024194,0,0,0,0,1,0,0,0,1,0,0,1,0,0,0,0,0,0,0,123711000,75250
C2357,345,533,7,0.953095685,1,2,484,533,0,0,0.495309568,0.195121951,0.30956848,0,0,0,0,1,0.908067542,0,0,0,0,1,0,0,0,1,0,0,1,0,1,0,0,0,0,0,32287500,309750
C2565,1090,1006,3,0.967196819,0,3,915,1006,0,0,0.217693837,0.394632207,0.387673956,0,0,0,0,1,0.909542744,0,0,0,0,1,0,0,0,1,0,0,0,0,0,0,0,0,0,0,20221000,176230
C1804,951,478,1,0.993723849,0,3,629,26,0,0,0,0,0,0,0.012552301,0.041841004,0,0.054393305,1.315899582,0,1,0,0,0,0,0,0,1,0,0,0,0,0,0,0,0,0,0,90237000,597820
C2255,410,560,13,0.996428571,0,2,400,560,0,0.425,0.317857143,0.257142857,0,0,0,0,0,1,0.714285714,0,0,0,0,1,1,0,0,1,0,0,1,0,0,1,0,0,0,0,9755500,85710
C1343,549,600,1,0.986666667,1,4,528,600,0,0,0.358333333,0.468333333,0.173333333,0,0,0,0,1,0.88,0,0,0,0,1,0,0,0,1,0,0,0,0,0,0,0,0,0,0,24814000,222200
C1987,166,291,7,0.910652921,3,4,257,291,0,0,0,0.687285223,0.312714777,0,0,0,0,1,0.883161512,0,0,0,0,1,0,0,0,1,0,0,0,0,0,0,0,0,0,0,44387000,368980
C2479,647,679,1,0.980854197,0,2,615,679,0,0,0.412371134,0.40353461,0.184094256,0,0,0,0,1,0.905743741,0,0,0,0,1,0,0,0,1,0,0,0,0,0,0,0,0,0,0,36095000,298900
C1310,1084,1037,0,0.983606557,0,6,936,1037,0,0.144648023,0.607521697,0.101253616,0.146576663,0,0,0,0,1,0.902603664,0,0,0,0,1,0,0,0,1,0,0,0,0,0,0,0,0,0,0,23687000,204150
C1738,682,715,2,0.981818182,0,3,582,715,0,0,0.671328671,0.218181818,0.11048951,0,0,0,0,1,0.813986014,0,0,0,0,1,0,0,0,1,0,0,0,0,0,0,0,0,0,0,16288000,124800
C1863,733,1099,14,0.978161965,0,4,1154,1099,0,0.140127389,0.459508644,0.400363967,0,0,0,0,0,1,1.050045496,0,0,0,0,1,0,0,0,1,0,0,0,0,0,0,0,0,0,0,20493000,165865
C1426,262,374,3,0.994652406,0,2,321,374,0,0.256684492,0.315508021,0,0.427807487,0,0,0,0,1,0.85828877,0,0,0,0,1,0,0,0,1,0,0,0,0,0,0,0,0,0,0,9984000,144820
C2659,365,504,1,0.994047619,1,3,438,504,0,0.23015873,0.551587302,0.218253968,0,0,0,0,0,1,0.869047619,0,0,0,0,1,1,0,0,1,0,0,0,0,0,1,0,0,0,0,15791000,166930
C2489,950,1128,7,0.968085106,0,4,951,1128,0,0,0,0.363475177,0.636524823,0,0,0,0,1,0.843085106,0,0,0,0,1,0,0,0,1,0,0,0,0,0,0,0,0,0,0,23733000,285500
C2211,244,304,10,0.986842105,0,1,230,304,0,0,0.881578947,0.118421053,0,0,0,0,0,1,0.756578947,0,0,0,0,1,0,0,0,1,0,0,0,0,0,0,0,0,0,0,8778000,85580
C2314,343,600,6,0.978333333,0,2,360,600,0,0.433333333,0.446666667,0.12,0,0,0,0,0,1,0.6,0,0,0,0,1,1,0,0,1,0,0,0,0,0,1,0,0,0,0,12089000,153020
C1861,613,690,11,0.976811594,0,3,652,690,0,0.585507246,0,0.324637681,0.089855072,0,0,0,0,1,0.944927536,0,0,0,0,1,0,0,0,1,0,0,0,0,0,0,0,0,0,0,12460000,166685
C2389,561,690,14,0.969565217,0,3,694,690,0,0,0.543478261,0.195652174,0.260869565,0,0,0,0,1,1.005797101,0,0,0,0,1,0,0,0,1,0,0,0,0,0,0,0,0,0,0,13335000,120230
C1490,899,749,14,0.967957276,0,3,759,655,0,0,0,0,0,0,0.214953271,0.659546061,0,0.874499332,1.013351135,0,1,0,0,0,0,0,0,1,0,0,0,0,0,0,0,0,0,0,31342500,393750
C1788,412,376,2,0.925531915,0,3,380,376,0,0,0,0,1,0,0,0,0,1,1.010638298,0,1,0,0,0,0,0,0,1,0,0,0,0,0,0,0,0,0,0,32500000,365000
C1740,979,783,3,0.962962963,0,6,978,467,0,0,0,0,0.360153257,0,0.136653895,0.099616858,0,0.59642401,1.249042146,0,1,0,0,0,0,0,0,1,0,0,0,0,0,0,0,0,0,0,33400000,483000
C2620,1709,1029,10,0.972789116,0,6,1061,906,0,0,0,0,0.242954325,0,0.263362488,0.37414966,0,0.880466472,1.031098154,0,1,0,0,0,0,0,0,1,0,0,0,0,0,0,0,0,0,0,27274000,535000
C1286,881,919,10,0.970620239,0,2,988,919,0,0,0,0,0,0,0.208922742,0.791077258,0,1,1.07508161,0,1,0,0,0,0,0,0,1,0,0,0,0,0,0,0,0,0,0,35700000,590000
C1089,309,368,10,0.961956522,0,2,285,368,0,0,0.625,0.236413043,0.138586957,0,0,0,0,1,0.774456522,0,0,0,0,1,0,0,0,1,0,0,0,0,0,0,0,0,0,0,14264000,120690
C2237,55,70,13,0.9,0,2,50,70,0,0,0.885714286,0.114285714,0,0,0,0,0,1,0.714285714,0,0,0,0,1,0,0,0,1,0,0,0,0,0,0,0,0,0,0,8564000,58460
C1341,442,922,4,0.992407809,0,1,731,922,0,0.271149675,0.559652928,0.169197397,0,0,0,0,0,1,0.792841649,0,0,0,0,1,1,0,0,1,0,0,0,0,0,1,0,0,0,0,12947000,161290
C1338,551,622,7,0.979099678,1,3,551,622,0,0,0,0.810289389,0.189710611,0,0,0,0,1,0.88585209,0,0,0,0,1,0,0,0,1,0,0,0,0,0,0,0,0,0,0,28856000,241560
C2405,1240,600,2,0.963333333,0,8,728,284,0,0,0,0,0,0,0.17,0.303333333,0,0.473333333,1.213333333,0,1,0,0,0,0,0,0,1,0,0,0,0,0,0,0,0,0,0,36113000,603480
C1969,886,1366,5,0.978770132,0,2,1192,1366,0,0.222547584,0.581259151,0.196193265,0,0,0,0,0,1,0.872620791,0,0,0,0,1,1,0,0,1,1,0,0,0,0,0,0,0,0,0,11333000,149740
C2274,713,1122,14,0.96969697,0,3,1182,1122,0,0.263814617,0.397504456,0.338680927,0,0,0,0,0,1,1.053475936,0,0,0,0,1,0,0,0,1,0,0,0,0,0,0,0,0,0,0,15046000,141680
C1699,606,752,1,0.990691489,0,7,680,752,0,0,0.582446809,0.183510638,0.234042553,0,0,0,0,1,0.904255319,0,0,0,0,1,0,0,0,1,0,0,0,0,0,0,0,0,0,0,37163000,295120
C2251,870,886,1,0.981941309,0,3,809,886,0,0.038374718,0.318284424,0.507900677,0.135440181,0,0,0,0,1,0.913092551,0,0,0,0,1,0,0,0,0,0,0,0,0,0,1,0,0,0,0,36036000,283920
C1340,410,552,11,0.961956522,0,3,523,552,0,0.362318841,0.347826087,0.289855072,0,0,0,0,0,1,0.947463768,0,0,0,0,1,0,0,0,1,0,0,0,0,0,0,0,0,0,0,9247000,180350
C2373,800,850,12,0.989411765,0,5,948,850,0,0,0.578823529,0.336470588,0.084705882,0,0,0,0,1,1.115294118,0,0,0,0,1,0,0,0,1,0,0,0,0,0,0,0,0,0,0,20269000,217735
C1455,420,432,0,0.99537037,0,5,349,432,0,0.37962963,0.240740741,0.37962963,0,0,0,0,0,1,0.80787037,0,0,0,0,1,0,0,0,1,0,0,0,0,0,0,0,0,0,0,7527000,168810
C2137,752,960,3,0.96875,0,8,876,960,0,0.1875,0.375,0.4375,0,0,0,0,0,1,0.9125,0,0,0,0,1,0,0,0,1,0,0,1,0,0,0,0,0,0,0,9450000,154350
C1985,630,874,10,0.967963387,0,4,722,874,0,0,0.43020595,0.368421053,0.201372998,0,0,0,0,1,0.826086957,0,0,0,0,1,0,0,0,1,0,0,0,0,0,0,0,0,0,0,13655500,194620
C2583,982,1106,6,0.981012658,0,2,752,1106,0,0.216998192,0.652802893,0.130198915,0,0,0,0,0,1,0.679927667,0,0,0,0,1,1,0,0,1,0,0,0,0,0,1,0,0,0,0,11397000,193550
C2663,652,772,1,0.981865285,0,3,700,772,0,0.14507772,0.284974093,0.414507772,0.155440415,0,0,0,0,1,0.906735751,0,0,0,0,1,0,0,0,0,0,0,0,0,0,1,0,0,0,0,29621000,276540
C2450,451,483,1,0.983436853,0,5,437,483,0,0,0.542443064,0.358178054,0.099378882,0,0,0,0,1,0.904761905,0,0,0,0,1,0,0,0,0,0,0,0,0,0,1,0,0,0,0,39349000,312610
C2329,821,1028,5,0.976653696,0,5,973,1028,0,0.210116732,0.525291829,0.163424125,0.101167315,0,0,0,0,1,0.946498054,0,0,0,0,1,0,0,0,1,0,0,0,0,0,0,0,0,0,0,20870000,276345
C1834,255,326,0,0.987730061,0,1,268,326,0,0,0.650306748,0.239263804,0.110429448,0,0,0,0,1,0.82208589,0,0,0,0,1,0,0,0,1,0,0,0,0,0,0,0,0,0,0,16129000,174190
C1848,625,532,4,0.983082707,0,3,660,532,0,0,0,0,1,0,0,0,0,1,1.240601504,0,1,0,0,0,0,0,0,1,0,0,0,0,0,0,0,0,0,0,41253000,510510
C1743,1653,791,5,0.97977244,1,1,944,791,0,0,0,0,0,0.316055626,0.471554994,0.212389381,0,1,1.193426043,0,1,0,0,0,0,0,0,1,0,0,0,0,0,0,0,0,0,0,33000000,495000
C1350,2315,1401,6,0.998572448,0,6,1636,690,0,0,0,0,0.492505353,0,0,0,0,0.492505353,1.16773733,0,1,0,1,0,0,0,0,1,0,0,0,0,0,0,0,0,0,0,57000000,519350
C1402,498,344,14,0.953488372,0,2,344,344,0,0,0,0,0.261627907,0,0.337209302,0.401162791,0,1,1,0,1,0,0,0,0,0,0,1,0,0,0,0,0,0,0,0,0,0,45000000,480000
C1103,787,935,0,0.96684492,0,2,939,935,0,0.287700535,0.248128342,0.286631016,0.177540107,0,0,0,0,1,1.004278075,0,0,0,0,1,0,0,0,1,0,0,0,0,0,0,0,0,0,0,15591000,220430
C1129,1668,1444,1,0.998614958,1,10,1275,1444,0,0,0,0,1,0,0,0,0,1,0.882963989,0,1,0,0,0,0,0,0,1,0,0,0,0,0,0,0,0,0,0,54132000,520500
C1027,207,452,2,0.953539823,0,5,461,452,0,0,0.579646018,0.420353982,0,0,0,0,0,1,1.019911504,0,0,0,0,1,0,0,0,1,0,0,0,0,0,0,0,0,0,0,26851000,306450
C2377,579,1105,2,0.980090498,0,3,1110,1105,0,0,0.700452489,0.126696833,0.172850679,0,0,0,0,1,1.004524887,0,0,0,0,1,0,0,0,1,0,0,0,0,0,0,0,0,0,0,26673000,305370
C2661,330,354,12,0.966101695,0,6,297,354,0,0.395480226,0.310734463,0.293785311,0,0,0,0,0,1,0.838983051,0,0,0,0,1,0,0,0,1,0,0,0,0,0,0,0,0,0,0,10215000,186010
C1263,217,268,14,0.985074627,0,5,214,268,0,0.223880597,0.552238806,0.223880597,0,0,0,0,0,1,0.798507463,0,0,0,0,1,0,0,0,1,0,0,0,0,0,0,0,0,0,0,7204000,124720
C1136,763,984,1,0.968495935,0,15,865,984,0,0.300813008,0.300813008,0.231707317,0.166666667,0,0,0,0,1,0.879065041,0,0,0,0,1,0,0,0,1,0,0,1,0,0,0,0,0,0,0,71409500,109420
C2605,572,624,0,0.990384615,0,3,535,624,0,0,0.721153846,0.278846154,0,0,0,0,0,1,0.857371795,0,0,0,0,1,0,0,0,1,0,0,0,0,0,0,0,0,0,0,22581000,263440
C2393,922,1546,1,0.999353169,1,2,1176,1546,0,0.160413972,0.655886158,0.183699871,0,0,0,0,0,1,0.760672704,0,0,0,0,1,1,0,0,1,0,0,0,0,0,1,0,0,0,0,18225000,215050
C1673,526,640,14,0.965625,0,1,549,640,0,0.28125,0.4375,0.28125,0,0,0,0,0,1,0.8578125,0,0,0,0,1,0,0,0,1,0,0,0,0,0,0,0,0,0,0,9461000,160210
C1017,1246,1460,6,0.981506849,0,2,1534,1460,0,0.221917808,0.397260274,0.380821918,0,0,0,0,0,1,1.050684932,0,0,0,0,1,0,0,0,1,0,0,0,0,0,0,0,0,0,0,15198000,227970
C2539,228,396,13,0.97979798,0,2,237,396,0,0.494949495,0.353535354,0.151515152,0,0,0,0,0,1,0.598484848,0,0,0,0,1,1,0,0,1,0,0,1,0,0,0,0,0,0,0,7645000,123110
C1933,1730,1022,4,0.992172211,0,3,1202,1022,0,0,0,0,0,0.614481409,0.385518591,0,0,1,1.176125245,0,1,0,0,0,0,0,0,1,0,0,0,0,0,0,0,0,0,0,35000000,520000
C2316,712,1126,5,0.968028419,0,4,983,1126,0,0.273534636,0.509769094,0.21669627,0,0,0,0,0,1,0.873001776,0,0,0,0,1,0,0,0,1,0,0,0,0,0,0,0,0,0,0,8762500,166665
C2414,1200,924,14,0.985930736,0,4,986,924,0,0,0,0,1,0,0,0,0,1,1.067099567,0,1,0,0,0,0,0,0,1,0,0,0,0,0,0,0,0,0,0,30709000,270660
C1301,202,340,5,0.944117647,0,4,320,340,0,0.352941176,0.647058824,0,0,0,0,0,0,1,0.941176471,0,0,0,0,1,0,0,0,1,0,0,0,0,0,0,0,0,0,0,10514000,145740
C1700,979,922,5,0.957700651,0,2,804,922,0,0,0,0,1,0,0,0,0,1,0.872017354,0,1,0,0,0,0,0,0,1,0,0,0,0,0,0,0,0,0,0,30000000,430000
C1636,946,632,1,0.988924051,0,15,750,632,0,0,0,0,0,0,0.202531646,0.797468354,0,1,1.186708861,0,1,0,0,0,0,0,0,1,0,0,0,0,0,0,0,0,0,0,79500000,630000
C2612,1832,1684,8,0.983966746,0,2,1689,1684,0,0.404988124,0.368171021,0.226840855,0,0,0,0,0,1,1.002969121,0,0,0,0,1,0,0,0,1,0,0,0,0,0,0,0,0,0,0,11300000,175500
C1757,508,794,7,0.983627204,2,4,676,794,0,0,0.74559194,0.25440806,0,0,0,0,0,1,0.85138539,0,0,0,0,1,0,0,0,1,0,0,0,0,0,0,0,0,0,0,32114500,277425
C2507,763,1454,1,0.997248968,0,4,880,1454,0,0.645804677,0.242778542,0.081155433,0.030261348,0,0,0,0,1,0.60522696,0,0,0,0,1,1,0,0,1,0,0,0,0,0,1,0,0,0,0,16343000,206110
C1163,326,316,3,0.936708861,0,2,239,316,0,0.278481013,0.556962025,0.164556962,0,0,0,0,0,1,0.756329114,0,0,0,0,1,0,0,0,1,0,0,0,0,0,0,0,0,0,0,9506000,200830
C2627,404,580,10,0.968965517,0,2,378,580,0,0.465517241,0.237931034,0.296551724,0,0,0,0,0,1,0.651724138,0,0,0,0,1,1,0,0,1,0,0,0,0,0,1,0,0,0,0,7172000,89520
C2040,336,198,14,0.944444444,0,2,200,198,0,0,0,0,0,0,0.242424242,0.757575758,0,1,1.01010101,0,1,0,0,0,0,0,0,1,0,0,0,0,0,0,0,0,0,0,53000000,520000
C2609,555,556,12,0.96942446,0,2,490,556,0,0.352517986,0.287769784,0.35971223,0,0,0,0,0,1,0.881294964,0,0,0,0,1,0,0,0,1,0,0,0,0,0,0,0,0,0,0,10514000,184250
C2001,417,540,1,0.981481481,0,8,500,540,0,0.388888889,0.337037037,0.274074074,0,0,0,0,0,1,0.925925926,0,0,0,0,1,0,0,0,0,0,0,0,0,0,1,0,0,0,0,11430000,149000
C1065,1255,938,3,0.960554371,0,3,1117,938,0,0.317697228,0.268656716,0.413646055,0,0,0,0,0,1,1.190831557,0,0,0,0,1,0,0,0,0,0,0,0,0,0,1,0,0,0,0,9719000,168640
C1363,2550,2568,1,0.995716511,0,6,1798,2568,0,0.502336449,0.219626168,0.278037383,0,0,0,0,0,1,0.700155763,0,0,0,0,1,1,0,0,0,0,0,0,0,0,1,0,0,0,0,19451000,175260
C2579,751,1058,1,0.984877127,0,4,956,1058,0,0.448015123,0.347826087,0.125708885,0.078449905,0,0,0,0,1,0.903591682,0,0,0,0,1,0,0,0,0,0,0,0,0,0,1,0,0,0,0,39354500,266490
C1048,243,368,1,0.95923913,0,3,333,368,0,0.47826087,0.347826087,0.173913043,0,0,0,0,0,1,0.904891304,0,0,0,0,1,0,0,0,0,0,0,0,0,0,1,0,0,0,0,30928000,238380
C1210,586,1088,5,0.964154412,0,4,773,1088,0,0.658088235,0.341911765,0,0,0,0,0,0,1,0.710477941,0,0,0,0,0,0,0,1,0,0,0,0,0,0,0,1,0,0,0,20680000,112010
C1320,924,1696,2,0.979363208,0,4,1648,1696,0,0.363207547,0.429245283,0.20754717,0,0,0,0,0,1,0.971698113,0,0,0,0,1,0,0,0,0,0,0,0,0,0,1,0,0,0,0,16785000,237000
C1941,600,404,2,0.952970297,0,3,490,404,0,0,0,0,0,0,0,1,0,1,1.212871287,0,1,0,0,0,0,0,0,1,0,0,0,0,0,0,0,0,0,0,47288000,627080
C1326,1153,1934,7,0.977766287,0,4,1670,1934,0,0.602895553,0.23991727,0.157187177,0,0,0,0,0,1,0.863495346,0,0,0,0,1,0,0,0,0,0,0,0,0,0,1,0,0,0,0,31880000,134330
C1685,164,295,14,0.905084746,0,1,167,295,0,0.728813559,0.244067797,0.027118644,0,0,0,0,0,1,0.566101695,0,0,0,0,0,0,0,1,0,0,0,0,0,0,0,0,1,1,0,40572000,21120
C2618,783,1550,1,0.974193548,0,7,1319,1550,0,0.499354839,0.263225806,0.237419355,0,0,0,0,0,1,0.850967742,0,0,0,0,1,1,0,0,0,0,0,1,0,0,1,0,0,0,0,16243000,77360
C1451,1044,1618,1,0.976514215,0,3,1382,1618,0,0.441285538,0.370828183,0.187886279,0,0,0,0,0,1,0.854140915,0,0,0,0,1,1,0,0,0,0,0,1,0,0,1,0,0,0,0,15992000,79970
C2143,719,363,0,0.994490358,0,2,434,363,0,0,0,0,0,0,0.484848485,0.515151515,0,1,1.195592287,0,1,0,0,0,0,0,0,1,0,0,0,0,0,0,0,0,0,0,41377000,547410
C1968,220,514,0,1,0,3,309,514,0,0.79766537,0.101167315,0.101167315,0,0,0,0,0,1,0.601167315,0,0,0,0,1,1,0,0,1,0,0,0,0,0,1,0,0,0,0,8377000,110000
C1258,616,840,2,1,0,3,658,840,0,0.476190476,0.392857143,0.130952381,0,0,0,0,0,1,0.783333333,0,0,0,0,1,1,0,0,0,0,0,0,0,0,1,0,0,0,0,9672000,128000
C2453,559,659,1,0.989377845,2,3,573,658,0,0.564491654,0.236722307,0.197268589,0,0,0,0,0,0.998482549,0.869499241,0,0,0,0,1,1,0,0,0,0,0,0,0,0,1,0,0,0,0,18488000,170720
C1659,416,902,4,0.964523282,0,2,635,854,0.261640798,0.43902439,0.232815965,0.013303769,0,0,0,0,0,0.946784922,0.703991131,0,0,0,0,0,0,0,1,0,0,0,0,1,0,0,0,0,0,1,23370000,132430
C1724,701,1256,2,0.999203822,0,6,878,1256,0,0.676751592,0.323248408,0,0,0,0,0,0,1,0.699044586,0,0,0,0,1,1,0,1,0,0,0,0,0,0,1,0,0,1,0,20840000,112500
C1802,1983,1438,8,0.997913769,0,2,1500,1438,0,0,0,0,1,0,0,0,0,1,1.043115438,0,1,0,0,0,0,0,0,1,0,0,0,0,0,0,0,0,0,0,43000000,470000
C1939,1896,2334,1,0.994430163,0,3,1713,2334,0,0.434447301,0.28277635,0.28277635,0,0,0,0,0,1,0.733933162,0,0,0,0,1,0,0,0,0,0,0,0,0,0,1,0,0,0,0,34967000,211320
C1284,780,528,2,1,0,5,543,528,0,0,0,0,1,0,0,0,0,1,1.028409091,0,1,0,0,0,0,0,0,1,0,0,0,0,0,0,0,0,0,0,32896000,185040
C2595,1359,867,2,0.997693195,0,5,897,867,0,0,0,0,0.800461361,0,0.121107266,0.078431373,0,1,1.034602076,0,1,0,0,0,0,0,0,1,0,0,0,0,0,0,0,0,0,0,44000000,550000
C2351,646,542,1,0.988929889,0,4,542,542,0,0,0,0,1,0,0,0,0,1,1,0,1,0,0,0,0,0,0,1,0,0,0,0,0,0,0,0,0,0,40000000,390000
C2506,1433,1124,5,0.987544484,0,3,1201,1124,0,0,0,0.204626335,0.635231317,0,0.088967972,0.071174377,0,1,1.068505338,0,1,0,0,0,0,0,0,1,0,0,0,0,0,0,0,0,0,0,43000000,450000
C1697,854,526,1,0.992395437,0,3,727,526,0,0,0,0,0,0,0.433460076,0.566539924,0,1,1.382129278,0,1,0,0,0,0,0,0,1,0,0,0,0,0,0,0,0,0,0,69000000,375000
C2259,1378,947,1,0.994720169,0,2,1306,947,0,0,0,0,0,0,0.430834213,0.569165787,0,1,1.379091869,0,1,0,0,0,0,0,0,1,0,0,0,0,0,0,0,0,0,0,69000000,375000
C1786,345,480,0,0.947916667,0,3,338,480,0.325,0.483333333,0.191666667,0,0,0,0,0,0,1,0.704166667,0,0,0,0,0,0,0,1,0,0,0,0,0,0,0,1,1,0,0,51309000,26720
C1357,995,908,7,0.970264317,0,1,1001,908,0,0,0,0,0,0,0.832599119,0.167400881,0,1,1.102422907,0,1,0,0,0,0,0,0,1,0,0,0,0,0,0,0,0,0,0,57000000,550000
C2570,205,450,10,0.968888889,0,2,318,450,0,0.8,0.2,0,0,0,0,0,0,1,0.706666667,0,0,0,0,0,0,0,1,0,0,0,0,0,0,0,0,0,0,1,15580000,85000
C1565,588,1020,5,0.958823529,0,3,719,1020,0,0.637254902,0.362745098,0,0,0,0,0,0,1,0.704901961,0,0,0,0,0,0,0,1,0,0,0,0,0,0,0,1,0,0,0,15740000,78700
C1910,396,616,11,0.965909091,0,2,350,612,0.37012987,0.298701299,0.324675325,0,0,0,0,0,0,0.993506494,0.568181818,0,0,0,0,0,0,0,1,0,0,0,0,0,0,0,1,0,0,0,19720000,118320
C2359,693,820,10,0.98902439,0,3,629,820,0,0.595121951,0.258536585,0.146341463,0,0,0,0,0,1,0.767073171,0,0,0,0,1,1,0,0,0,0,0,0,0,0,1,0,0,0,0,7126000,90460
C2139,155,311,2,0.964630225,0,4,232,306,0,0.347266881,0.443729904,0.192926045,0,0,0,0,0,0.98392283,0.745980707,0,0,0,0,1,0,0,0,0,0,0,0,0,0,1,0,0,0,0,9061000,147000
C1979,133,270,1,0.937037037,0,4,183,270,0.355555556,0.144444444,0.5,0,0,0,0,0,0,1,0.677777778,0,0,0,0,0,0,0,1,0,0,0,0,0,0,0,0,0,1,0,37419000,164480
C1803,78,100,9,0.87,0,2,57,100,0.32,0.34,0.34,0,0,0,0,0,0,1,0.57,0,0,0,0,0,0,0,1,0,0,0,0,0,0,0,1,0,0,0,34400000,163680
C2508,568,847,11,0.984651712,0,3,496,842,0,0.618654073,0.266824085,0.108618654,0,0,0,0,0,0.994096812,0.585596222,0,0,0,0,1,1,0,0,0,0,0,0,0,0,1,0,0,0,0,9000000,106000
C2531,358,540,12,0.959259259,0,6,397,540,0.181481481,0.407407407,0.233333333,0.177777778,0,0,0,0,0,1,0.735185185,0,0,0,0,1,0,0,1,0,0,0,0,0,0,1,1,0,0,0,20874000,141000
C1695,123,203,10,0.9408867,0,4,109,200,0.438423645,0.192118227,0.354679803,0,0,0,0,0,0,0.985221675,0.536945813,0,0,0,0,0,0,0,1,0,0,0,0,0,0,0,1,0,0,0,22440000,132770
C2556,148,303,9,0.930693069,0,2,249,300,0,0,0.765676568,0.224422442,0,0,0,0,0,0.99009901,0.821782178,0,0,0,0,1,0,0,0,0,0,0,0,0,0,1,0,0,0,0,7200000,119000
C2086,1524,1080,8,0.993518519,0,2,1142,1080,0,0,0,0,0.561111111,0,0.216666667,0.222222222,0,1,1.057407407,0,1,0,0,0,0,0,0,1,0,0,0,0,0,0,0,0,0,0,39000000,460000
C1544,713,442,5,0.977375566,0,2,533,442,0,0,0,0,0,0,0.330316742,0.669683258,0,1,1.205882353,0,1,0,0,0,0,0,0,1,0,0,0,0,0,0,0,0,0,0,53000000,490000
C2154,124,178,0,0.988764045,0,1,131,178,0,0.674157303,0.112359551,0.213483146,0,0,0,0,0,1,0.735955056,0,0,0,0,1,0,0,0,1,0,0,0,0,0,0,0,0,0,0,10450000,150000
C2496,1400,818,11,1,0,3,995,818,0,0,0,0,0,0,0.229828851,0.770171149,0,1,1.216381418,0,1,0,0,0,0,0,0,1,0,0,0,0,0,0,0,0,0,0,69000000,590000
C1756,609,404,9,0.997524752,0,3,486,404,0,0,0,0,0,0,0,1,0,1,1.202970297,0,1,0,0,0,0,0,0,1,0,0,0,0,0,0,0,0,0,0,55000000,620000
C2362,196,1509,1,0.969516236,0,2,1055,1500,0,0.711729622,0.282306163,0,0,0,0,0,0,0.994035785,0.699138502,0,0,0,0,0,0,0,1,0,0,0,0,0,0,0,1,0,0,0,23520000,99000
C2568,189,412,3,0.924757282,0,2,287,410,0.339805825,0.291262136,0.36407767,0,0,0,0,0,0,0.995145631,0.696601942,0,0,0,0,0,0,0,1,0,0,0,0,0,0,0,1,0,0,0,15080000,87960
C2245,98,212,2,0.896226415,0,1,114,210,0.339622642,0.349056604,0.301886792,0,0,0,0,0,0,0.990566038,0.537735849,0,0,0,0,0,0,0,1,0,0,0,0,0,0,0,0,1,0,0,50657000,26380
C2059,13,26,1,0.961538462,1,3,13,26,0.461538462,0,0.538461538,0,0,0,0,0,0,1,0.5,0,0,0,0,0,0,0,1,0,0,0,0,0,0,0,0,0,1,0,27961000,116000
C2549,165,202,12,0.915841584,0,2,141,200,0.396039604,0.198019802,0.396039604,0,0,0,0,0,0,0.99009901,0.698019802,0,0,0,0,0,0,0,1,0,0,0,0,0,0,0,1,0,0,0,25200000,107100
C1584,507,1227,1,0.967400163,0,3,857,1220,0.345558272,0.347188264,0.301548492,0,0,0,0,0,0,0.994295029,0.698451508,0,0,0,0,0,0,0,1,0,0,0,0,0,0,0,1,0,0,0,42680000,195000
C2298,444,581,6,0.963855422,0,3,408,578,0.165232358,0.402753873,0.426850258,0,0,0,0,0,0,0.994836489,0.702237522,0,0,0,0,0,0,0,1,0,0,0,0,0,0,0,1,0,0,0,24520000,118000
C2225,448,1206,2,0.959369818,0,3,842,1200,0.417910448,0.2039801,0.373134328,0,0,0,0,0,0,0.995024876,0.698175788,0,0,0,0,0,0,0,1,0,0,0,0,0,0,0,0,1,0,0,51961000,27060
C2328,1374,1077,14,0.99628598,0,2,1239,1077,0,0,0,0,1,0,0,0,0,1,1.150417827,0,1,0,0,0,0,0,0,1,0,0,0,0,0,0,0,0,0,0,44000000,390000
C1045,266,464,0,0.971982759,0,2,288,464,0,0.379310345,0.38362069,0.237068966,0,0,0,0,0,1,0.620689655,0,0,0,0,1,0,0,0,0,0,0,0,0,0,1,0,0,0,0,13700000,150000
C1207,59,100,4,0.9,0,6,54,100,0,0.76,0.24,0,0,0,0,0,0,1,0.54,0,0,0,0,0,0,0,1,0,0,0,0,0,0,0,1,0,0,0,22832000,117960
C1970,159,214,4,0.925233645,0,6,108,200,0.355140187,0.299065421,0.280373832,0,0,0,0,0,0,0.934579439,0.504672897,0,0,0,0,0,0,0,1,0,0,0,0,0,0,0,1,0,0,0,25504000,131770
C1732,267,266,4,0.936090226,0,3,188,264,0.338345865,0.255639098,0,0.398496241,0,0,0,0,0,0.992481203,0.706766917,0,0,0,0,0,0,0,1,0,0,0,0,0,0,0,0,0,1,0,19026000,99880
C2433,130,511,1,0.962818004,0,2,389,508,0.352250489,0.203522505,0.438356164,0,0,0,0,0,0,0.994129159,0.761252446,0,0,0,0,0,0,0,1,0,0,0,0,0,0,0,1,0,0,0,27640000,119000
C1156,505,1004,14,0.953187251,0,3,700,998,0.40438247,0.207171315,0.38247012,0,0,0,0,0,0,0.994023904,0.697211155,0,0,0,0,0,0,0,1,0,0,0,0,0,0,0,0,1,0,0,67718000,35270
C2142,396,954,9,0.957023061,0,5,772,946,0,0.35639413,0.408805031,0.226415094,0,0,0,0,0,0.991614256,0.809224319,0,0,0,0,1,0,0,0,0,0,0,0,0,0,1,0,0,0,0,13645000,171500
C2153,280,362,10,0.944751381,0,3,345,362,0,0.309392265,0.359116022,0.331491713,0,0,0,0,0,1,0.953038674,0,0,0,0,1,0,0,0,0,0,0,0,0,0,1,0,0,0,0,10808500,162855
C2186,744,924,5,1,0,8,664,916,0,0.54978355,0.238095238,0.203463203,0,0,0,0,0,0.991341991,0.718614719,0,0,0,0,1,1,0,0,0,1,0,0,0,0,1,0,0,0,0,19572500,187610
C1176,619,1486,14,0.962987887,0,3,1493,1486,0,0.234185734,0.36204576,0.403768506,0,0,0,0,0,1,1.004710633,0,0,0,0,1,0,0,0,0,0,0,0,0,0,1,0,0,0,0,18140000,179270
C2446,1204,2200,1,0.985454545,0,5,1570,2200,0.045454545,0.401818182,0.254545455,0.298181818,0,0,0,0,0,1,0.713636364,0,0,0,0,0,0,0,1,0,0,0,0,0,0,0,0,0,0,1,46550000,193955
C2586,57,90,12,0.922222222,0,3,66,90,0.133333333,0.466666667,0.4,0,0,0,0,0,0,1,0.733333333,0,0,0,0,0,0,0,1,0,0,0,0,0,0,0,1,0,0,0,26000000,110500
C2035,246,492,0,0.951219512,0,1,521,492,0,0.317073171,0.317073171,0.365853659,0,0,0,0,0,1,1.058943089,0,0,0,0,1,0,0,0,1,0,0,0,0,0,0,0,0,0,0,15500000,180000
C2020,19,40,7,0.825,1,2,25,40,0.5,0.125,0.375,0,0,0,0,0,0,1,0.625,0,0,0,0,0,0,0,1,0,0,0,0,0,0,0,0,0,1,0,28000000,135330
C2437,16,90,14,0.866666667,0,1,30,90,0,1,0,0,0,0,0,0,0,1,0.333333333,0,0,0,0,0,1,0,0,0,1,0,0,0,0,0,0,0,0,0,10346000,107530
C2532,146,239,0,0.970711297,0,1,166,239,0,0,0,0.158995816,0.841004184,0,0,0,0,1,0.694560669,0,0,0,0,1,0,0,0,1,0,0,0,0,0,0,0,0,0,0,14005000,142310
C1072,.,754,1,0.981432361,0,2,683,754,0,0,0.153846154,0.347480106,0.49867374,0,0,0,0,1,0.905835544,0,0,0,0,1,0,0,0,1,0,0,0,0,0,1,0,0,0,0,39772500,273355
C1128,.,1354,1,0.993353028,0,3,1216,1354,0,0,0.310192024,0.262924668,0.426883309,0,0,0,0,1,0.898079764,0,0,0,0,1,0,0,0,1,0,0,0,0,0,1,0,0,0,0,36048000,249930
C1456,.,619,7,0.97092084,0,16,547,619,0,0,0.399030695,0.316639742,0.284329564,0,0,0,0,1,0.88368336,0,0,0,0,1,0,0,0,1,0,0,0,0,0,0,0,0,0,0,36048000,234300
C1840,.,593,11,0.988195616,0,3,543,593,0,0,0.564924115,0.293423272,0.141652614,0,0,0,0,1,0.915682968,0,0,0,0,1,0,0,0,1,0,0,0,0,0,0,0,0,0,0,18023000,120145
C1332,.,1297,1,0.99151889,0,2,1112,1297,0,0,0.32767926,0.437933693,0.234387047,0,0,0,0,1,0.857363146,0,0,0,0,1,0,0,0,0,0,0,0,0,0,1,0,0,0,0,42776000,302800
C1563,.,1974,1,0.992401216,0,6,1696,1974,0,0,0.364235056,0.332320162,0.303444782,0,0,0,0,1,0.8591692,0,0,0,0,1,0,0,0,1,0,0,0,0,0,1,0,0,0,0,44717000,309580
C1794,.,1349,11,0.981467754,0,2,1098,1349,0,0.181616012,0.486286138,0.222386953,0.109710897,0,0,0,0,1,0.813936249,0,0,0,0,1,0,0,0,1,0,0,0,0,0,0,0,0,0,0,20200000,138505
C1640,.,533,11,0.968105066,0,1,470,533,0,0,0.163227017,0,0.836772983,0,0,0,0,1,0.881801126,0,0,0,0,1,0,0,0,1,0,0,1,0,0,0,0,0,0,0,55705500,77945
C1377,.,470,2,0.961702128,0,4,384,470,0,0.131914894,0.49787234,0.14893617,0.221276596,0,0,0,0,1,0.817021277,0,0,0,0,1,0,0,0,1,0,0,1,0,0,0,0,0,0,0,16789000,71950
C2072,.,353,2,0.983002833,0,1,280,353,0,0,0.583569405,0.161473088,0.254957507,0,0,0,0,1,0.793201133,0,0,0,0,1,0,0,0,1,0,0,0,0,0,0,0,0,0,0,11456500,86695
C1472,.,548,13,0.996350365,0,1,442,548,0,0,0.313868613,0.259124088,0.427007299,0,0,0,0,1,0.806569343,0,0,0,0,1,0,0,0,1,0,0,0,0,0,0,0,0,0,0,13731000,131070
C1006,.,1505,6,0.982059801,2,5,428,1505,0,0.784717608,0.206644518,0,0.00730897,0,0.000664452,0,0.000664452,1,0.284385382,1,0,0,0,0,1,1,0,0,1,1,0,0,0,0,0,0,0,0,17977000,148120
C1083,.,427,6,1,0,6,384,427,0,0,0.093676815,0,0.906323185,0,0,0,0,1,0.899297424,0,0,0,0,1,0,0,0,1,0,0,0,0,0,0,0,0,0,0,32459000,187260
C1311,.,383,7,0.994778068,0,2,265,383,0,0,1,0,0,0,0,0,0,1,0.691906005,0,0,1,0,0,0,0,0,1,0,0,0,0,0,0,0,0,0,0,17317000,265725
C2676,.,2572,7,0.990279938,0,2,418,2572,0.001944012,0.639580093,0.354976672,0.000388802,0.001944012,0,0.000388802,0,0.000777605,1,0.16251944,1,0,0,0,0,1,1,0,0,1,1,0,0,0,0,0,0,0,0,16388500,97495
C2318,.,420,7,0.997619048,2,8,210,420,0,0,0,1,0,0,0,0,0,1,0.5,0,0,1,0,0,0,0,0,1,0,0,0,0,0,0,0,0,0,0,21801000,234350
C1603,.,602,12,1,0,10,491,602,0,0,0.488372093,0.395348837,0.11627907,0,0,0,0,1,0.815614618,0,0,0,0,1,0,0,0,1,0,0,0,0,0,0,0,0,0,0,18581000,132520
C2523,.,371,0,0.994609164,0,13,281,371,0,0,0.264150943,0.5606469,0.175202156,0,0,0,0,1,0.757412399,0,0,0,0,1,0,0,0,1,0,0,0,0,0,0,0,0,0,0,21442000,178800
C2177,.,1245,13,0.998393574,0,1,187,1245,0.004016064,0.869879518,0.123694779,0.000803213,0,0.000803213,0,0,0.000803213,1,0.150200803,1,0,0,0,0,1,1,0,0,1,1,0,0,0,0,0,0,0,0,4659000,83020
C2411,.,962,2,0.974012474,0,2,840,961,0,0,0.593555094,0.249480249,0.155925156,0,0,0,0,0.998960499,0.873180873,0,0,0,0,1,0,0,0,1,0,0,0,0,0,0,0,0,0,0,11992000,100720
C2033,.,1400,9,0.991428571,0,7,308,1400,0.003571429,0.990714286,0.003571429,0.000714286,0,0.000714286,0,0,0.000714286,1,0.22,1,0,0,0,0,1,1,0,0,1,1,0,0,0,0,0,0,0,0,4032000,79980
C1604,.,534,9,0.975655431,0,2,400,534,0,0,0,0,1,0,0,0,0,1,0.74906367,0,0,0,0,1,0,0,0,1,0,0,0,0,0,0,0,0,0,0,16088000,209890
C2535,.,558,9,0.958781362,0,2,480,558,0,0,0,0,1,0,0,0,0,1,0.860215054,0,0,0,0,1,0,0,0,1,0,0,0,0,0,0,0,0,0,0,23750000,228365
C1040,.,638,9,0.962382445,0,3,548,638,0,0,0.540752351,0.459247649,0,0,0,0,0,1,0.858934169,0,0,0,0,1,0,0,0,1,0,0,0,0,0,0,0,0,0,0,16287500,155400
C2417,.,494,9,0.957489879,0,4,447,494,0,0,0,0.655870445,0.344129555,0,0,0,0,1,0.9048583,0,0,0,0,1,0,0,0,1,0,0,0,0,0,0,0,0,0,0,27465500,218475
C1812,.,1021,9,0.978452498,0,4,185,1009,0.007835455,0.741429971,0.234084231,0.000979432,0.001958864,0,0,0,0.001958864,0.988246817,0.181194907,1,0,0,0,0,1,1,0,0,1,1,0,0,0,0,0,0,0,0,4659000,83020
C2253,.,1161,0,1,0,2,173,1161,0.000861326,0.659776055,0.33419466,0.001722653,0.001722653,0,0,0.000861326,0.000861326,1,0.149009475,1,0,0,0,0,1,1,0,0,1,1,0,0,0,0,0,0,0,0,4659000,83020
C1294,.,709,0,0.960507757,0,2,571,709,0,0,0,0,1,0,0,0,0,1,0.805359661,0,0,0,0,1,0,0,0,1,0,0,0,0,0,0,0,0,0,0,15762000,213760
C1772,.,496,0,0.949596774,0,3,593,496,0,0,0,0.64516129,0.35483871,0,0,0,0,1,1.195564516,0,0,0,0,1,0,0,0,1,0,0,0,0,0,0,0,0,0,0,18726000,214710
C2646,.,584,0,0.950342466,0,5,499,584,0,0,0,0,1,0,0,0,0,1,0.854452055,0,0,0,0,1,0,0,0,1,0,0,0,0,0,0,0,0,0,0,25394000,222355
C1152,.,1301,7,0.974634896,0,2,1101,1301,0,0,0,0,1,0,0,0,0,1,0.846272098,0,0,0,0,1,0,0,0,1,0,0,0,0,0,0,0,0,0,0,28491000,167230
C2423,.,207,12,1,0,2,152,207,0,0,0.502415459,0,0.497584541,0,0,0,0,1,0.734299517,0,0,0,0,1,0,0,0,1,0,0,0,0,0,0,0,0,0,0,14979500,129190
C1844,.,620,12,1,0,4,498,620,0,0,0.537096774,0.462903226,0,0,0,0,0,1,0.803225806,0,0,0,0,1,0,0,0,1,0,0,0,0,0,0,0,0,0,0,15680000,122670
C1318,.,312,13,0.996794872,0,11,226,312,0,0,0.490384615,0.509615385,0,0,0,0,0,1,0.724358974,0,0,1,0,0,0,0,0,1,0,0,0,0,0,0,0,0,0,0,14515000,208840
C1729,.,627,0,1,0,5,131,627,0.004784689,0.012759171,0.50877193,0.470494418,0.001594896,0,0,0,0.001594896,1,0.208931419,1,0,0,0,0,1,1,0,0,1,1,0,0,0,0,0,0,0,0,5009000,93000
C1602,.,408,3,1,0,4,319,408,0,0,0.666666667,0.240196078,0.093137255,0,0,0,0,1,0.781862745,0,0,0,0,1,0,0,0,1,0,0,0,0,0,0,0,0,0,0,12795500,93110
C1239,.,498,14,0.993975904,0,8,425,498,0,0,0.638554217,0.361445783,0,0,0,0,0,1,0.853413655,0,0,0,0,1,0,0,0,1,0,0,0,0,0,0,0,0,0,0,12736000,115335
C1721,.,663,1,0.969834087,0,3,573,663,0,0,0.233785822,0.586726998,0.179487179,0,0,0,0,1,0.864253394,0,0,0,0,1,0,0,0,1,0,0,0,0,0,0,0,0,0,0,37008000,253520
C1902,.,980,1,0.978571429,0,5,841,980,0,0,0.435714286,0.419387755,0.144897959,0,0,0,0,1,0.858163265,0,0,0,0,1,0,0,0,1,0,0,0,0,0,0,0,0,0,0,37008000,253520
C1855,.,419,14,0.961813842,0,3,333,419,0,0,0.682577566,0,0.317422434,0,0,0,0,1,0.794749403,0,0,0,0,1,0,0,0,1,0,0,0,0,0,0,0,0,0,0,13522500,125735
C2600,.,540,11,0.981481481,0,6,458,540,0,0,0.666666667,0.166666667,0.166666667,0,0,0,0,1,0.848148148,0,0,0,0,1,0,0,0,1,0,0,0,0,0,0,0,0,0,0,18623000,126160
C1071,.,528,3,0.96969697,0,4,403,528,0,0,0,0.329545455,0.670454545,0,0,0,0,1,0.763257576,0,0,0,0,1,0,0,0,1,0,0,0,0,0,0,0,0,0,0,16229000,121070
C2295,.,496,3,0.955645161,0,1,378,496,0,0,0.241935484,0,0.758064516,0,0,0,0,1,0.762096774,0,0,0,0,1,0,0,0,1,0,0,0,0,0,0,0,0,0,0,21701000,121650
C1621,.,593,1,0.996627319,0,3,516,593,0,0,0.355817875,0.328836425,0.3153457,0,0,0,0,1,0.870151771,0,0,0,0,1,0,0,0,1,0,0,0,0,0,0,0,0,0,0,37454000,259660
C1852,.,898,1,0.993318486,0,19,785,898,0,0,0.355233853,0.326280624,0.318485523,0,0,0,0,1,0.874164811,0,0,0,0,1,0,0,0,1,0,0,0,0,0,1,0,0,0,0,37454000,259660
C2555,.,1442,4,0.984049931,0,6,1225,1442,0,0,0.237864078,0.762135922,0,0,0,0,0,1,0.849514563,0,0,0,0,1,0,0,0,1,0,0,0,0,0,0,0,0,0,0,21985000,128350
C1297,.,449,4,0.982182628,0,3,448,449,0,0,0.445434298,0,0.554565702,0,0,0,0,1,0.997772829,0,0,0,0,1,0,0,0,1,0,0,0,0,0,0,0,0,0,0,19819000,109230
C2323,.,603,4,0.981757877,0,2,562,603,0,0,0.354892206,0.437810945,0.207296849,0,0,0,0,1,0.932006633,0,0,0,0,1,0,0,0,1,0,0,0,0,0,0,0,0,0,0,26217000,142310
C2215,.,496,4,0.983870968,0,6,350,496,0,0,0.584677419,0.415322581,0,0,0,0,0,1,0.705645161,0,0,0,0,1,0,0,0,1,0,0,0,0,0,0,0,0,0,0,15791500,95050
C2112,.,377,3,0.944297082,0,4,382,377,0,0,0.74270557,0.25729443,0,0,0,0,0,1,1.013262599,0,0,0,0,1,0,0,0,1,0,0,0,0,0,0,0,0,0,0,19572000,136250
C1830,.,891,1,0.980920314,1,7,805,891,0,0,0.375982043,0.278338945,0.345679012,0,0,0,0,1,0.903479237,0,0,0,0,1,0,0,0,1,0,0,0,0,0,0,0,0,0,0,32704000,222970
C2602,.,349,11,0.985673352,0,2,270,349,0,0.269340974,0.318051576,0.41260745,0,0,0,0,0,1,0.773638968,0,0,0,0,1,0,0,0,1,0,0,0,0,0,0,0,0,0,0,11766500,108915
C2608,.,1138,1,0.978031634,0,5,1141,1138,0,0,0.116871705,0.54745167,0.335676626,0,0,0,0,1,1.002636204,0,0,0,0,1,0,0,0,1,0,0,0,0,0,0,0,0,0,0,21555000,179620
C1215,.,861,6,0.996515679,1,5,660,861,0,0,0.400696864,0.599303136,0,0,0,0,0,1,0.766550523,0,0,0,0,1,0,0,0,1,0,0,0,0,0,0,0,0,0,0,19346000,174190
C2369,.,656,13,0.995426829,0,3,528,656,0,0,0,0,1,0,0,0,0,1,0.804878049,0,0,0,0,1,0,0,0,1,0,0,0,0,0,0,0,0,0,0,25911000,110005
C1158,.,262,10,0.950381679,0,2,202,262,0,0,0,0,1,0,0,0,0,1,0.770992366,0,0,0,0,1,0,0,0,1,0,0,0,0,0,0,0,0,0,0,18726000,110010
C1887,.,801,5,0.973782772,1,4,611,801,0,0,0.350811486,0.264669164,0.384519351,0,0,0,0,1,0.762796504,0,0,0,0,1,0,0,0,1,0,0,0,0,0,0,0,0,0,0,25964000,97350
C1189,.,307,6,0.977198697,0,3,309,307,0,0,0.64495114,0.263843648,0.091205212,0,0,0,0,1,1.006514658,0,0,0,0,1,0,0,0,1,0,0,0,0,0,0,0,0,0,0,16665000,134190
C1637,.,525,1,0.967619048,0,3,461,525,0,0,0.241904762,0.563809524,0.194285714,0,0,0,0,1,0.878095238,0,0,0,0,1,0,0,0,1,0,0,0,0,0,0,0,0,0,0,18581000,136250
C1225,.,203,0,0.960591133,0,3,159,203,0,0,0,0,1,0,0,0,0,1,0.783251232,0,0,0,0,1,0,0,0,1,0,0,0,0,0,0,0,0,0,0,18422000,165790
C2374,.,385,10,0.971428571,0,3,349,385,0,0,0.402597403,0.597402597,0,0,0,0,0,1,0.906493506,0,0,0,0,1,0,0,0,1,0,0,0,0,0,0,0,0,0,0,17341000,129430
C2397,.,557,1,0.994614004,0,3,470,557,0,0,0,0,1,0,0,0,0,1,0.843806104,0,0,0,0,1,0,0,0,1,0,0,0,0,0,0,0,0,0,0,32478000,272630
C1105,.,1044,1,0.996168582,0,6,893,1044,0,0,0.356321839,0.342911877,0.300766284,0,0,0,0,1,0.855363985,0,0,0,0,1,0,0,0,1,0,0,0,0,0,0,0,0,0,0,23473000,238740
C1782,.,503,0,0.988071571,0,2,358,503,0,0,0,0.375745527,0.624254473,0,0,0,0,1,0.711729622,0,0,0,0,1,0,0,0,1,0,0,0,0,0,0,0,0,0,0,21221000,149810
C1629,.,225,0,0.991111111,0,2,159,225,0,0,0,0.68,0.32,0,0,0,0,1,0.706666667,0,0,0,0,1,0,0,0,1,0,0,0,0,0,0,0,0,0,0,22329000,84350
C1708,.,327,12,0.993883792,0,7,274,327,0,0,0.52293578,0.357798165,0.119266055,0,0,0,0,1,0.837920489,0,0,0,0,1,0,0,0,1,0,0,0,0,0,0,0,0,0,0,14244000,121380
C2144,.,828,7,0.979468599,0,2,585,828,0,0,0.557971014,0.442028986,0,0,0,0,0,1,0.706521739,0,0,0,0,1,0,0,0,1,0,0,0,0,0,0,0,0,0,0,14356000,114830
C1617,.,1008,2,0.985119048,1,4,1035,1008,0,0,0,0.48015873,0.51984127,0,0,0,0,1,1.026785714,0,0,0,0,1,0,0,0,1,0,0,0,0,0,0,0,0,0,0,16613000,219390
C1149,.,531,1,0.969868173,0,8,537,531,0,0,0,0.423728814,0.576271186,0,0,0,0,1,1.011299435,0,0,0,0,1,0,0,0,1,0,0,0,0,0,0,0,0,0,0,22173000,151110
C1323,.,503,1,0.96222664,0,3,507,503,0,0,0.415506958,0.584493042,0,0,0,0,0,1,1.007952286,0,0,0,0,1,0,0,0,1,0,0,0,0,0,0,0,0,0,0,24402000,167230
C1064,.,977,1,0.979529171,0,7,741,977,0,0,0.569089048,0.430910952,0,0,0,0,0,1,0.758444217,0,0,0,0,1,0,0,0,1,0,0,0,0,0,0,0,0,0,0,11609000,97420
C1019,.,321,12,0.978193146,0,3,259,321,0,0,0.560747664,0.439252336,0,0,0,0,0,1,0.806853583,0,0,0,0,1,0,0,0,1,0,0,0,0,0,0,0,0,0,0,14857500,126430
C2269,.,618,1,0.993527508,0,2,545,618,0,0,0.430420712,0.430420712,0.139158576,0,0,0,0,1,0.881877023,0,0,0,0,1,0,0,0,1,0,0,0,0,0,0,0,0,0,0,24665000,221980
C1416,.,948,1,0.993670886,0,1,831,948,0,0,0.297468354,0.227848101,0.474683544,0,0,0,0,1,0.876582278,0,0,0,0,1,0,0,0,1,0,0,0,0,0,0,0,0,0,0,24665000,221980
C1250,.,981,1,0.990825688,0,2,989,981,0,0,0.180428135,0.183486239,0.636085627,0,0,0,0,1,1.008154944,0,0,0,0,1,0,0,0,1,0,0,0,0,0,0,0,0,0,0,21097000,221775
C1741,.,388,1,1,0,4,392,388,0,0,0,0,1,0,0,0,0,1,1.010309278,0,0,0,0,1,0,0,0,1,0,0,0,0,0,0,0,0,0,0,25293000,255690
C1016,.,643,1,0.99377916,1,4,646,643,0,0,0.275272162,0.357698289,0.367029549,0,0,0,0,1,1.00466563,0,0,0,0,1,0,0,0,1,0,0,0,0,0,0,0,0,0,0,23394000,217960
C2675,.,512,1,0.982421875,0,3,1016,512,0,0,0.25390625,0.5703125,0.17578125,0,0,0,0,1,1.984375,0,0,0,0,1,0,0,0,1,0,0,0,0,0,0,0,0,0,0,34082000,232200
C2436,.,708,9,0.975988701,0,3,711,708,0,0,0,0,1,0,0,0,0,1,1.004237288,0,0,0,0,1,0,0,0,1,0,0,1,0,0,0,0,0,0,0,97541000,50800
C2039,.,976,5,0.992827869,1,6,884,976,0,0,0.56147541,0,0.43852459,0,0,0,0,1,0.905737705,0,0,0,0,1,0,0,0,1,0,0,0,0,0,0,0,0,0,0,17837000,122630
C1253,.,860,5,0.989534884,2,6,771,860,0,0,0.537209302,0,0.462790698,0,0,0,0,1,0.896511628,0,0,0,0,1,0,0,0,1,0,0,0,0,0,0,0,0,0,0,18563000,127200
C2028,.,1267,2,0.979479084,0,12,1280,1267,0,0,0,0,1,0,0,0,0,1,1.010260458,0,0,0,0,1,0,0,0,1,0,0,0,0,0,0,0,0,0,0,31210000,187260
C1166,.,359,14,0.966573816,0,2,254,359,0,0,0,0,1,0,0,0,0,1,0.707520891,0,0,0,0,1,0,0,0,1,0,0,0,0,0,0,0,0,0,0,14964000,132015
C1135,.,244,1,0.975409836,0,3,211,244,0,0,0.5,0.5,0,0,0,0,0,1,0.864754098,0,0,0,0,1,0,0,0,1,0,0,0,0,0,0,0,0,0,0,31834000,240930
C1216,.,320,11,0.978125,0,1,259,320,0,0,0.23125,0,0.76875,0,0,0,0,1,0.809375,0,0,0,0,1,0,0,0,1,0,0,0,0,0,0,0,0,0,0,26217000,149810
C1593,.,332,14,0.996987952,0,5,236,332,0,0,0.692771084,0.307228916,0,0,0,0,0,1,0.710843373,0,0,0,0,1,0,0,0,1,0,0,0,0,1,0,0,0,0,0,13949000,117060
C1826,.,284,14,0.929577465,0,3,213,284,0,0,0.422535211,0.253521127,0.323943662,0,0,0,0,1,0.75,0,0,0,0,1,0,0,0,1,0,0,0,0,0,0,0,0,0,0,13657000,100920
C1827,.,511,14,0.960861057,0,1,379,511,0,0,0.352250489,0.42074364,0.227005871,0,0,0,0,1,0.741682975,0,0,0,0,1,0,0,0,1,0,0,0,0,0,0,0,0,0,0,14091000,101150
C1564,.,354,3,0.994350282,0,4,286,354,0,0,0.581920904,0.293785311,0.124293785,0,0,0,0,1,0.807909605,0,0,0,0,1,0,0,0,1,0,0,0,0,0,0,0,0,0,0,15483000,111470
C1495,.,1175,0,0.988085106,0,4,1024,1175,0,0,0.487659574,0.512340426,0,0,0,0,0,1,0.871489362,0,0,0,0,1,0,0,0,1,0,0,0,0,0,0,0,0,0,0,11827000,104160
C2653,.,879,1,0.971558589,0,16,802,879,0,0,0,0,1,0,0,0,0,1,0.912400455,0,0,0,0,1,0,0,0,1,0,0,0,0,0,0,0,0,0,0,22876000,232570
C1392,.,794,3,0.978589421,0,2,645,794,0,0,0.599496222,0.400503778,0,0,0,0,0,1,0.812342569,0,0,0,0,1,0,0,0,1,0,0,0,0,0,0,0,0,0,0,17341000,142445
C2128,.,335,1,0.991044776,0,4,278,335,0,0,0.220895522,0.492537313,0.286567164,0,0,0,0,1,0.829850746,0,0,0,0,1,0,0,0,1,0,0,0,0,0,0,0,0,0,0,19446500,107760
C1282,.,745,14,0.966442953,0,3,705,745,0,0,0.691275168,0.233557047,0.075167785,0,0,0,0,1,0.946308725,0,0,0,0,1,0,0,0,1,0,0,0,0,0,0,0,0,0,0,20022000,151370
C1521,.,1414,11,0.985855728,0,4,1307,1414,0,0.048090523,0.497878359,0.332390382,0.121640736,0,0,0,0,1,0.924328147,0,0,0,0,1,0,0,0,1,0,0,0,0,0,0,0,0,0,0,21628000,132160
C2076,.,1385,2,0.981949458,0,14,1139,1385,0,0,0.750902527,0.162454874,0.086642599,0,0,0,0,1,0.822382671,0,0,0,0,1,0,0,0,1,0,0,0,0,0,0,0,0,0,0,13625000,130070
C1060,.,659,1,0.989377845,0,5,602,659,0,0.179059181,0.361153263,0.28983308,0.169954476,0,0,0,0,1,0.913505311,0,0,0,0,1,0,0,0,1,0,0,0,0,0,1,0,0,0,0,44098000,300400
C2473,.,1147,4,0.985178727,0,1,1222,1147,0,0.214472537,0.518744551,0.089799477,0.176983435,0,0,0,0,1,1.065387969,0,0,0,0,1,0,0,0,1,0,0,0,0,0,0,0,0,0,0,19503500,119960
C2557,.,964,7,0.967842324,0,4,818,964,0,0,0,0.298755187,0.701244813,0,0,0,0,1,0.848547718,0,0,0,0,1,0,0,0,1,0,0,0,0,0,0,0,0,0,0,28723000,160740
C1835,.,1060,1,0.96509434,0,18,925,1060,0,0.198113208,0.428301887,0.218867925,0.154716981,0,0,0,0,1,0.872641509,0,0,0,0,1,0,0,0,1,0,0,1,0,0,0,0,0,0,0,18646000,143510
C2224,.,826,2,0.968523002,0,4,746,826,0,0,0,0,1,0,0,0,0,1,0.9031477,0,0,0,0,1,0,0,0,1,0,0,0,0,0,0,0,0,0,0,29896500,339210
C2222,.,456,3,0.964912281,0,3,372,456,0,0,0.684210526,0.315789474,0,0,0,0,0,1,0.815789474,0,0,0,0,1,0,0,0,1,0,0,0,0,0,0,0,0,0,0,11748000,97550
C2430,.,687,6,0.981077147,0,1,690,687,0,0,0,0,1,0,0,0,0,1,1.004366812,0,1,0,1,0,0,0,0,1,0,0,0,0,0,0,0,0,0,0,50463000,325225
C2497,.,488,3,0.924180328,0,6,624,366,0,0,0,0,0.266393443,0,0.483606557,0,0,0.75,1.278688525,0,1,0,0,0,0,0,0,1,0,0,0,0,0,0,0,0,0,0,33400000,483000
C1494,.,728,0,0.986263736,0,5,803,728,0,0,0,0,0,0,0.090659341,0.909340659,0,1,1.103021978,0,1,0,0,0,0,0,0,1,0,0,0,0,0,0,0,0,0,0,41535000,535590
C1457,.,736,9,0.95923913,0,2,704,736,0,0,0.597826087,0.214673913,0.1875,0,0,0,0,1,0.956521739,0,0,0,0,1,0,0,0,1,0,0,0,0,0,0,0,0,0,0,32823000,309050
C1525,.,1331,1,0.987227648,1,6,1204,1331,0,0.099173554,0.309541698,0.332832457,0.258452292,0,0,0,0,1,0.90458302,0,0,0,0,1,0,0,0,1,0,0,0,0,0,1,0,0,0,0,36658000,298900
C1712,.,737,3,0.968792402,0,2,632,737,0,0,0.512890095,0.411126187,0.075983718,0,0,0,0,1,0.857530529,0,0,0,0,1,0,0,0,1,0,0,0,0,0,0,0,0,0,0,17061000,189270
C2267,.,1191,1,0.972292191,0,15,1052,1191,0,0.154492024,0.46263644,0.241813602,0.141057935,0,0,0,0,1,0.883291352,0,0,0,0,1,0,0,0,1,0,0,0,0,0,0,0,0,0,0,26040000,249375
C1623,.,296,3,0.966216216,0,1,239,296,0,0,0.168918919,0.472972973,0.358108108,0,0,0,0,1,0.807432432,0,0,0,0,1,0,0,0,1,0,0,0,0,0,0,0,0,0,0,15330000,128100
C2131,.,538,13,0.99070632,0,3,451,538,0,0,0,0,1,0,0,0,0,1,0.838289963,0,1,0,1,0,0,0,0,1,0,0,0,0,0,0,0,0,0,0,43014500,253935
C2691,.,765,1,0.967320261,0,19,910,765,0,0,0,0,0,0,0.22875817,0.77124183,0,1,1.189542484,0,1,0,0,0,0,0,0,1,0,0,0,0,0,0,0,0,0,0,66000000,550000
C1147,.,1124,2,0.997330961,0,2,980,1124,0,0.168149466,0.591637011,0.145907473,0.09430605,0,0,0,0,1,0.871886121,0,0,0,0,1,1,0,0,1,0,0,0,0,0,1,0,0,0,0,11401000,172590
C1692,.,1390,5,0.974100719,0,2,1216,1390,0,0.414388489,0.320863309,0.126618705,0.138129496,0,0,0,0,1,0.874820144,0,0,0,0,1,0,0,0,1,0,0,0,0,0,0,0,0,0,0,9354000,169880
C1570,.,1278,14,0.971830986,0,1,1014,1278,0,0,0.699530516,0.300469484,0,0,0,0,0,1,0.79342723,0,0,0,0,1,0,0,0,1,0,0,0,0,0,0,0,0,0,0,12526000,169885
C1474,.,190,2,0.989473684,0,4,142,190,0,0.368421053,0.463157895,0.168421053,0,0,0,0,0,1,0.747368421,0,0,0,0,1,0,0,0,0,0,0,0,0,0,1,0,0,0,0,9884000,181710
C1633,.,178,5,0.876404494,0,4,168,178,0,0.561797753,0,0.438202247,0,0,0,0,0,1,0.943820225,0,0,0,0,1,0,0,0,1,0,0,0,0,0,0,0,0,0,0,10305000,146780
C2113,.,990,0,0.967676768,0,2,701,990,0,0.513131313,0.319191919,0.167676768,0,0,0,0,0,1,0.708080808,0,0,0,0,1,1,0,0,1,0,0,0,0,0,1,0,0,0,0,8680000,129030
C2175,.,595,2,0.991596639,0,3,685,595,0,0,0,0,0,0,0.198319328,0.801680672,0,1,1.151260504,0,1,0,0,0,0,0,0,1,0,0,0,0,0,0,0,0,0,0,58000000,520000
C2303,.,963,1,0.983385254,0,6,1161,963,0,0,0,0,0,0,0.184839045,0.815160955,0,1,1.205607477,0,1,0,0,0,0,0,0,1,0,0,0,0,0,0,0,0,0,0,59900000,544000
C2547,.,626,1,0.985623003,0,8,566,626,0,0.466453674,0.268370607,0.265175719,0,0,0,0,0,1,0.904153355,0,0,0,0,1,0,0,0,0,0,0,0,0,0,1,0,0,0,0,23338500,188935
C2292,.,906,8,0.975717439,0,2,906,906,0,0.370860927,0.443708609,0.185430464,0,0,0,0,0,1,1,0,0,0,0,1,0,0,0,0,0,0,0,0,0,1,0,0,0,0,14494000,208680
C1496,.,565,14,0.980530973,0,3,582,565,0,0,0,0,0,0,0.208849558,0.791150442,0,1,1.030088496,0,1,0,0,0,0,0,0,1,0,0,0,0,0,0,0,0,0,0,35600000,480000
C1289,.,482,0,0.968879668,0,2,423,482,0,0.46473029,0.406639004,0.128630705,0,0,0,0,0,1,0.877593361,0,0,0,0,1,0,0,0,0,0,0,0,0,0,1,0,0,0,0,13041000,181400
C1849,.,1054,0,0.9943074,0,3,824,1054,0,0.576850095,0.351043643,0.072106262,0,0,0,0,0,1,0.781783681,0,0,0,0,1,1,0,0,0,0,0,0,0,0,1,0,0,0,0,7800000,131000
C1003,.,480,2,0.939583333,0,3,339,480,0.266666667,0.520833333,0.141666667,0.070833333,0,0,0,0,0,1,0.70625,0,0,0,0,0,0,0,1,0,0,0,0,0,0,0,1,0,0,0,22600000,115500
C2268,.,900,2,0.95,0,2,633,900,0.448888889,0.184444444,0.366666667,0,0,0,0,0,0,1,0.703333333,0,0,0,0,0,0,0,1,0,0,0,0,0,0,0,0,1,1,0,55185000,28740
C2551,.,674,8,0.973293769,0,2,674,674,0,0.522255193,0.264094955,0.213649852,0,0,0,0,0,1,1,0,0,0,0,1,0,0,0,0,0,0,0,0,0,1,0,0,0,0,12279000,169105
C2688,.,150,10,0.993333333,0,3,107,150,0,0.52,0.373333333,0.106666667,0,0,0,0,0,1,0.713333333,0,0,0,0,1,1,0,0,0,1,0,0,0,0,1,0,0,0,0,7897500,86695
C1030,.,75,1,0.84,1,2,29,70,0.373333333,0.186666667,0.373333333,0,0,0,0,0,0,0.933333333,0.386666667,0,0,0,0,0,0,0,1,0,0,0,0,0,0,0,1,0,0,0,52280000,217830
C1327,.,98,6,0.867346939,0,17,98,98,0.306122449,0.204081633,0.489795918,0,0,0,0,0,0,1,1,0,0,0,0,0,0,0,1,0,0,0,0,0,0,0,1,0,0,0,28400000,142000
C2451,.,395,5,0.994936709,0,3,433,395,0,0,0,0,1,0,0,0,0,1,1.096202532,0,1,0,0,0,0,0,0,1,0,0,0,0,0,0,0,0,0,0,50000000,450000
C1749,.,848,1,0.95990566,0,8,675,840,0,0.563679245,0.426886792,0,0,0,0,0,0,0.990566038,0.795990566,0,0,0,0,0,0,0,1,0,0,0,0,0,0,0,1,0,0,0,26933000,123440
C1349,.,465,4,0.956989247,0,3,322,460,0.32688172,0.180645161,0.48172043,0,0,0,0,0,0,0.989247312,0.692473118,0,0,0,0,0,0,0,1,0,0,0,0,1,0,0,0,0,0,1,21540000,125000
C2043,.,469,2,0.950959488,0,4,330,460,0.428571429,0.164179104,0.388059701,0,0,0,0,0,0,0.980810235,0.703624733,0,0,0,0,0,0,0,1,0,0,0,0,0,0,0,1,0,0,0,27320000,123160
C1229,.,453,8,0.949227373,0,2,317,450,0.578366446,0,0.348785872,0.066225166,0,0,0,0,0,0.993377483,0.699779249,0,0,0,0,0,0,0,1,0,0,0,0,0,0,0,1,0,0,0,30101000,120400
C2363,.,864,7,0.958333333,0,6,603,856,0.138888889,0.333333333,0.518518519,0,0,0,0,0,0,0.990740741,0.697916667,0,0,0,0,0,0,0,1,0,0,0,0,0,0,0,0,0,1,0,20400000,119000
C1414,.,873,1,0.966781214,0,8,610,870,0.469644903,0.127147766,0.399770905,0,0,0,0,0,0,0.996563574,0.698739977,0,0,0,0,0,0,0,1,0,0,0,0,0,0,0,1,0,0,0,24840000,115000
C2174,.,954,9,0.957023061,0,3,667,946,0.4360587,0.201257862,0.354297694,0,0,0,0,0,0,0.991614256,0.699161426,0,0,0,0,0,0,0,1,0,0,0,0,0,0,0,0,0,0,1,23140000,127000
C2091,.,150,14,0.973333333,0,1,120,150,0,0.733333333,0,0.266666667,0,0,0,0,0,1,0.8,0,0,0,0,1,1,0,1,1,1,0,0,0,0,0,0,0,1,0,9150000,122000
C2335,.,112,11,0.973214286,0,1,636,112,0.75,0.25,0,0,0,0,0,0,0,1,5.678571429,0,0,0,0,0,1,0,0,0,1,0,0,0,0,0,0,0,0,0,2711500,60345
C1841,.,100,4,0.86,0,4,53,100,0.4,0.36,0.24,0,0,0,0,0,0,1,0.53,0,0,0,0,0,0,0,1,0,0,0,0,0,0,0,1,0,0,0,25504000,131770
C2404,.,214,10,0.929906542,0,5,117,200,0.168224299,0.186915888,0.579439252,0,0,0,0,0,0,0.934579439,0.546728972,0,0,0,0,0,0,0,1,0,0,0,0,0,0,0,1,0,0,0,18840000,117750
C1683,.,328,1,0.957317073,0,11,250,326,0,0.585365854,0.408536585,0,0,0,0,0,0,0.993902439,0.762195122,0,0,0,0,0,0,0,1,0,0,0,0,0,0,0,1,0,0,0,15966000,69315
C1038,.,554,14,0.938628159,0,1,387,550,0.245487365,0.339350181,0.407942238,0,0,0,0,0,0,0.992779783,0.698555957,0,0,0,0,0,0,0,1,0,0,0,0,0,0,0,0,1,0,0,57369000,29875
C2456,.,349,12,0.951289398,0,4,270,346,0,0.320916905,0.395415473,0.275071633,0,0,0,0,0,0.991404011,0.773638968,0,0,0,0,1,0,0,0,0,0,0,0,0,0,1,0,0,0,0,10338500,143115
C1266,.,596,14,0.941275168,0,1,593,591,0,0.302013423,0.510067114,0.179530201,0,0,0,0,0,0.991610738,0.994966443,0,0,0,0,1,0,0,0,0,0,0,0,0,0,1,0,0,0,0,15709000,212500
C2152,.,120,0,0.925,0,1,40,120,0,0.55,0.45,0,0,0,0,0,0,1,0.333333333,0,0,0,0,0,1,0,0,0,1,0,0,0,0,0,0,0,0,0,10027500,117425
C1267,.,675,2,0.943703704,0,1,467,670,0.074074074,0.465185185,0.186666667,0.266666667,0,0,0,0,0,0.992592593,0.691851852,0,0,0,0,1,1,0,1,0,1,0,0,0,0,1,0,0,1,0,10876000,104370
C2189,.,382,11,0.882198953,0,2,300,378,0,0.303664921,0.528795812,0.157068063,0,0,0,0,0,0.989528796,0.785340314,0,0,0,0,1,0,0,0,0,0,0,0,0,0,1,0,0,0,0,10141000,125500
