홍수사상번호,연,월,일,시간,유입량
1,2006,7,10,8,189.1
1,2006,7,10,9,216.9519618
1,2006,7,10,10,251.4244187
1,2006,7,10,11,302.812199
1,2006,7,10,12,384.7834064
1,2006,7,10,13,512.5012279
1,2006,7,10,14,701.5026217
1,2006,7,10,15,952.5260535
1,2006,7,10,16,1207.11602
1,2006,7,10,17,1392.018525
1,2006,7,10,18,1454.768513
1,2006,7,10,19,1426.056687
1,2006,7,10,20,1357.36269
1,2006,7,10,21,1293.862205
1,2006,7,10,22,1255.51507
1,2006,7,10,23,1255.977162
1,2006,7,10,24,1299.827525
1,2006,7,11,1,1355.337857
1,2006,7,11,2,1381.703021
1,2006,7,11,3,1352.132424
1,2006,7,11,4,1295.893649
1,2006,7,11,5,1256.268823
1,2006,7,11,6,1265.636588
1,2006,7,11,7,1312.761633
1,2006,7,11,8,1375.505161
1,2006,7,11,9,1437.167338
1,2006,7,11,10,1502.804186
1,2006,7,11,11,1582.91069
1,2006,7,11,12,1676.198585
1,2006,7,11,13,1734.246617
1,2006,7,11,14,1714.092218
1,2006,7,11,15,1641.740554
1,2006,7,11,16,1560.438727
1,2006,7,11,17,1503.816413
1,2006,7,11,18,1467.033586
1,2006,7,11,19,1435.632793
1,2006,7,11,20,1398.298088
1,2006,7,11,21,1356.279548
1,2006,7,11,22,1313.968753
1,2006,7,11,23,1275.609823
1,2006,7,11,24,1244.857022
1,2006,7,12,1,1225.217152
1,2006,7,12,2,1218.195158
1,2006,7,12,3,1217.288567
1,2006,7,12,4,1213.993045
1,2006,7,12,5,1201.361104
1,2006,7,12,6,1178.672607
1,2006,7,12,7,1146.764262
1,2006,7,12,8,1107.417108
1,2006,7,12,9,1066.189518
1,2006,7,12,10,1029.584203
1,2006,7,12,11,1003.59915
1,2006,7,12,12,992.2134611
1,2006,7,12,13,995.5887004
1,2006,7,12,14,1000.635155
1,2006,7,12,15,990.9502939
1,2006,7,12,16,957.4227731
1,2006,7,12,17,920.1060007
1,2006,7,12,18,906.3445727
1,2006,7,12,19,941.8874633
1,2006,7,12,20,1046.101159
1,2006,7,12,21,1236.756525
1,2006,7,12,22,1520.353654
1,2006,7,12,23,1858.309549
1,2006,7,12,24,2200.770442
1,2006,7,13,1,2511.200044
1,2006,7,13,2,2806.331985
1,2006,7,13,3,3116.217372
1,2006,7,13,4,3452.600134
1,2006,7,13,5,3753.99548
1,2006,7,13,6,3940.61144
1,2006,7,13,7,3967.231759
1,2006,7,13,8,3926.943038
1,2006,7,13,9,3947.407595
1,2006,7,13,10,4126.088131
1,2006,7,13,11,4439.64889
1,2006,7,13,12,4834.5545
1,2006,7,13,13,5243.433493
1,2006,7,13,14,5543.570004
1,2006,7,13,15,5632.572322
1,2006,7,13,16,5544.689743
1,2006,7,13,17,5348.331817
1,2006,7,13,18,5102.829996
1,2006,7,13,19,4831.203347
1,2006,7,13,20,4547.392841
1,2006,7,13,21,4264.156381
1,2006,7,13,22,3989.51959
1,2006,7,13,23,3730.32502
1,2006,7,13,24,3492.29881
1,2006,7,14,1,3276.701446
1,2006,7,14,2,3083.677002
1,2006,7,14,3,2913.301703
1,2006,7,14,4,2765.380394
1,2006,7,14,5,2639.650075
1,2006,7,14,6,2533.421938
1,2006,7,14,7,2434.303935
1,2006,7,14,8,2327.478212
1,2006,7,14,9,2204.343678
1,2006,7,14,10,2081.166295
1,2006,7,14,11,1980.428786
1,2006,7,14,12,1917.921884
1,2006,7,14,13,1882.668349
1,2006,7,14,14,1856.99895
1,2006,7,14,15,1829.918822
1,2006,7,14,16,1817.13056
1,2006,7,14,17,1833.079388
1,2006,7,14,18,1860.483572
1,2006,7,14,19,1874.129638
1,2006,7,14,20,1855.610625
1,2006,7,14,21,1813.74562
1,2006,7,14,22,1764.160221
1,2006,7,14,23,1720.585244
1,2006,7,14,24,1689.172367
1,2006,7,15,1,1674.178489
1,2006,7,15,2,1678.137501
1,2006,7,15,3,1696.691286
1,2006,7,15,4,1723.758722
1,2006,7,15,5,1752.552366
1,2006,7,15,6,1773.459484
1,2006,7,15,7,1776.161022
1,2006,7,15,8,1754.674031
1,2006,7,15,9,1720.359987
1,2006,7,15,10,1688.916475
1,2006,7,15,11,1674.478443
1,2006,7,15,12,1684.930304
1,2006,7,15,13,1726.593837
1,2006,7,15,14,1799.26964
1,2006,7,15,15,1876.673598
1,2006,7,15,16,1926.000417
1,2006,7,15,17,1999.903357
1,2006,7,15,18,2492.869896
1,2006,7,15,19,3744.195564
1,2006,7,15,20,5530.573882
1,2006,7,15,21,7488.047869
1,2006,7,15,22,9277.372727
1,2006,7,15,23,10658.15238
1,2006,7,15,24,11414.70295
1,2006,7,16,1,11421.58913
1,2006,7,16,2,10914.37006
1,2006,7,16,3,10218.85346
1,2006,7,16,4,9634.043068
1,2006,7,16,5,9351.726692
1,2006,7,16,6,9536.888156
1,2006,7,16,7,10306.82928
1,2006,7,16,8,11588.12383
1,2006,7,16,9,13259.6636
1,2006,7,16,10,15180.11774
1,2006,7,16,11,17127.26494
1,2006,7,16,12,18858.6613
1,2006,7,16,13,20174.20355
1,2006,7,16,14,21043.15105
1,2006,7,16,15,21477.10381
1,2006,7,16,16,21504.40226
1,2006,7,16,17,21220.34846
1,2006,7,16,18,20718.7612
1,2006,7,16,19,20020.56473
1,2006,7,16,20,19128.45963
1,2006,7,16,21,18050.90878
1,2006,7,16,22,16819.42433
1,2006,7,16,23,15471.28072
1,2006,7,16,24,14052.67539
1,2006,7,17,1,12645.49781
1,2006,7,17,2,11340.56043
1,2006,7,17,3,10209.59216
1,2006,7,17,4,9247.987689
1,2006,7,17,5,8432.058148
1,2006,7,17,6,7739.424592
1,2006,7,17,7,7152.947762
1,2006,7,17,8,6656.798321
1,2006,7,17,9,6236.714553
1,2006,7,17,10,5884.705227
1,2006,7,17,11,5594.34673
1,2006,7,17,12,5358.497749
1,2006,7,17,13,5167.14616
1,2006,7,17,14,5009.562135
1,2006,7,17,15,4877.147403
1,2006,7,17,16,4769.829906
1,2006,7,17,17,4689.669141
1,2006,7,17,18,4635.525424
1,2006,7,17,19,4593.462339
1,2006,7,17,20,4550.943123
1,2006,7,17,21,4513.826347
1,2006,7,17,22,4492.569416
1,2006,7,17,23,4495.458857
1,2006,7,17,24,4522.097697
1,2006,7,18,1,4569.918084
1,2006,7,18,2,4635.176268
1,2006,7,18,3,4709.424905
1,2006,7,18,4,4783.040753
1,2006,7,18,5,4849.43107
1,2006,7,18,6,4914.12512
1,2006,7,18,7,4985.682671
1,2006,7,18,8,5072.337093
1,2006,7,18,9,5181.016169
1,2006,7,18,10,5318.321285
1,2006,7,18,11,5485.279964
1,2006,7,18,12,5660.624275
1,2006,7,18,13,5817.512421
1,2006,7,18,14,5934.568725
1,2006,7,18,15,6012.28199
1,2006,7,18,16,6056.607138
1,2006,7,18,17,6072.353858
1,2006,7,18,18,6059.750906
1,2006,7,18,19,6017.881808
1,2006,7,18,20,5942.290677
1,2006,7,18,21,5814.363983
1,2006,7,18,22,5623.501978
1,2006,7,18,23,5405.31769
1,2006,7,18,24,5206.977343
1,2006,7,19,1,5062.315361
1,2006,7,19,2,4951.838972
1,2006,7,19,3,4842.723605
1,2006,7,19,4,4711.053643
1,2006,7,19,5,4568.549295
1,2006,7,19,6,4435.839728
1,2006,7,19,7,4327.93577
1,2006,7,19,8,4237.374915
1,2006,7,19,9,4151.076318
1,2006,7,19,10,4057.88599
1,2006,7,19,11,3954.357349
1,2006,7,19,12,3838.970667
1,2006,7,19,13,3712.538026
1,2006,7,19,14,3585.198754
1,2006,7,19,15,3469.423987
1,2006,7,19,16,3373.123471
1,2006,7,19,17,3285.961383
2,2006,7,25,24,323.9932666
2,2006,7,26,1,323.1541383
2,2006,7,26,2,293.2403128
2,2006,7,26,3,261.1776776
2,2006,7,26,4,256.3884027
2,2006,7,26,5,279.3518813
2,2006,7,26,6,319.8849692
2,2006,7,26,7,354.0971495
2,2006,7,26,8,363.6704345
2,2006,7,26,9,366.2843275
2,2006,7,26,10,381.6370858
2,2006,7,26,11,401.5044924
2,2006,7,26,12,412.0103746
2,2006,7,26,13,404.5932134
2,2006,7,26,14,373.1862929
2,2006,7,26,15,316.3874571
2,2006,7,26,16,240.8780902
2,2006,7,26,17,181.0091767
2,2006,7,26,18,166.299166
2,2006,7,26,19,179.2667662
2,2006,7,26,20,196.8294717
2,2006,7,26,21,220.499666
2,2006,7,26,22,252.1105763
2,2006,7,26,23,270.1839179
2,2006,7,26,24,257.205378
2,2006,7,27,1,234.8280423
2,2006,7,27,2,226.9954242
2,2006,7,27,3,227.6453482
2,2006,7,27,4,227.7229041
2,2006,7,27,5,236.207931
2,2006,7,27,6,259.5719429
2,2006,7,27,7,276.2184014
2,2006,7,27,8,266.3296492
2,2006,7,27,9,245.2716026
2,2006,7,27,10,233.6993571
2,2006,7,27,11,238.2411505
2,2006,7,27,12,261.0953686
2,2006,7,27,13,300.7678466
2,2006,7,27,14,350.1921619
2,2006,7,27,15,383.7054115
2,2006,7,27,16,378.6385249
2,2006,7,27,17,342.8942437
2,2006,7,27,18,295.1876479
2,2006,7,27,19,266.911359
2,2006,7,27,20,281.2130866
2,2006,7,27,21,315.5833503
2,2006,7,27,22,348.4434234
2,2006,7,27,23,407.5947841
2,2006,7,27,24,526.4366021
2,2006,7,28,1,711.3786063
2,2006,7,28,2,961.3497556
2,2006,7,28,3,1272.345368
2,2006,7,28,4,1634.165801
2,2006,7,28,5,2014.765212
2,2006,7,28,6,2423.819747
2,2006,7,28,7,3059.7397
2,2006,7,28,8,4066.954904
2,2006,7,28,9,5185.239198
2,2006,7,28,10,6094.171626
2,2006,7,28,11,6637.208051
2,2006,7,28,12,6750.333742
2,2006,7,28,13,6575.774762
2,2006,7,28,14,6282.734169
2,2006,7,28,15,5942.082186
2,2006,7,28,16,5600.405223
2,2006,7,28,17,5305.487236
2,2006,7,28,18,5099.528712
2,2006,7,28,19,5001.198688
2,2006,7,28,20,5032.944622
2,2006,7,28,21,5255.859106
2,2006,7,28,22,5681.877038
2,2006,7,28,23,6087.657409
2,2006,7,28,24,6239.639908
2,2006,7,29,1,6098.662915
2,2006,7,29,2,5706.999567
2,2006,7,29,3,5238.263323
2,2006,7,29,4,4871.484066
2,2006,7,29,5,4676.017047
2,2006,7,29,6,4710.62863
2,2006,7,29,7,5101.40426
2,2006,7,29,8,5905.210531
2,2006,7,29,9,6834.719532
2,2006,7,29,10,7558.072984
2,2006,7,29,11,7909.485615
2,2006,7,29,12,7818.601665
2,2006,7,29,13,7430.710414
2,2006,7,29,14,6928.135126
2,2006,7,29,15,6425.689982
2,2006,7,29,16,5993.694874
2,2006,7,29,17,5592.001649
2,2006,7,29,18,5172.359719
2,2006,7,29,19,4764.576811
2,2006,7,29,20,4406.145812
2,2006,7,29,21,4087.241935
2,2006,7,29,22,3793.165584
2,2006,7,29,23,3537.035585
2,2006,7,29,24,3331.977677
2,2006,7,30,1,3163.326817
2,2006,7,30,2,3010.974073
2,2006,7,30,3,2860.825742
3,2007,8,3,17,221.050131
3,2007,8,3,18,209.9806227
3,2007,8,3,19,200.3431661
3,2007,8,3,20,192.3595756
3,2007,8,3,21,185.3640845
3,2007,8,3,22,178.5951288
3,2007,8,3,23,171.8530416
3,2007,8,3,24,165.2942756
3,2007,8,4,1,159.1661743
3,2007,8,4,2,153.8496211
3,2007,8,4,3,149.853507
3,2007,8,4,4,148.0652141
3,2007,8,4,5,149.5454635
3,2007,8,4,6,155.6698433
3,2007,8,4,7,168.1144548
3,2007,8,4,8,189.4425861
3,2007,8,4,9,221.4961625
3,2007,8,4,10,262.3444714
3,2007,8,4,11,309.4154423
3,2007,8,4,12,361.3442105
3,2007,8,4,13,416.9136332
3,2007,8,4,14,474.2902475
3,2007,8,4,15,532.3304131
3,2007,8,4,16,593.2660985
3,2007,8,4,17,659.6292737
3,2007,8,4,18,731.7763037
3,2007,8,4,19,809.431484
3,2007,8,4,20,891.9664351
3,2007,8,4,21,979.3979909
3,2007,8,4,22,1074.676514
3,2007,8,4,23,1180.901824
3,2007,8,4,24,1298.838041
3,2007,8,5,1,1429.29736
3,2007,8,5,2,1575.61999
3,2007,8,5,3,1741.588108
3,2007,8,5,4,1930.223748
3,2007,8,5,5,2142.9818
3,2007,8,5,6,2375.808706
3,2007,8,5,7,2621.980591
3,2007,8,5,8,2869.600756
3,2007,8,5,9,3105.020971
3,2007,8,5,10,3312.759716
3,2007,8,5,11,3478.231719
3,2007,8,5,12,3592.26999
3,2007,8,5,13,3648.191784
3,2007,8,5,14,3645.109618
3,2007,8,5,15,3588.371991
3,2007,8,5,16,3485.142589
3,2007,8,5,17,3344.739565
3,2007,8,5,18,3177.233757
3,2007,8,5,19,2993.552304
3,2007,8,5,20,2804.16229
3,2007,8,5,21,2616.834286
3,2007,8,5,22,2438.2522
3,2007,8,5,23,2273.449797
3,2007,8,5,24,2126.566223
3,2007,8,6,1,1999.812287
3,2007,8,6,2,1894.826086
3,2007,8,6,3,1812.883211
3,2007,8,6,4,1755.108243
3,2007,8,6,5,1722.384234
3,2007,8,6,6,1715.203129
3,2007,8,6,7,1732.733969
3,2007,8,6,8,1773.748348
3,2007,8,6,9,1836.750983
3,2007,8,6,10,1918.938334
3,2007,8,6,11,2012.540734
3,2007,8,6,12,2108.835788
3,2007,8,6,13,2200.256335
3,2007,8,6,14,2279.664519
3,2007,8,6,15,2340.484465
3,2007,8,6,16,2377.050684
3,2007,8,6,17,2386.777247
3,2007,8,6,18,2368.924937
3,2007,8,6,19,2327.061816
3,2007,8,6,20,2265.686854
3,2007,8,6,21,2188.715378
3,2007,8,6,22,2100.010977
3,2007,8,6,23,2003.813929
3,2007,8,6,24,1904.130724
3,2007,8,7,1,1803.656004
4,2007,9,14,15,161.8030021
4,2007,9,14,16,157.7736563
4,2007,9,14,17,162.3439824
4,2007,9,14,18,177.3780303
4,2007,9,14,19,199.5069696
4,2007,9,14,20,227.2489559
4,2007,9,14,21,270.7900716
4,2007,9,14,22,343.7446849
4,2007,9,14,23,457.2975767
4,2007,9,14,24,605.245612
4,2007,9,15,1,776.137626
4,2007,9,15,2,955.4295546
4,2007,9,15,3,1131.43378
4,2007,9,15,4,1306.981368
4,2007,9,15,5,1487.475305
4,2007,9,15,6,1677.511506
4,2007,9,15,7,1894.323885
4,2007,9,15,8,2154.983137
4,2007,9,15,9,2462.211337
4,2007,9,15,10,2816.800245
4,2007,9,15,11,3217.29935
4,2007,9,15,12,3628.436475
4,2007,9,15,13,4006.237633
4,2007,9,15,14,4307.400101
4,2007,9,15,15,4497.32612
4,2007,9,15,16,4575.566521
4,2007,9,15,17,4550.733571
4,2007,9,15,18,4436.458311
4,2007,9,15,19,4258.582512
4,2007,9,15,20,4043.842905
4,2007,9,15,21,3810.869616
4,2007,9,15,22,3577.54273
4,2007,9,15,23,3362.958713
4,2007,9,15,24,3171.930357
5,2008,7,23,21,251.5147715
5,2008,7,23,22,148.5859561
5,2008,7,23,23,100.9294941
5,2008,7,23,24,108.4648947
5,2008,7,24,1,147.5161486
5,2008,7,24,2,180.3982328
5,2008,7,24,3,178.8399119
5,2008,7,24,4,166.2341136
5,2008,7,24,5,168.9387673
5,2008,7,24,6,173.5076452
5,2008,7,24,7,162.0690369
5,2008,7,24,8,138.8534587
5,2008,7,24,9,112.8660548
5,2008,7,24,10,90.10825447
5,2008,7,24,11,78.57788931
5,2008,7,24,12,97.26211326
5,2008,7,24,13,157.1121833
5,2008,7,24,14,225.9464454
5,2008,7,24,15,271.1795944
5,2008,7,24,16,301.7446296
5,2008,7,24,17,343.7893764
5,2008,7,24,18,450.8026595
5,2008,7,24,19,680.2067334
5,2008,7,24,20,1077.816573
5,2008,7,24,21,1694.428284
5,2008,7,24,22,2612.369766
5,2008,7,24,23,3825.5198
5,2008,7,24,24,4942.428906
5,2008,7,25,1,5605.389258
5,2008,7,25,2,5976.987937
5,2008,7,25,3,6321.860435
5,2008,7,25,4,6792.540981
5,2008,7,25,5,7455.894141
5,2008,7,25,6,8148.207072
5,2008,7,25,7,8668.508173
5,2008,7,25,8,8897.368225
5,2008,7,25,9,8786.533449
5,2008,7,25,10,8490.909462
5,2008,7,25,11,8179.993024
5,2008,7,25,12,7878.486072
5,2008,7,25,13,7572.840174
5,2008,7,25,14,7241.300252
5,2008,7,25,15,6873.530762
5,2008,7,25,16,6513.080956
5,2008,7,25,17,6205.783698
5,2008,7,25,18,5952.721533
5,2008,7,25,19,5731.67524
5,2008,7,25,20,5471.968871
5,2008,7,25,21,5117.49587
5,2008,7,25,22,4718.883982
5,2008,7,25,23,4343.268367
5,2008,7,25,24,4017.079532
5,2008,7,26,1,3746.819821
5,2008,7,26,2,3499.98358
5,2008,7,26,3,3244.981914
5,2008,7,26,4,2992.900956
5,2008,7,26,5,2763.356536
5,2008,7,26,6,2567.408251
5,2008,7,26,7,2410.180091
5,2008,7,26,8,2281.609845
5,2008,7,26,9,2171.381264
5,2008,7,26,10,2083.34815
5,2008,7,26,11,2019.315843
5,2008,7,26,12,1958.72579
5,2008,7,26,13,1880.147132
5,2008,7,26,14,1781.023685
5,2008,7,26,15,1669.760275
5,2008,7,26,16,1579.731104
5,2008,7,26,17,1543.527813
5,2008,7,26,18,1565.642427
5,2008,7,26,19,1627.755014
5,2008,7,26,20,1648.397442
5,2008,7,26,21,1561.644478
5,2008,7,26,22,1426.890707
5,2008,7,26,23,1318.038898
5,2008,7,26,24,1241.704726
5,2008,7,27,1,1189.240347
5,2008,7,27,2,1158.230918
5,2008,7,27,3,1140.212072
5,2008,7,27,4,1096.288343
5,2008,7,27,5,999.3907502
5,2008,7,27,6,900.1873386
5,2008,7,27,7,853.4795044
5,2008,7,27,8,852.8650157
5,2008,7,27,9,875.5506025
5,2008,7,27,10,894.3824687
5,2008,7,27,11,888.7734437
5,2008,7,27,12,868.7633847
5,2008,7,27,13,848.2442953
5,2008,7,27,14,825.8897378
5,2008,7,27,15,799.0692742
5,2008,7,27,16,775.1549078
5,2008,7,27,17,761.6419704
5,2008,7,27,18,756.5166679
6,2009,7,9,1,127.1241537
6,2009,7,9,2,139.2332224
6,2009,7,9,3,148.5297862
6,2009,7,9,4,156.2462312
6,2009,7,9,5,163.7363349
6,2009,7,9,6,173.9043832
6,2009,7,9,7,195.7353076
6,2009,7,9,8,233.5940494
6,2009,7,9,9,267.2849448
6,2009,7,9,10,280.6194903
6,2009,7,9,11,293.7807355
6,2009,7,9,12,320.2282657
6,2009,7,9,13,366.1212858
6,2009,7,9,14,425.2882545
6,2009,7,9,15,489.5490341
6,2009,7,9,16,555.0198458
6,2009,7,9,17,616.3536513
6,2009,7,9,18,662.0652971
6,2009,7,9,19,694.1774077
6,2009,7,9,20,721.7365884
6,2009,7,9,21,765.84024
6,2009,7,9,22,850.6495511
6,2009,7,9,23,1000.530065
6,2009,7,9,24,1236.335056
6,2009,7,10,1,1564.664357
6,2009,7,10,2,1978.504394
6,2009,7,10,3,2423.840768
6,2009,7,10,4,2809.406521
6,2009,7,10,5,3054.77219
6,2009,7,10,6,3150.060783
6,2009,7,10,7,3108.734631
6,2009,7,10,8,2967.060876
6,2009,7,10,9,2762.464089
6,2009,7,10,10,2519.251522
6,2009,7,10,11,2277.417761
6,2009,7,10,12,2073.295243
6,2009,7,10,13,1908.336693
6,2009,7,10,14,1774.928201
6,2009,7,10,15,1664.069015
6,2009,7,10,16,1567.791851
6,2009,7,10,17,1483.650129
6,2009,7,10,18,1409.526411
6,2009,7,10,19,1341.073423
6,2009,7,10,20,1280.79003
6,2009,7,10,21,1230.630227
6,2009,7,10,22,1182.471359
7,2009,7,11,19,568.9238628
7,2009,7,11,20,553.6106253
7,2009,7,11,21,546.7974791
7,2009,7,11,22,544.8794667
7,2009,7,11,23,544.1099533
7,2009,7,11,24,546.9731082
7,2009,7,12,1,556.5679969
7,2009,7,12,2,572.2224658
7,2009,7,12,3,593.1157999
7,2009,7,12,4,622.8152595
7,2009,7,12,5,670.5263463
7,2009,7,12,6,744.4898573
7,2009,7,12,7,844.243775
7,2009,7,12,8,968.3790466
7,2009,7,12,9,1120.401296
7,2009,7,12,10,1312.907709
7,2009,7,12,11,1589.94704
7,2009,7,12,12,2001.511667
7,2009,7,12,13,2583.204095
7,2009,7,12,14,3341.85639
7,2009,7,12,15,4262.343617
7,2009,7,12,16,5268.564006
7,2009,7,12,17,6271.270496
7,2009,7,12,18,7189.611692
7,2009,7,12,19,7952.061807
7,2009,7,12,20,8516.001832
7,2009,7,12,21,8846.862737
7,2009,7,12,22,8923.665921
7,2009,7,12,23,8767.445196
7,2009,7,12,24,8414.791141
7,2009,7,13,1,7923.332261
7,2009,7,13,2,7352.283001
7,2009,7,13,3,6746.163635
7,2009,7,13,4,6141.5595
7,2009,7,13,5,5558.010357
7,2009,7,13,6,5012.103415
7,2009,7,13,7,4523.073588
7,2009,7,13,8,4101.114008
7,2009,7,13,9,3750.205556
7,2009,7,13,10,3459.830733
7,2009,7,13,11,3217.42675
7,2009,7,13,12,3016.748058
7,2009,7,13,13,2852.28475
7,2009,7,13,14,2715.152261
7,2009,7,13,15,2596.557068
7,2009,7,13,16,2491.320763
7,2009,7,13,17,2394.704737
7,2009,7,13,18,2302.615099
7,2009,7,13,19,2214.031742
7,2009,7,13,20,2128.64166
7,2009,7,13,21,2045.88647
8,2009,7,13,24,1793.964445
8,2009,7,14,1,1717.112856
8,2009,7,14,2,1655.287274
8,2009,7,14,3,1601.007629
8,2009,7,14,4,1545.352888
8,2009,7,14,5,1488.075293
8,2009,7,14,6,1431.028705
8,2009,7,14,7,1375.800179
8,2009,7,14,8,1325.734638
8,2009,7,14,9,1286.97854
8,2009,7,14,10,1249.515979
8,2009,7,14,11,1203.351601
8,2009,7,14,12,1156.559204
8,2009,7,14,13,1125.981224
8,2009,7,14,14,1145.465522
8,2009,7,14,15,1245.323508
8,2009,7,14,16,1425.948267
8,2009,7,14,17,1684.876623
8,2009,7,14,18,2009.878584
8,2009,7,14,19,2344.725348
8,2009,7,14,20,2642.90759
8,2009,7,14,21,2940.792695
8,2009,7,14,22,3293.389873
8,2009,7,14,23,3733.869336
8,2009,7,14,24,4239.205586
8,2009,7,15,1,4775.524782
8,2009,7,15,2,5319.678072
8,2009,7,15,3,5847.45562
8,2009,7,15,4,6319.678669
8,2009,7,15,5,6692.656167
8,2009,7,15,6,6926.537155
8,2009,7,15,7,7008.382005
8,2009,7,15,8,6936.052725
8,2009,7,15,9,6722.936469
8,2009,7,15,10,6390.758616
8,2009,7,15,11,5979.072281
8,2009,7,15,12,5532.400033
8,2009,7,15,13,5092.489185
8,2009,7,15,14,4682.298298
8,2009,7,15,15,4317.334304
8,2009,7,15,16,4002.598904
9,2009,7,17,15,1011.388849
9,2009,7,17,16,992.2074657
9,2009,7,17,17,978.29188
9,2009,7,17,18,972.8107179
9,2009,7,17,19,961.4946858
9,2009,7,17,20,931.5382125
9,2009,7,17,21,893.4285332
9,2009,7,17,22,861.7525196
9,2009,7,17,23,844.2027822
9,2009,7,17,24,842.509504
9,2009,7,18,1,843.029036
9,2009,7,18,2,834.2053407
9,2009,7,18,3,811.129757
9,2009,7,18,4,789.1566562
9,2009,7,18,5,784.0472968
9,2009,7,18,6,792.9274546
9,2009,7,18,7,811.9301568
9,2009,7,18,8,851.8529192
9,2009,7,18,9,925.94804
9,2009,7,18,10,1042.62246
9,2009,7,18,11,1201.148689
9,2009,7,18,12,1369.106864
9,2009,7,18,13,1509.337227
9,2009,7,18,14,1597.412786
9,2009,7,18,15,1621.790822
9,2009,7,18,16,1609.732932
9,2009,7,18,17,1594.843469
9,2009,7,18,18,1597.293493
9,2009,7,18,19,1632.385873
9,2009,7,18,20,1709.38401
9,2009,7,18,21,1825.064653
9,2009,7,18,22,1937.354621
9,2009,7,18,23,2013.432705
9,2009,7,18,24,2035.479233
9,2009,7,19,1,2025.451929
9,2009,7,19,2,2011.819297
9,2009,7,19,3,2009.315563
9,2009,7,19,4,2030.869644
9,2009,7,19,5,2095.923501
9,2009,7,19,6,2217.430677
9,2009,7,19,7,2375.878001
9,2009,7,19,8,2541.584301
9,2009,7,19,9,2676.663091
9,2009,7,19,10,2749.695773
9,2009,7,19,11,2763.3406
9,2009,7,19,12,2729.214801
9,2009,7,19,13,2660.694659
9,2009,7,19,14,2570.854088
9,2009,7,19,15,2469.798449
9,2009,7,19,16,2366.26121
9,2009,7,19,17,2266.456789
9,2009,7,19,18,2173.406635
9,2009,7,19,19,2082.18168
9,2009,7,19,20,1994.498945
9,2009,7,19,21,1913.238919
9,2009,7,19,22,1836.72665
9,2009,7,19,23,1763.922719
9,2009,7,19,24,1700.885263
9,2009,7,20,1,1651.881062
9,2009,7,20,2,1606.913891
9,2009,7,20,3,1555.630466
9,2009,7,20,4,1500.512255
9,2009,7,20,5,1447.623204
9,2009,7,20,6,1404.522423
9,2009,7,20,7,1376.975253
9,2009,7,20,8,1362.076784
9,2009,7,20,9,1348.856116
9,2009,7,20,10,1302.74865
10,2009,8,10,19,95.41328155
10,2009,8,10,20,85.19842085
10,2009,8,10,21,76.31374114
10,2009,8,10,22,69.13642863
10,2009,8,10,23,64.1580986
10,2009,8,10,24,61.55451331
10,2009,8,11,1,60.1235939
10,2009,8,11,2,58.4111556
10,2009,8,11,3,55.33243103
10,2009,8,11,4,49.84637493
10,2009,8,11,5,40.71741321
10,2009,8,11,6,27.60296005
10,2009,8,11,7,13.92691157
10,2009,8,11,8,3.541153465
10,2009,8,11,9,3.8
10,2009,8,11,10,4.2
10,2009,8,11,11,4.682136074
10,2009,8,11,12,14.33465859
10,2009,8,11,13,26.47244744
10,2009,8,11,14,40.15255098
10,2009,8,11,15,56.29903687
10,2009,8,11,16,76.05213475
10,2009,8,11,17,99.5497027
10,2009,8,11,18,125.294817
10,2009,8,11,19,146.2537977
10,2009,8,11,20,155.9711984
10,2009,8,11,21,155.8412621
10,2009,8,11,22,149.1662107
10,2009,8,11,23,139.0304921
10,2009,8,11,24,128.0293967
10,2009,8,12,1,117.0193558
10,2009,8,12,2,106.9040553
10,2009,8,12,3,100.515056
10,2009,8,12,4,101.4499026
10,2009,8,12,5,114.4421996
10,2009,8,12,6,142.0708152
10,2009,8,12,7,177.3050108
10,2009,8,12,8,211.2568951
10,2009,8,12,9,238.4380134
10,2009,8,12,10,266.3760614
10,2009,8,12,11,304.4858805
10,2009,8,12,12,356.7147464
10,2009,8,12,13,425.801631
10,2009,8,12,14,515.1198588
10,2009,8,12,15,629.6628425
10,2009,8,12,16,780.2699959
10,2009,8,12,17,978.5885687
10,2009,8,12,18,1233.651152
10,2009,8,12,19,1550.039294
10,2009,8,12,20,1917.145038
10,2009,8,12,21,2314.396954
10,2009,8,12,22,2696.55923
10,2009,8,12,23,3017.803519
10,2009,8,12,24,3254.5957
10,2009,8,13,1,3393.526631
10,2009,8,13,2,3439.39286
10,2009,8,13,3,3403.119327
10,2009,8,13,4,3301.938851
10,2009,8,13,5,3154.5134
10,2009,8,13,6,2978.913669
10,2009,8,13,7,2791.870711
10,2009,8,13,8,2605.348276
10,2009,8,13,9,2429.508449
10,2009,8,13,10,2272.07395
10,2009,8,13,11,2138.22491
10,2009,8,13,12,2025.410484
10,2009,8,13,13,1929.255451
10,2009,8,13,14,1845.818065
10,2009,8,13,15,1771.249784
10,2009,8,13,16,1701.641407
10,2009,8,13,17,1633.280135
10,2009,8,13,18,1563.29945
10,2009,8,13,19,1490.414153
10,2009,8,13,20,1418.818059
10,2009,8,13,21,1353.219052
10,2009,8,13,22,1294.902302
10,2009,8,13,23,1243.987442
10,2009,8,13,24,1199.35467
10,2009,8,14,1,1159.464533
10,2009,8,14,2,1122.338411
10,2009,8,14,3,1086.076124
10,2009,8,14,4,1049.530411
10,2009,8,14,5,1011.448005
10,2009,8,14,6,969.3986829
10,2009,8,14,7,920.5601134
10,2009,8,14,8,861.7184917
11,2010,9,9,14,407.9739828
11,2010,9,9,15,418.8277735
11,2010,9,9,16,436.3574532
11,2010,9,9,17,457.5761304
11,2010,9,9,18,477.4530497
11,2010,9,9,19,490.0873917
11,2010,9,9,20,488.1419434
11,2010,9,9,21,467.1766044
11,2010,9,9,22,435.776115
11,2010,9,9,23,403.9535191
11,2010,9,9,24,374.4102319
11,2010,9,10,1,347.6316608
11,2010,9,10,2,322.5508097
11,2010,9,10,3,297.7705493
11,2010,9,10,4,272.1256207
11,2010,9,10,5,246.2687616
11,2010,9,10,6,227.8928254
11,2010,9,10,7,223.3993531
11,2010,9,10,8,226.9845191
11,2010,9,10,9,231.3110309
11,2010,9,10,10,235.1130944
11,2010,9,10,11,238.7621765
11,2010,9,10,12,243.1072895
11,2010,9,10,13,248.7760631
11,2010,9,10,14,255.0330513
11,2010,9,10,15,261.4871073
11,2010,9,10,16,270.4873566
11,2010,9,10,17,284.2642417
11,2010,9,10,18,301.8332001
11,2010,9,10,19,321.9439734
11,2010,9,10,20,345.4985265
11,2010,9,10,21,371.295658
11,2010,9,10,22,387.5692807
11,2010,9,10,23,383.7376217
11,2010,9,10,24,364.5210508
11,2010,9,11,1,339.0477026
11,2010,9,11,2,318.7746285
11,2010,9,11,3,317.3887986
11,2010,9,11,4,355.1679429
11,2010,9,11,5,450.3211589
11,2010,9,11,6,606.1922547
11,2010,9,11,7,816.1418694
11,2010,9,11,8,1048.463258
11,2010,9,11,9,1270.554734
11,2010,9,11,10,1471.30224
11,2010,9,11,11,1647.860268
11,2010,9,11,12,1808.969883
11,2010,9,11,13,1964.984276
11,2010,9,11,14,2121.118558
11,2010,9,11,15,2282.076136
11,2010,9,11,16,2455.651664
11,2010,9,11,17,2646.214202
11,2010,9,11,18,2841.339187
11,2010,9,11,19,3024.329245
11,2010,9,11,20,3178.189378
11,2010,9,11,21,3287.834459
11,2010,9,11,22,3346.11648
11,2010,9,11,23,3351.334588
11,2010,9,11,24,3315.639452
11,2010,9,12,1,3254.322015
11,2010,9,12,2,3181.382799
11,2010,9,12,3,3110.927266
11,2010,9,12,4,3058.77107
11,2010,9,12,5,3042.473905
11,2010,9,12,6,3084.861435
11,2010,9,12,7,3206.797932
11,2010,9,12,8,3416.03614
11,2010,9,12,9,3713.313112
11,2010,9,12,10,4084.414646
11,2010,9,12,11,4507.106937
11,2010,9,12,12,4942.029
11,2010,9,12,13,5348.230982
11,2010,9,12,14,5695.534729
11,2010,9,12,15,5956.561826
11,2010,9,12,16,6104.361098
11,2010,9,12,17,6118.31932
11,2010,9,12,18,6002.747815
11,2010,9,12,19,5772.32705
11,2010,9,12,20,5458.289522
11,2010,9,12,21,5094.862873
11,2010,9,12,22,4711.703276
11,2010,9,12,23,4334.733922
11,2010,9,12,24,3979.517542
11,2010,9,13,1,3657.103377
11,2010,9,13,2,3370.847167
11,2010,9,13,3,3121.218218
11,2010,9,13,4,2904.833603
11,2010,9,13,5,2717.528284
11,2010,9,13,6,2555.861034
11,2010,9,13,7,2415.997019
11,2010,9,13,8,2291.803201
11,2010,9,13,9,2178.202496
11,2010,9,13,10,2076.639878
11,2010,9,13,11,1988.338087
11,2010,9,13,12,1907.1089
11,2010,9,13,13,1827.348217
11,2010,9,13,14,1753.199406
11,2010,9,13,15,1689.289404
11,2010,9,13,16,1632.431942
11,2010,9,13,17,1577.940573
11,2010,9,13,18,1522.941345
11,2010,9,13,19,1466.011006
11,2010,9,13,20,1409.716596
11,2010,9,13,21,1357.158115
11,2010,9,13,22,1309.577091
11,2010,9,13,23,1267.473483
11,2010,9,13,24,1230.239437
11,2010,9,14,1,1196.779949
11,2010,9,14,2,1165.159236
11,2010,9,14,3,1132.846183
12,2010,9,18,21,301.6913601
12,2010,9,18,22,278.3598243
12,2010,9,18,23,242.223812
12,2010,9,18,24,204.978261
12,2010,9,19,1,167.7090208
12,2010,9,19,2,131.1006829
12,2010,9,19,3,104.8418942
12,2010,9,19,4,98.3065308
12,2010,9,19,5,110.6053276
12,2010,9,19,6,136.8881623
12,2010,9,19,7,166.7246239
12,2010,9,19,8,189.5659138
12,2010,9,19,9,199.9699694
12,2010,9,19,10,197.0247097
12,2010,9,19,11,192.8312423
12,2010,9,19,12,199.0757258
12,2010,9,19,13,212.7713342
12,2010,9,19,14,227.0694427
12,2010,9,19,15,234.3472175
12,2010,9,19,16,231.8340333
12,2010,9,19,17,236.9423085
12,2010,9,19,18,263.940521
12,2010,9,19,19,294.3383423
12,2010,9,19,20,306.1141453
12,2010,9,19,21,295.8799164
12,2010,9,19,22,267.1514996
12,2010,9,19,23,232.4265555
12,2010,9,19,24,203.8975
12,2010,9,20,1,183.5539537
12,2010,9,20,2,170.8348384
12,2010,9,20,3,164.1767939
12,2010,9,20,4,158.0073324
12,2010,9,20,5,148.0155743
12,2010,9,20,6,138.9461998
12,2010,9,20,7,136.0957743
12,2010,9,20,8,137.9128433
12,2010,9,20,9,142.1602686
12,2010,9,20,10,150.7061987
12,2010,9,20,11,164.648009
12,2010,9,20,12,177.8946988
12,2010,9,20,13,184.4548617
12,2010,9,20,14,185.9238465
12,2010,9,20,15,185.8927696
12,2010,9,20,16,188.3490639
12,2010,9,20,17,197.1979575
12,2010,9,20,18,215.6195423
12,2010,9,20,19,245.4062882
12,2010,9,20,20,283.525313
12,2010,9,20,21,322.9953121
12,2010,9,20,22,345.8666435
12,2010,9,20,23,338.4603762
12,2010,9,20,24,315.1487598
12,2010,9,21,1,293.4280564
12,2010,9,21,2,275.2393948
12,2010,9,21,3,257.6837034
12,2010,9,21,4,234.0562433
12,2010,9,21,5,201.1829625
12,2010,9,21,6,173.8182245
12,2010,9,21,7,165.8743307
12,2010,9,21,8,169.9669175
12,2010,9,21,9,174.7810493
12,2010,9,21,10,174.5761644
12,2010,9,21,11,165.0052952
12,2010,9,21,12,144.0787951
12,2010,9,21,13,119.2363025
12,2010,9,21,14,100.6178939
12,2010,9,21,15,99.73611285
12,2010,9,21,16,133.4171302
12,2010,9,21,17,238.3691578
12,2010,9,21,18,453.303083
12,2010,9,21,19,805.0584521
12,2010,9,21,20,1308.964792
12,2010,9,21,21,1946.182891
12,2010,9,21,22,2690.576915
12,2010,9,21,23,3520.993279
12,2010,9,21,24,4402.29643
12,2010,9,22,1,5238.440696
12,2010,9,22,2,5928.227953
12,2010,9,22,3,6410.760383
12,2010,9,22,4,6649.461979
12,2010,9,22,5,6664.743659
12,2010,9,22,6,6494.54945
12,2010,9,22,7,6189.96889
12,2010,9,22,8,5804.854979
12,2010,9,22,9,5390.969056
12,2010,9,22,10,4995.303187
12,2010,9,22,11,4647.864002
12,2010,9,22,12,4365.900508
12,2010,9,22,13,4132.616661
12,2010,9,22,14,3925.760092
12,2010,9,22,15,3735.298199
12,2010,9,22,16,3554.779362
12,2010,9,22,17,3379.856113
12,2010,9,22,18,3208.664151
12,2010,9,22,19,3047.16769
12,2010,9,22,20,2901.532123
12,2010,9,22,21,2770.899062
12,2010,9,22,22,2652.654169
12,2010,9,22,23,2544.230944
12,2010,9,22,24,2443.254222
12,2010,9,23,1,2348.25592
12,2010,9,23,2,2261.204937
12,2010,9,23,3,2184.415318
12,2010,9,23,4,2118.144696
12,2010,9,23,5,2061.597228
12,2010,9,23,6,2011.819579
12,2010,9,23,7,1965.497846
12,2010,9,23,8,1920.033355
12,2010,9,23,9,1873.174934
12,2010,9,23,10,1823.346184
12,2010,9,23,11,1770.588016
12,2010,9,23,12,1720.735819
12,2010,9,23,13,1679.203463
12,2010,9,23,14,1643.924262
12,2010,9,23,15,1611.744747
12,2010,9,23,16,1582.644876
12,2010,9,23,17,1556.684006
12,2010,9,23,18,1531.105672
12,2010,9,23,19,1503.512821
12,2010,9,23,20,1475.76187
12,2010,9,23,21,1449.896617
12,2010,9,23,22,1424.456918
12,2010,9,23,23,1398.10859
12,2010,9,23,24,1373.525232
12,2010,9,24,1,1353.968149
12,2010,9,24,2,1341.04169
12,2010,9,24,3,1337.92791
13,2011,6,28,23,865.0187344
13,2011,6,28,24,839.8503725
13,2011,6,29,1,811.6407732
13,2011,6,29,2,780.3067715
13,2011,6,29,3,745.9859905
13,2011,6,29,4,709.2211345
13,2011,6,29,5,670.923729
13,2011,6,29,6,633.0755019
13,2011,6,29,7,597.9363128
13,2011,6,29,8,567.8083442
13,2011,6,29,9,544.8313466
13,2011,6,29,10,530.4530198
13,2011,6,29,11,525.5024952
13,2011,6,29,12,529.0266832
13,2011,6,29,13,540.0766278
13,2011,6,29,14,559.5021284
13,2011,6,29,15,589.660505
13,2011,6,29,16,636.9761772
13,2011,6,29,17,708.2744962
13,2011,6,29,18,809.0711337
13,2011,6,29,19,940.2999421
13,2011,6,29,20,1100.734289
13,2011,6,29,21,1285.087426
13,2011,6,29,22,1486.077735
13,2011,6,29,23,1692.504253
13,2011,6,29,24,1892.340534
13,2011,6,30,1,2074.177553
13,2011,6,30,2,2230.359305
13,2011,6,30,3,2367.624449
13,2011,6,30,4,2495.537887
13,2011,6,30,5,2620.574831
13,2011,6,30,6,2746.779806
13,2011,6,30,7,2871.564266
13,2011,6,30,8,2990.809434
13,2011,6,30,9,3100.908679
13,2011,6,30,10,3198.786259
13,2011,6,30,11,3283.172512
13,2011,6,30,12,3353.979365
13,2011,6,30,13,3411.087017
13,2011,6,30,14,3453.470013
13,2011,6,30,15,3479.167275
13,2011,6,30,16,3483.38086
13,2011,6,30,17,3461.230507
13,2011,6,30,18,3410.343546
13,2011,6,30,19,3330.005403
13,2011,6,30,20,3223.626285
13,2011,6,30,21,3096.1988
13,2011,6,30,22,2954.920358
13,2011,6,30,23,2807.210546
13,2011,6,30,24,2659.172856
13,2011,7,1,1,2515.73808
13,2011,7,1,2,2378.462306
13,2011,7,1,3,2248.135314
13,2011,7,1,4,2125.353841
13,2011,7,1,5,2008.781872
13,2011,7,1,6,1897.598848
13,2011,7,1,7,1795.05615
13,2011,7,1,8,1704.357775
13,2011,7,1,9,1624.446243
13,2011,7,1,10,1553.43857
13,2011,7,1,11,1490.411226
13,2011,7,1,12,1434.758318
13,2011,7,1,13,1386.185021
13,2011,7,1,14,1344.761581
13,2011,7,1,15,1311.707461
13,2011,7,1,16,1287.971189
13,2011,7,1,17,1272.268327
14,2011,7,2,23,650.4484063
14,2011,7,2,24,681.4088964
14,2011,7,3,1,706.4749497
14,2011,7,3,2,719.5710822
14,2011,7,3,3,734.9705364
14,2011,7,3,4,768.6988633
14,2011,7,3,5,824.163848
14,2011,7,3,6,904.3253095
14,2011,7,3,7,1014.619383
14,2011,7,3,8,1167.50056
14,2011,7,3,9,1375.865353
14,2011,7,3,10,1647.359995
14,2011,7,3,11,1981.303431
14,2011,7,3,12,2348.955716
14,2011,7,3,13,2722.208887
14,2011,7,3,14,3103.711855
14,2011,7,3,15,3504.440514
14,2011,7,3,16,3931.617631
14,2011,7,3,17,4376.773193
14,2011,7,3,18,4827.179988
14,2011,7,3,19,5268.774814
14,2011,7,3,20,5693.265237
14,2011,7,3,21,6116.777887
14,2011,7,3,22,6553.653372
14,2011,7,3,23,6982.631381
14,2011,7,3,24,7358.409702
14,2011,7,4,1,7633.839471
14,2011,7,4,2,7770.536327
14,2011,7,4,3,7740.177514
14,2011,7,4,4,7545.922194
14,2011,7,4,5,7203.290118
14,2011,7,4,6,6745.761492
14,2011,7,4,7,6213.386504
14,2011,7,4,8,5654.534804
14,2011,7,4,9,5119.165811
14,2011,7,4,10,4646.877807
14,2011,7,4,11,4243.176004
14,2011,7,4,12,3903.701922
14,2011,7,4,13,3618.245273
14,2011,7,4,14,3376.029576
14,2011,7,4,15,3169.865397
14,2011,7,4,16,2992.059263
14,2011,7,4,17,2829.314508
14,2011,7,4,18,2669.255794
14,2011,7,4,19,2510.570637
14,2011,7,4,20,2361.366084
14,2011,7,4,21,2230.13196
14,2011,7,4,22,2119.791783
14,2011,7,4,23,2029.474555
14,2011,7,4,24,1948.697519
15,2011,7,7,8,480.2647315
15,2011,7,7,9,469.6913817
15,2011,7,7,10,458.850277
15,2011,7,7,11,448.7810888
15,2011,7,7,12,440.4479589
15,2011,7,7,13,434.7961463
15,2011,7,7,14,433.0592958
15,2011,7,7,15,437.6245947
15,2011,7,7,16,451.1676155
15,2011,7,7,17,475.5818647
15,2011,7,7,18,509.6325826
15,2011,7,7,19,551.3029429
15,2011,7,7,20,599.5059315
15,2011,7,7,21,656.8737816
15,2011,7,7,22,726.9685383
15,2011,7,7,23,812.7140475
15,2011,7,7,24,914.4813574
15,2011,7,8,1,1032.003317
15,2011,7,8,2,1164.855358
15,2011,7,8,3,1311.983244
15,2011,7,8,4,1472.17532
15,2011,7,8,5,1644.219932
15,2011,7,8,6,1826.632997
15,2011,7,8,7,2016.840709
15,2011,7,8,8,2211.996833
15,2011,7,8,9,2408.022127
15,2011,7,8,10,2595.905317
15,2011,7,8,11,2765.402124
15,2011,7,8,12,2907.239396
15,2011,7,8,13,3016.028493
15,2011,7,8,14,3087.351902
15,2011,7,8,15,3118.58409
15,2011,7,8,16,3114.26743
15,2011,7,8,17,3080.736273
15,2011,7,8,18,3025.371408
15,2011,7,8,19,2959.739375
15,2011,7,8,20,2896.453153
15,2011,7,8,21,2847.106556
15,2011,7,8,22,2819.216753
15,2011,7,8,23,2819.281745
15,2011,7,8,24,2853.799537
15,2011,7,9,1,2927.180289
15,2011,7,9,2,3035.482782
15,2011,7,9,3,3172.677954
15,2011,7,9,4,3332.445407
15,2011,7,9,5,3507.299412
15,2011,7,9,6,3689.462906
15,2011,7,9,7,3871.885487
15,2011,7,9,8,4050.42341
15,2011,7,9,9,4221.659593
15,2011,7,9,10,4381.315109
15,2011,7,9,11,4521.663661
15,2011,7,9,12,4634.117104
15,2011,7,9,13,4711.181563
15,2011,7,9,14,4749.740219
15,2011,7,9,15,4747.770521
15,2011,7,9,16,4704.381269
15,2011,7,9,17,4623.206671
15,2011,7,9,18,4509.012291
15,2011,7,9,19,4366.563689
15,2011,7,9,20,4201.122091
15,2011,7,9,21,4019.931379
15,2011,7,9,22,3830.731099
15,2011,7,9,23,3640.396081
15,2011,7,9,24,3452.342289
15,2011,7,10,1,3269.120968
15,2011,7,10,2,3093.247156
15,2011,7,10,3,2927.09105
15,2011,7,10,4,2772.986636
15,2011,7,10,5,2633.074204
15,2011,7,10,6,2508.719264
15,2011,7,10,7,2401.093626
15,2011,7,10,8,2311.003551
15,2011,7,10,9,2237.79309
15,2011,7,10,10,2180.440741
15,2011,7,10,11,2138.185208
15,2011,7,10,12,2111.306003
15,2011,7,10,13,2100.34284
15,2011,7,10,14,2105.835435
15,2011,7,10,15,2127.426692
15,2011,7,10,16,2161.172274
15,2011,7,10,17,2202.231032
15,2011,7,10,18,2245.798521
15,2011,7,10,19,2287.217107
15,2011,7,10,20,2321.86586
15,2011,7,10,21,2345.838736
15,2011,7,10,22,2358.08923
15,2011,7,10,23,2358.285722
15,2011,7,10,24,2346.537031
15,2011,7,11,1,2324.713714
15,2011,7,11,2,2295.126766
15,2011,7,11,3,2259.858401
15,2011,7,11,4,2220.075701
15,2011,7,11,5,2176.716967
15,2011,7,11,6,2130.551238
15,2011,7,11,7,2081.670504
15,2011,7,11,8,2029.997494
15,2011,7,11,9,1975.454936
15,2011,7,11,10,1918.54507
15,2011,7,11,11,1862.088182
15,2011,7,11,12,1809.484069
15,2011,7,11,13,1763.494592
15,2011,7,11,14,1724.329869
15,2011,7,11,15,1691.56208
15,2011,7,11,16,1664.626081
15,2011,7,11,17,1642.407419
15,2011,7,11,18,1623.654318
15,2011,7,11,19,1607.570553
15,2011,7,11,20,1595.182124
15,2011,7,11,21,1587.970583
15,2011,7,11,22,1587.02359
15,2011,7,11,23,1591.853236
15,2011,7,11,24,1601.577718
15,2011,7,12,1,1615.211679
15,2011,7,12,2,1631.355547
15,2011,7,12,3,1648.506197
15,2011,7,12,4,1665.160503
15,2011,7,12,5,1680.35442
15,2011,7,12,6,1695.280224
15,2011,7,12,7,1711.669269
15,2011,7,12,8,1730.812393
15,2011,7,12,9,1752.238347
15,2011,7,12,10,1775.035365
15,2011,7,12,11,1798.288857
15,2011,7,12,12,1821.072948
15,2011,7,12,13,1842.458941
15,2011,7,12,14,1861.590286
15,2011,7,12,15,1877.89901
15,2011,7,12,16,1890.889287
15,2011,7,12,17,1900.265288
15,2011,7,12,18,1906.531184
15,2011,7,12,19,1910.391143
15,2011,7,12,20,1912.371089
15,2011,7,12,21,1912.283965
15,2011,7,12,22,1909.764468
15,2011,7,12,23,1904.447296
15,2011,7,12,24,1896.381803
15,2011,7,13,1,1887.27598
15,2011,7,13,2,1879.252473
15,2011,7,13,3,1873.747196
15,2011,7,13,4,1869.44912
15,2011,7,13,5,1864.360483
15,2011,7,13,6,1856.581435
15,2011,7,13,7,1844.603783
15,2011,7,13,8,1827.017248
15,2011,7,13,9,1802.714573
15,2011,7,13,10,1771.800586
15,2011,7,13,11,1734.68314
15,2011,7,13,12,1691.942608
15,2011,7,13,13,1644.849453
15,2011,7,13,14,1594.846658
15,2011,7,13,15,1543.430875
15,2011,7,13,16,1492.313418
15,2011,7,13,17,1443.25927
15,2011,7,13,18,1398.033413
15,2011,7,13,19,1357.948682
15,2011,7,13,20,1322.509316
15,2011,7,13,21,1290.76741
15,2011,7,13,22,1261.92007
15,2011,7,13,23,1235.744457
15,2011,7,13,24,1212.162745
15,2011,7,14,1,1190.919009
15,2011,7,14,2,1171.044923
15,2011,7,14,3,1151.394063
15,2011,7,14,4,1131.110229
15,2011,7,14,5,1110.498136
15,2011,7,14,6,1090.152725
15,2011,7,14,7,1070.676367
15,2011,7,14,8,1052.701158
15,2011,7,14,9,1036.866621
15,2011,7,14,10,1023.781106
15,2011,7,14,11,1013.928259
15,2011,7,14,12,1007.76055
15,2011,7,14,13,1005.730446
15,2011,7,14,14,1008.311379
15,2011,7,14,15,1016.060618
15,2011,7,14,16,1029.556393
15,2011,7,14,17,1049.440326
15,2011,7,14,18,1076.607607
15,2011,7,14,19,1112.016821
15,2011,7,14,20,1156.01832
15,2011,7,14,21,1206.529531
15,2011,7,14,22,1260.859655
15,2011,7,14,23,1316.486359
15,2011,7,14,24,1371.561195
15,2011,7,15,1,1424.404185
15,2011,7,15,2,1473.873491
15,2011,7,15,3,1520.97983
15,2011,7,15,4,1567.272061
15,2011,7,15,5,1613.754152
15,2011,7,15,6,1659.250511
15,2011,7,15,7,1702.04066
15,2011,7,15,8,1740.404117
15,2011,7,15,9,1772.649466
15,2011,7,15,10,1797.201533
15,2011,7,15,11,1812.514208
15,2011,7,15,12,1817.504661
15,2011,7,15,13,1812.943175
15,2011,7,15,14,1800.063315
15,2011,7,15,15,1780.12596
15,2011,7,15,16,1754.501251
15,2011,7,15,17,1724.586647
15,2011,7,15,18,1691.736173
15,2011,7,15,19,1657.130138
15,2011,7,15,20,1621.905419
15,2011,7,15,21,1587.129477
15,2011,7,15,22,1553.592107
15,2011,7,15,23,1522.013687
15,2011,7,15,24,1492.617619
15,2011,7,16,1,1463.639398
15,2011,7,16,2,1432.817547
15,2011,7,16,3,1397.890584
15,2011,7,16,4,1357.453611
15,2011,7,16,5,1313.528049
15,2011,7,16,6,1268.9919
15,2011,7,16,7,1226.450148
15,2011,7,16,8,1187.415709
15,2011,7,16,9,1153.128483
15,2011,7,16,10,1124.6395
15,2011,7,16,11,1102.244319
15,2011,7,16,12,1086.049633
15,2011,7,16,13,1075.69414
15,2011,7,16,14,1068.944562
15,2011,7,16,15,1063.099629
15,2011,7,16,16,1055.976379
15,2011,7,16,17,1047.46508
15,2011,7,16,18,1037.974311
15,2011,7,16,19,1027.946265
15,2011,7,16,20,1017.957592
15,2011,7,16,21,1008.618561
15,2011,7,16,22,1000.539438
15,2011,7,16,23,994.1077789
15,2011,7,16,24,988.8202885
15,2011,7,17,1,983.9509611
15,2011,7,17,2,979.0009572
15,2011,7,17,3,974.3801051
15,2011,7,17,4,970.7253996
15,2011,7,17,5,968.6345874
15,2011,7,17,6,968.5484212
15,2011,7,17,7,970.8684055
15,2011,7,17,8,975.6775338
15,2011,7,17,9,981.7847551
15,2011,7,17,10,987.6805073
15,2011,7,17,11,992.0279753
15,2011,7,17,12,994.1813307
15,2011,7,17,13,993.6674918
15,2011,7,17,14,990.0509294
15,2011,7,17,15,983.046325
15,2011,7,17,16,972.4059126
15,2011,7,17,17,957.8819262
15,2011,7,17,18,939.6490732
15,2011,7,17,19,919.5719556
15,2011,7,17,20,899.9376486
15,2011,7,17,21,882.5065511
15,2011,7,17,22,866.9323545
15,2011,7,17,23,852.3420739
15,2011,7,17,24,837.7870768
15,2011,7,18,1,822.0161413
15,2011,7,18,2,803.7023985
15,2011,7,18,3,781.5329763
15,2011,7,18,4,754.2509912
15,2011,7,18,5,720.6135571
16,2011,7,26,5,285.9727259
16,2011,7,26,6,279.4357477
16,2011,7,26,7,273.7698757
16,2011,7,26,8,269.7809902
16,2011,7,26,9,266.6779558
16,2011,7,26,10,263.2703831
16,2011,7,26,11,258.7558318
16,2011,7,26,12,253.8836573
16,2011,7,26,13,249.7911643
16,2011,7,26,14,247.2627564
16,2011,7,26,15,245.6712346
16,2011,7,26,16,244.1664801
16,2011,7,26,17,242.418298
16,2011,7,26,18,240.2264744
16,2011,7,26,19,237.429161
16,2011,7,26,20,234.0179722
16,2011,7,26,21,230.0228876
16,2011,7,26,22,225.5186966
16,2011,7,26,23,220.7594259
16,2011,7,26,24,216.0439113
16,2011,7,27,1,211.9638733
16,2011,7,27,2,210.2825694
16,2011,7,27,3,212.3021294
16,2011,7,27,4,216.3086348
16,2011,7,27,5,219.8341552
16,2011,7,27,6,221.283072
16,2011,7,27,7,222.5490147
16,2011,7,27,8,226.3979249
16,2011,7,27,9,236.1048065
16,2011,7,27,10,256.9809136
16,2011,7,27,11,294.846563
16,2011,7,27,12,357.0595157
16,2011,7,27,13,457.1273109
16,2011,7,27,14,608.5757024
16,2011,7,27,15,818.8535251
16,2011,7,27,16,1093.890384
16,2011,7,27,17,1433.050481
16,2011,7,27,18,1809.436407
16,2011,7,27,19,2189.585347
16,2011,7,27,20,2542.028731
16,2011,7,27,21,2843.274956
16,2011,7,27,22,3075.731661
16,2011,7,27,23,3237.426486
16,2011,7,27,24,3330.292069
16,2011,7,28,1,3357.947984
16,2011,7,28,2,3330.761541
16,2011,7,28,3,3260.786987
16,2011,7,28,4,3159.621757
16,2011,7,28,5,3037.036049
16,2011,7,28,6,2902.343251
16,2011,7,28,7,2763.582538
16,2011,7,28,8,2623.696235
16,2011,7,28,9,2484.44099
16,2011,7,28,10,2347.927608
16,2011,7,28,11,2216.355436
16,2011,7,28,12,2091.77995
16,2011,7,28,13,1975.681147
16,2011,7,28,14,1869.39516
16,2011,7,28,15,1773.672401
16,2011,7,28,16,1686.920423
16,2011,7,28,17,1606.961064
16,2011,7,28,18,1532.178654
16,2011,7,28,19,1463.207506
16,2011,7,28,20,1400.916969
16,2011,7,28,21,1344.866552
16,2011,7,28,22,1294.288303
16,2011,7,28,23,1248.548524
16,2011,7,28,24,1207.550512
16,2011,7,29,1,1171.331818
16,2011,7,29,2,1139.862918
16,2011,7,29,3,1112.845995
16,2011,7,29,4,1089.91616
16,2011,7,29,5,1070.194147
16,2011,7,29,6,1050.743182
16,2011,7,29,7,1029.014326
16,2011,7,29,8,1006.067489
16,2011,7,29,9,983.8647934
16,2011,7,29,10,963.6919844
16,2011,7,29,11,944.1293031
16,2011,7,29,12,923.080614
16,2011,7,29,13,899.1752249
16,2011,7,29,14,873.9442155
16,2011,7,29,15,849.6441085
16,2011,7,29,16,828.0141578
16,2011,7,29,17,808.7245426
16,2011,7,29,18,791.1305198
16,2011,7,29,19,775.396733
16,2011,7,29,20,761.8901727
16,2011,7,29,21,750.7293651
16,2011,7,29,22,741.03898
16,2011,7,29,23,731.6952232
16,2011,7,29,24,721.7996853
16,2011,7,30,1,711.3554976
16,2011,7,30,2,700.5911765
16,2011,7,30,3,690.476718
16,2011,7,30,4,684.9480381
16,2011,7,30,5,687.3689736
16,2011,7,30,6,695.8491239
16,2011,7,30,7,707.1845295
16,2011,7,30,8,718.4516289
16,2011,7,30,9,727.848454
16,2011,7,30,10,733.8534351
16,2011,7,30,11,735.1736355
16,2011,7,30,12,731.4306511
16,2011,7,30,13,722.8197527
16,2011,7,30,14,710.9163774
16,2011,7,30,15,697.641004
16,2011,7,30,16,684.9009317
16,2011,7,30,17,674.5507424
16,2011,7,30,18,668.4318384
16,2011,7,30,19,667.6855948
16,2011,7,30,20,670.653277
16,2011,7,30,21,674.976123
16,2011,7,30,22,678.5018196
16,2011,7,30,23,679.9038487
16,2011,7,30,24,678.5257635
16,2011,7,31,1,675.56561
16,2011,7,31,2,672.685057
16,2011,7,31,3,670.8218786
16,2011,7,31,4,668.0182704
16,2011,7,31,5,661.5925335
16,2011,7,31,6,650.2908737
16,2011,7,31,7,638.5711157
16,2011,7,31,8,632.3189892
16,2011,7,31,9,634.9849774
16,2011,7,31,10,640.278578
16,2011,7,31,11,641.2173773
16,2011,7,31,12,637.7923026
16,2011,7,31,13,631.7376167
16,2011,7,31,14,624.5396846
16,2011,7,31,15,616.6932807
16,2011,7,31,16,608.4452822
16,2011,7,31,17,600.2211775
16,2011,7,31,18,593.1609017
16,2011,7,31,19,588.5830012
16,2011,7,31,20,587.5708503
16,2011,7,31,21,590.2671344
16,2011,7,31,22,596.111653
16,2011,7,31,23,602.6733528
16,2011,7,31,24,607.053467
16,2011,8,1,1,607.2165189
16,2011,8,1,2,604.5801926
16,2011,8,1,3,601.4254619
16,2011,8,1,4,599.3788847
16,2011,8,1,5,597.4493536
16,2011,8,1,6,593.9913448
16,2011,8,1,7,588.1578356
16,2011,8,1,8,582.2958081
16,2011,8,1,9,578.9831377
16,2011,8,1,10,578.5272691
16,2011,8,1,11,580.6680398
16,2011,8,1,12,585.0202207
16,2011,8,1,13,590.6983187
16,2011,8,1,14,596.6917743
16,2011,8,1,15,601.708389
16,2011,8,1,16,603.3294073
16,2011,8,1,17,599.8743979
16,2011,8,1,18,593.7427849
16,2011,8,1,19,588.3539557
16,2011,8,1,20,586.2619199
16,2011,8,1,21,586.5591748
16,2011,8,1,22,587.4728397
16,2011,8,1,23,587.5421961
16,2011,8,1,24,586.5551755
16,2011,8,2,1,584.6118717
16,2011,8,2,2,581.9368209
16,2011,8,2,3,579.25233
16,2011,8,2,4,577.3060923
16,2011,8,2,5,576.4495762
16,2011,8,2,6,576.9351939
16,2011,8,2,7,578.7946068
16,2011,8,2,8,581.1764735
16,2011,8,2,9,583.0087019
16,2011,8,2,10,583.4366394
16,2011,8,2,11,582.4753903
16,2011,8,2,12,580.3574987
16,2011,8,2,13,577.026017
16,2011,8,2,14,571.266033
16,2011,8,2,15,562.0868764
16,2011,8,2,16,550.5528089
16,2011,8,2,17,538.2418256
16,2011,8,2,18,526.7308987
16,2011,8,2,19,517.5929101
16,2011,8,2,20,512.3997192
16,2011,8,2,21,512.1068065
16,2011,8,2,22,515.2041366
16,2011,8,2,23,519.5652953
16,2011,8,2,24,523.0599894
16,2011,8,3,1,523.5424081
16,2011,8,3,2,519.5581421
16,2011,8,3,3,512.433903
16,2011,8,3,4,504.1916829
16,2011,8,3,5,496.5724956
16,2011,8,3,6,490.1934419
16,2011,8,3,7,485.3906441
16,2011,8,3,8,482.4489913
16,2011,8,3,9,481.4484393
16,2011,8,3,10,482.4177102
16,2011,8,3,11,485.0278024
16,2011,8,3,12,487.5188185
16,2011,8,3,13,488.420997
16,2011,8,3,14,488.8560154
16,2011,8,3,15,490.5934108
16,2011,8,3,16,495.2884008
16,2011,8,3,17,504.1389247
17,2011,8,16,8,236.9047767
17,2011,8,16,9,227.665691
17,2011,8,16,10,224.3553524
17,2011,8,16,11,224.6078137
17,2011,8,16,12,226.656739
17,2011,8,16,13,239.1878868
17,2011,8,16,14,271.5972099
17,2011,8,16,15,325.669343
17,2011,8,16,16,403.8638175
17,2011,8,16,17,518.9510669
17,2011,8,16,18,681.6411079
17,2011,8,16,19,884.0913874
17,2011,8,16,20,1108.964684
17,2011,8,16,21,1319.497674
17,2011,8,16,22,1482.939749
17,2011,8,16,23,1602.017271
17,2011,8,16,24,1688.787452
17,2011,8,17,1,1757.153937
17,2011,8,17,2,1825.931131
17,2011,8,17,3,1931.730023
17,2011,8,17,4,2110.305846
17,2011,8,17,5,2376.194201
17,2011,8,17,6,2731.245044
17,2011,8,17,7,3147.785364
17,2011,8,17,8,3583.180543
17,2011,8,17,9,3964.472509
17,2011,8,17,10,4226.546628
17,2011,8,17,11,4365.985499
17,2011,8,17,12,4394.796026
17,2011,8,17,13,4326.952032
17,2011,8,17,14,4184.29503
17,2011,8,17,15,3990.234419
17,2011,8,17,16,3766.583463
17,2011,8,17,17,3535.779832
17,2011,8,17,18,3324.354948
17,2011,8,17,19,3157.304815
17,2011,8,17,20,3049.39001
17,2011,8,17,21,3010.916889
17,2011,8,17,22,3044.610361
17,2011,8,17,23,3146.90547
17,2011,8,17,24,3296.659256
17,2011,8,18,1,3468.476906
17,2011,8,18,2,3637.534218
17,2011,8,18,3,3782.183113
17,2011,8,18,4,3892.909414
17,2011,8,18,5,3965.962229
17,2011,8,18,6,4008.509903
17,2011,8,18,7,4028.870238
17,2011,8,18,8,4029.039621
17,2011,8,18,9,4008.850452
17,2011,8,18,10,3965.8006
17,2011,8,18,11,3896.88308
17,2011,8,18,12,3799.40601
17,2011,8,18,13,3672.758323
17,2011,8,18,14,3524.337089
17,2011,8,18,15,3363.317383
17,2011,8,18,16,3197.978144
17,2011,8,18,17,3035.874497
17,2011,8,18,18,2882.562445
17,2011,8,18,19,2741.707529
17,2011,8,18,20,2611.412549
17,2011,8,18,21,2487.695758
17,2011,8,18,22,2363.799956
17,2011,8,18,23,2235.933394
17,2011,8,18,24,2114.941589
17,2011,8,19,1,2012.21156
17,2011,8,19,2,1926.659065
17,2011,8,19,3,1853.625672
17,2011,8,19,4,1786.627466
17,2011,8,19,5,1720.491955
17,2011,8,19,6,1657.117834
17,2011,8,19,7,1598.930418
17,2011,8,19,8,1543.390325
17,2011,8,19,9,1487.548054
17,2011,8,19,10,1431.778301
17,2011,8,19,11,1377.408103
17,2011,8,19,12,1326.249657
17,2011,8,19,13,1279.631138
17,2011,8,19,14,1236.45948
17,2011,8,19,15,1195.036307
17,2011,8,19,16,1154.248517
17,2011,8,19,17,1115.324094
17,2011,8,19,18,1080.157214
17,2011,8,19,19,1050.965725
17,2011,8,19,20,1029.507887
17,2011,8,19,21,1015.379934
17,2011,8,19,22,1006.485561
17,2011,8,19,23,996.1203413
17,2011,8,19,24,979.3017765
17,2011,8,20,1,962.5431971
17,2011,8,20,2,952.5939955
17,2011,8,20,3,945.6519792
17,2011,8,20,4,935.5963864
17,2011,8,20,5,917.5837609
17,2011,8,20,6,889.7444505
17,2011,8,20,7,860.8267125
17,2011,8,20,8,839.8866979
17,2011,8,20,9,826.5942231
17,2011,8,20,10,818.2140707
17,2011,8,20,11,811.7772244
17,2011,8,20,12,804.7325685
17,2011,8,20,13,796.4343899
17,2011,8,20,14,786.5378979
17,2011,8,20,15,773.9965879
17,2011,8,20,16,757.5551769
17,2011,8,20,17,735.8249808
17,2011,8,20,18,708.706523
17,2011,8,20,19,681.390559
17,2011,8,20,20,659.9914978
17,2011,8,20,21,649.028132
17,2011,8,20,22,650.2812841
17,2011,8,20,23,656.1755117
17,2011,8,20,24,658.2549645
17,2011,8,21,1,653.8984255
17,2011,8,21,2,642.8930573
17,2011,8,21,3,628.8249093
17,2011,8,21,4,614.8559669
17,2011,8,21,5,598.653075
17,2011,8,21,6,578.0247707
17,2011,8,21,7,556.8415013
17,2011,8,21,8,539.6663441
17,2011,8,21,9,527.7709858
17,2011,8,21,10,521.5974242
17,2011,8,21,11,521.560294
17,2011,8,21,12,528.6365141
18,2012,7,5,7,65.79773515
18,2012,7,5,8,75.79648347
18,2012,7,5,9,80.6812769
18,2012,7,5,10,82.02278094
18,2012,7,5,11,82.63790674
18,2012,7,5,12,86.37179331
18,2012,7,5,13,93.62472647
18,2012,7,5,14,89.98935129
18,2012,7,5,15,65.31427196
18,2012,7,5,16,41.27956978
18,2012,7,5,17,39.53596958
18,2012,7,5,18,49.78529319
18,2012,7,5,19,56.41113595
18,2012,7,5,20,54.47309047
18,2012,7,5,21,47.9998581
18,2012,7,5,22,60.28462757
18,2012,7,5,23,97.17689556
18,2012,7,5,24,159.7692007
18,2012,7,6,1,253.8700512
18,2012,7,6,2,381.7881231
18,2012,7,6,3,527.1167953
18,2012,7,6,4,672.9100118
18,2012,7,6,5,818.7792744
18,2012,7,6,6,962.1564137
18,2012,7,6,7,1075.197018
18,2012,7,6,8,1137.365674
18,2012,7,6,9,1182.639203
18,2012,7,6,10,1261.226523
18,2012,7,6,11,1433.752705
18,2012,7,6,12,1756.270034
18,2012,7,6,13,2256.123489
18,2012,7,6,14,2937.127816
18,2012,7,6,15,3737.68414
18,2012,7,6,16,4549.927048
18,2012,7,6,17,5190.156921
18,2012,7,6,18,5620.03429
18,2012,7,6,19,5849.592222
18,2012,7,6,20,5907.080637
18,2012,7,6,21,5827.251736
18,2012,7,6,22,5652.650007
18,2012,7,6,23,5425.827711
18,2012,7,6,24,5181.575921
18,2012,7,7,1,4948.382877
18,2012,7,7,2,4737.286679
18,2012,7,7,3,4551.537824
18,2012,7,7,4,4380.686555
18,2012,7,7,5,4210.748044
18,2012,7,7,6,4027.297451
18,2012,7,7,7,3820.948752
18,2012,7,7,8,3602.911206
18,2012,7,7,9,3387.059481
18,2012,7,7,10,3176.881679
18,2012,7,7,11,2971.570836
18,2012,7,7,12,2770.273977
18,2012,7,7,13,2573.765723
18,2012,7,7,14,2386.654137
18,2012,7,7,15,2227.253442
18,2012,7,7,16,2110.406246
18,2012,7,7,17,2023.362527
18,2012,7,7,18,1947.101111
18,2012,7,7,19,1865.108845
18,2012,7,7,20,1767.427507
18,2012,7,7,21,1667.810574
18,2012,7,7,22,1582.167153
18,2012,7,7,23,1511.317177
19,2012,7,13,4,184.8197857
19,2012,7,13,5,180.1548053
19,2012,7,13,6,173.1407253
19,2012,7,13,7,163.948898
19,2012,7,13,8,153.0828811
19,2012,7,13,9,142.0465093
19,2012,7,13,10,133.0521955
19,2012,7,13,11,130.146386
19,2012,7,13,12,136.3852367
19,2012,7,13,13,149.0297086
19,2012,7,13,14,164.3100779
19,2012,7,13,15,180.1290741
19,2012,7,13,16,194.5481977
19,2012,7,13,17,204.8389914
19,2012,7,13,18,209.0033161
19,2012,7,13,19,206.2742156
19,2012,7,13,20,199.8198064
19,2012,7,13,21,193.1038992
19,2012,7,13,22,186.8380118
19,2012,7,13,23,181.0479279
19,2012,7,13,24,175.768788
19,2012,7,14,1,170.9662839
19,2012,7,14,2,166.3189572
19,2012,7,14,3,161.4395705
19,2012,7,14,4,155.9649237
19,2012,7,14,5,149.6294887
19,2012,7,14,6,142.5343888
19,2012,7,14,7,134.8938952
19,2012,7,14,8,127.0082199
19,2012,7,14,9,119.8616382
19,2012,7,14,10,117.0887407
19,2012,7,14,11,122.0778588
19,2012,7,14,12,134.5819742
19,2012,7,14,13,152.5552263
19,2012,7,14,14,170.3917356
19,2012,7,14,15,183.0695589
19,2012,7,14,16,191.4625188
19,2012,7,14,17,197.8769848
19,2012,7,14,18,204.4537492
19,2012,7,14,19,212.7078311
19,2012,7,14,20,221.8167344
19,2012,7,14,21,230.9902546
19,2012,7,14,22,241.9048694
19,2012,7,14,23,256.3231774
19,2012,7,14,24,273.8855778
19,2012,7,15,1,294.044423
19,2012,7,15,2,317.6220751
19,2012,7,15,3,345.5859826
19,2012,7,15,4,378.1139259
19,2012,7,15,5,415.2977927
19,2012,7,15,6,457.6755651
19,2012,7,15,7,506.1821397
19,2012,7,15,8,562.8939755
19,2012,7,15,9,630.0373332
19,2012,7,15,10,709.2961176
19,2012,7,15,11,802.9522752
19,2012,7,15,12,916.2222745
19,2012,7,15,13,1054.146309
19,2012,7,15,14,1218.124952
19,2012,7,15,15,1407.746074
19,2012,7,15,16,1618.986368
19,2012,7,15,17,1845.581529
19,2012,7,15,18,2075.914461
19,2012,7,15,19,2296.49767
19,2012,7,15,20,2491.71487
19,2012,7,15,21,2647.333273
19,2012,7,15,22,2756.782871
19,2012,7,15,23,2816.987109
19,2012,7,15,24,2831.180478
19,2012,7,16,1,2804.816873
19,2012,7,16,2,2745.916782
19,2012,7,16,3,2663.07254
19,2012,7,16,4,2564.597286
19,2012,7,16,5,2458.162455
19,2012,7,16,6,2349.151877
19,2012,7,16,7,2241.54401
19,2012,7,16,8,2135.983442
19,2012,7,16,9,2032.238399
19,2012,7,16,10,1929.905537
19,2012,7,16,11,1830.039527
19,2012,7,16,12,1739.698651
19,2012,7,16,13,1664.245654
19,2012,7,16,14,1596.257483
19,2012,7,16,15,1526.666816
19,2012,7,16,16,1452.615031
19,2012,7,16,17,1373.534496
19,2012,7,16,18,1291.812834
19,2012,7,16,19,1210.803552
19,2012,7,16,20,1134.768416
19,2012,7,16,21,1067.982119
19,2012,7,16,22,1013.862804
19,2012,7,16,23,974.5046038
19,2012,7,16,24,947.5621514
19,2012,7,17,1,929.6042269
19,2012,7,17,2,917.2956892
20,2012,8,14,22,63.57928546
20,2012,8,14,23,65.96683605
20,2012,8,14,24,69.46720861
20,2012,8,15,1,74.2087314
20,2012,8,15,2,80.2773562
20,2012,8,15,3,87.74844063
20,2012,8,15,4,96.68538652
20,2012,8,15,5,107.1037723
20,2012,8,15,6,119.0072206
20,2012,8,15,7,132.3809163
20,2012,8,15,8,147.1362934
20,2012,8,15,9,163.1663483
20,2012,8,15,10,180.3640773
20,2012,8,15,11,198.6012302
20,2012,8,15,12,217.6645711
20,2012,8,15,13,237.3196173
20,2012,8,15,14,257.3307559
20,2012,8,15,15,277.4578531
20,2012,8,15,16,297.4596447
20,2012,8,15,17,317.1353827
20,2012,8,15,18,336.4463833
20,2012,8,15,19,355.394479
20,2012,8,15,20,373.9639155
20,2012,8,15,21,392.0685929
20,2012,8,15,22,409.6048247
20,2012,8,15,23,426.4641008
20,2012,8,15,24,442.5186163
20,2012,8,16,1,457.6357426
20,2012,8,16,2,471.7130199
20,2012,8,16,3,484.7686637
20,2012,8,16,4,496.8510581
20,2012,8,16,5,508.0085873
20,2012,8,16,6,518.3115565
20,2012,8,16,7,527.9179557
20,2012,8,16,8,537.007696
20,2012,8,16,9,545.7728668
20,2012,8,16,10,554.454271
20,2012,8,16,11,563.3048894
20,2012,8,16,12,572.5255025
20,2012,8,16,13,582.1080877
20,2012,8,16,14,591.9924215
20,2012,8,16,15,602.1069363
20,2012,8,16,16,612.3346873
20,2012,8,16,17,622.5473851
20,2012,8,16,18,632.6326661
20,2012,8,16,19,642.541869
20,2012,8,16,20,652.2422579
20,2012,8,16,21,661.7010972
20,2012,8,16,22,670.8544796
20,2012,8,16,23,679.5138123
20,2012,8,16,24,687.4593307
20,2012,8,17,1,694.4932487
20,2012,8,17,2,700.5056924
20,2012,8,17,3,705.4087663
20,2012,8,17,4,709.144885
20,2012,8,17,5,711.7777041
20,2012,8,17,6,713.4011898
20,2012,8,17,7,714.0996444
20,2012,8,17,8,713.9187165
20,2012,8,17,9,712.894391
20,2012,8,17,10,711.0537544
20,2012,8,17,11,708.3883
20,2012,8,17,12,704.8806228
20,2012,8,17,13,700.5133178
20,2012,8,17,14,695.2524584
20,2012,8,17,15,688.9980318
20,2012,8,17,16,681.6335038
20,2012,8,17,17,673.0840666
20,2012,8,17,18,663.4418185
20,2012,8,17,19,652.8405845
20,2012,8,17,20,641.4155716
20,2012,8,17,21,629.3075155
20,2012,8,17,22,616.6585341
20,2012,8,17,23,603.6090391
20,2012,8,17,24,590.2926175
20,2012,8,18,1,576.8411503
20,2012,8,18,2,563.3784082
20,2012,8,18,3,549.9957213
20,2012,8,18,4,536.7763092
20,2012,8,18,5,523.7956526
20,2012,8,18,6,511.0982765
20,2012,8,18,7,498.7209666
20,2012,8,18,8,486.7005088
20,2012,8,18,9,475.0763709
20,2012,8,18,10,463.8987484
20,2012,8,18,11,453.2205189
20,2012,8,18,12,443.0652451
20,2012,8,18,13,433.3392312
20,2012,8,18,14,423.9194665
20,2012,8,18,15,414.7018251
20,2012,8,18,16,405.6577198
20,2012,8,18,17,396.7774481
20,2012,8,18,18,388.0581016
20,2012,8,18,19,379.5239469
20,2012,8,18,20,371.206045
20,2012,8,18,21,363.1310787
20,2012,8,18,22,355.3082197
20,2012,8,18,23,347.7422617
20,2012,8,18,24,340.4379987
20,2012,8,19,1,333.4041136
20,2012,8,19,2,326.6648472
20,2012,8,19,3,320.2483293
20,2012,8,19,4,314.1722896
20,2012,8,19,5,308.4128556
20,2012,8,19,6,302.9357547
20,2012,8,19,7,297.7224039
20,2012,8,19,8,292.816978
20,2012,8,19,9,288.2793418
20,2012,8,19,10,284.1558128
20,2012,8,19,11,280.4385209
20,2012,8,19,12,277.1060492
20,2012,8,19,13,274.1112637
20,2012,8,19,14,271.3041627
20,2012,8,19,15,268.5090274
20,2012,8,19,16,265.5501392
20,2012,8,19,17,262.2937195
20,2012,8,19,18,258.7737512
20,2012,8,19,19,255.0661572
20,2012,8,19,20,251.242982
20,2012,8,19,21,247.360755
20,2012,8,19,22,243.472127
20,2012,8,19,23,239.6244738
20,2012,8,19,24,235.8440701
20,2012,8,20,1,232.1519155
20,2012,8,20,2,228.5693938
20,2012,8,20,3,225.1194264
20,2012,8,20,4,221.8253188
20,2012,8,20,5,218.7056068
20,2012,8,20,6,215.7597484
20,2012,8,20,7,212.9824317
20,2012,8,20,8,210.3841554
20,2012,8,20,9,208.0386605
20,2012,8,20,10,206.0354986
20,2012,8,20,11,204.4642212
20,2012,8,20,12,203.3685277
20,2012,8,20,13,202.6087078
20,2012,8,20,14,201.9991992
20,2012,8,20,15,201.3911987
20,2012,8,20,16,200.7829408
20,2012,8,20,17,200.2094192
20,2012,8,20,18,199.7116318
20,2012,8,20,19,199.3545929
20,2012,8,20,20,199.209321
20,2012,8,20,21,199.3403804
20,2012,8,20,22,199.786518
20,2012,8,20,23,200.5800265
20,2012,8,20,24,201.7534176
20,2012,8,21,1,203.3400784
20,2012,8,21,2,205.373615
20,2012,8,21,3,207.8876335
20,2012,8,21,4,210.9067562
20,2012,8,21,5,214.4196698
20,2012,8,21,6,218.4060771
20,2012,8,21,7,222.8608018
20,2012,8,21,8,227.8391512
20,2012,8,21,9,233.4115534
20,2012,8,21,10,239.6486459
20,2012,8,21,11,246.6219035
20,2012,8,21,12,254.4030106
20,2012,8,21,13,263.0346491
20,2012,8,21,14,272.4434917
20,2012,8,21,15,282.5272089
20,2012,8,21,16,293.208728
20,2012,8,21,17,304.5120038
20,2012,8,21,18,316.4862482
20,2012,8,21,19,329.180673
20,2012,8,21,20,342.6412035
20,2012,8,21,21,356.9006188
20,2012,8,21,22,371.9884117
20,2012,8,21,23,387.9225786
20,2012,8,21,24,404.6751301
20,2012,8,22,1,422.2065806
20,2012,8,22,2,440.4861323
20,2012,8,22,3,459.5177382
20,2012,8,22,4,479.3140391
20,2012,8,22,5,499.9059671
20,2012,8,22,6,521.397619
20,2012,8,22,7,543.9113828
20,2012,8,22,8,567.5719837
20,2012,8,22,9,592.5134963
20,2012,8,22,10,618.8723323
20,2012,8,22,11,646.7645881
20,2012,8,22,12,676.2250987
20,2012,8,22,13,707.2683838
20,2012,8,22,14,739.908963
20,2012,8,22,15,774.1332455
20,2012,8,22,16,809.8151985
20,2012,8,22,17,846.8006789
20,2012,8,22,18,884.9467905
20,2012,8,22,19,924.155626
20,2012,8,22,20,964.340525
20,2012,8,22,21,1005.417815
20,2012,8,22,22,1047.315773
20,2012,8,22,23,1089.965666
20,2012,8,22,24,1133.266725
20,2012,8,23,1,1176.990061
20,2012,8,23,2,1220.874749
20,2012,8,23,3,1264.625225
20,2012,8,23,4,1307.807363
20,2012,8,23,5,1349.952394
20,2012,8,23,6,1390.591552
20,2012,8,23,7,1429.235046
20,2012,8,23,8,1465.308997
20,2012,8,23,9,1498.218502
20,2012,8,23,10,1527.417597
20,2012,8,23,11,1552.556063
20,2012,8,23,12,1573.33262
20,2012,8,23,13,1589.498808
20,2012,8,23,14,1601.017451
20,2012,8,23,15,1607.904194
20,2012,8,23,16,1610.21475
20,2012,8,23,17,1608.165107
20,2012,8,23,18,1602.01132
20,2012,8,23,19,1592.01489
20,2012,8,23,20,1578.459102
20,2012,8,23,21,1561.632683
20,2012,8,23,22,1541.824363
20,2012,8,23,23,1519.332194
20,2012,8,23,24,1494.491525
20,2012,8,24,1,1467.647029
20,2012,8,24,2,1439.127615
20,2012,8,24,3,1409.199135
20,2012,8,24,4,1378.111679
20,2012,8,24,5,1346.134742
20,2012,8,24,6,1313.615431
20,2012,8,24,7,1280.920262
20,2012,8,24,8,1248.37828
20,2012,8,24,9,1216.168675
20,2012,8,24,10,1184.43317
20,2012,8,24,11,1153.29944
20,2012,8,24,12,1122.838964
20,2012,8,24,13,1093.109175
20,2012,8,24,14,1064.164144
20,2012,8,24,15,1036.04451
20,2012,8,24,16,1008.787554
20,2012,8,24,17,982.4305552
20,2012,8,24,18,957.0019487
20,2012,8,24,19,932.4947928
20,2012,8,24,20,908.8933013
20,2012,8,24,21,886.1764173
20,2012,8,24,22,864.3020011
20,2012,8,24,23,843.2226423
20,2012,8,24,24,822.8948435
20,2012,8,25,1,803.2907587
20,2012,8,25,2,784.386455
20,2012,8,25,3,766.1540575
20,2012,8,25,4,748.5499226
20,2012,8,25,5,731.5264646
20,2012,8,25,6,715.0475084
20,2012,8,25,7,699.1225198
20,2012,8,25,8,683.7723753
20,2012,8,25,9,669.0179511
20,2012,8,25,10,654.8662564
20,2012,8,25,11,641.2688321
20,2012,8,25,12,628.1633516
20,2012,8,25,13,615.489413
20,2012,8,25,14,603.1943123
20,2012,8,25,15,591.2272701
20,2012,8,25,16,579.5377388
20,2012,8,25,17,568.0760991
20,2012,8,25,18,556.7929639
20,2012,8,25,19,545.6430155
20,2012,8,25,20,534.597215
21,2012,8,25,21,523.6305927
21,2012,8,30,1,333.003417
21,2012,8,30,2,308.9047773
21,2012,8,30,3,302.8912529
21,2012,8,30,4,330.5536756
21,2012,8,30,5,382.3458435
21,2012,8,30,6,445.7088666
21,2012,8,30,7,521.1701357
21,2012,8,30,8,616.493208
21,2012,8,30,9,755.3000233
21,2012,8,30,10,963.4210903
21,2012,8,30,11,1259.662811
21,2012,8,30,12,1645.825893
21,2012,8,30,13,2062.712387
21,2012,8,30,14,2439.305527
21,2012,8,30,15,2718.31196
21,2012,8,30,16,2857.629735
21,2012,8,30,17,2862.199112
21,2012,8,30,18,2755.646102
21,2012,8,30,19,2589.2975
21,2012,8,30,20,2417.216825
21,2012,8,30,21,2276.713694
21,2012,8,30,22,2194.644867
21,2012,8,30,23,2172.80957
21,2012,8,30,24,2204.838932
21,2012,8,31,1,2276.749219
21,2012,8,31,2,2372.266514
21,2012,8,31,3,2473.571036
21,2012,8,31,4,2563.626564
21,2012,8,31,5,2630.076997
21,2012,8,31,6,2663.176544
21,2012,8,31,7,2658.940549
21,2012,8,31,8,2615.615024
21,2012,8,31,9,2534.607525
21,2012,8,31,10,2422.544337
21,2012,8,31,11,2299.831705
21,2012,8,31,12,2175.570569
21,2012,8,31,13,2054.679402
21,2012,8,31,14,1941.080466
21,2012,8,31,15,1839.48814
21,2012,8,31,16,1758.781468
21,2012,8,31,17,1705.801774
21,2012,8,31,18,1675.07482
21,2012,8,31,19,1657.672197
21,2012,8,31,20,1643.164376
21,2012,8,31,21,1620.814835
21,2012,8,31,22,1580.160198
21,2012,8,31,23,1515.136957
21,2012,8,31,24,1437.007924
21,2012,9,1,1,1359.485509
21,2012,9,1,2,1288.754188
21,2012,9,1,3,1228.803574
21,2012,9,1,4,1182.371778
21,2012,9,1,5,1149.614975
21,2012,9,1,6,1121.613088
21,2012,9,1,7,1089.707573
21,2012,9,1,8,1055.36225
21,2012,9,1,9,1022.495708
21,2012,9,1,10,994.7232662
21,2012,9,1,11,974.2455294
21,2012,9,1,12,957.9075368
21,2012,9,1,13,940.8376561
21,2012,9,1,14,916.6531383
21,2012,9,1,15,881.3502471
21,2012,9,1,16,841.9524121
21,2012,9,1,17,807.5876767
21,2012,9,1,18,784.7753719
21,2012,9,1,19,775.741698
21,2012,9,1,20,768.1490426
21,2012,9,1,21,750.410874
21,2012,9,1,22,728.5087926
21,2012,9,1,23,711.2210836
21,2012,9,1,24,700.9446385
21,2012,9,2,1,696.7716057
21,2012,9,2,2,690.9565541
21,2012,9,2,3,677.3559979
21,2012,9,2,4,663.0718126
21,2012,9,2,5,655.1257849
21,2012,9,2,6,646.973985
21,2012,9,2,7,629.9924311
21,2012,9,2,8,600.8026505
21,2012,9,2,9,559.5644192
21,2012,9,2,10,515.3449983
21,2012,9,2,11,478.1915889
21,2012,9,2,12,453.1636658
22,2013,7,7,14,194.5931409
22,2013,7,7,15,194.6565767
22,2013,7,7,16,191.9079444
22,2013,7,7,17,190.6152059
22,2013,7,7,18,193.5180481
22,2013,7,7,19,197.2430577
22,2013,7,7,20,196.8885464
22,2013,7,7,21,189.3556701
22,2013,7,7,22,178.7569613
22,2013,7,7,23,171.0077966
22,2013,7,7,24,170.5097625
22,2013,7,8,1,175.6092838
22,2013,7,8,2,183.1389952
22,2013,7,8,3,189.9315313
22,2013,7,8,4,192.683197
22,2013,7,8,5,187.5449783
22,2013,7,8,6,170.5315312
22,2013,7,8,7,140.4249288
22,2013,7,8,8,107.0769115
22,2013,7,8,9,83.1066363
22,2013,7,8,10,77.90568894
22,2013,7,8,11,87.95536862
22,2013,7,8,12,106.509403
22,2013,7,8,13,126.8215198
22,2013,7,8,14,143.4984265
22,2013,7,8,15,156.5587511
22,2013,7,8,16,167.3741011
22,2013,7,8,17,176.8489796
22,2013,7,8,18,184.0194712
22,2013,7,8,19,187.4545557
22,2013,7,8,20,186.1068284
22,2013,7,8,21,180.4633457
22,2013,7,8,22,171.3947792
22,2013,7,8,23,159.7718006
22,2013,7,8,24,146.506203
22,2013,7,9,1,132.6742646
22,2013,7,9,2,119.3933849
22,2013,7,9,3,107.9353902
22,2013,7,9,4,100.1898139
22,2013,7,9,5,98.20061631
22,2013,7,9,6,103.1182886
22,2013,7,9,7,112.5194463
22,2013,7,9,8,123.0872362
22,2013,7,9,9,131.5048047
22,2013,7,9,10,135.5214892
22,2013,7,9,11,137.1513891
22,2013,7,9,12,139.4747943
22,2013,7,9,13,144.6456946
22,2013,7,9,14,151.1128787
22,2013,7,9,15,156.3988351
22,2013,7,9,16,158.0260525
22,2013,7,9,17,154.5663479
22,2013,7,9,18,148.7888529
22,2013,7,9,19,144.5120277
22,2013,7,9,20,144.5076926
22,2013,7,9,21,147.361109
22,2013,7,9,22,150.6108988
22,2013,7,9,23,152.1453608
22,2013,7,9,24,151.2515031
22,2013,7,10,1,147.566011
22,2013,7,10,2,140.7255699
22,2013,7,10,3,131.2113156
22,2013,7,10,4,122.8821866
22,2013,7,10,5,120.4415717
22,2013,7,10,6,126.8350055
22,2013,7,10,7,137.9766053
22,2013,7,10,8,148.0226338
22,2013,7,10,9,152.4739537
22,2013,7,10,10,152.2098261
22,2013,7,10,11,149.4541121
22,2013,7,10,12,146.4306727
22,2013,7,10,13,144.7076811
22,2013,7,10,14,143.2305604
22,2013,7,10,15,140.2890458
22,2013,7,10,16,134.8782254
22,2013,7,10,17,128.814598
22,2013,7,10,18,124.6200153
22,2013,7,10,19,124.0474908
22,2013,7,10,20,125.7746855
22,2013,7,10,21,127.7104225
22,2013,7,10,22,127.7635247
22,2013,7,10,23,124.4350057
22,2013,7,10,24,118.5946412
22,2013,7,11,1,111.7043976
22,2013,7,11,2,105.1644456
22,2013,7,11,3,100.1277723
22,2013,7,11,4,97.68556939
22,2013,7,11,5,98.88978724
22,2013,7,11,6,104.6354118
22,2013,7,11,7,115.778188
22,2013,7,11,8,133.1738606
22,2013,7,11,9,155.8565675
22,2013,7,11,10,175.5740192
22,2013,7,11,11,182.2523191
22,2013,7,11,12,169.5448597
22,2013,7,11,13,146.0141899
22,2013,7,11,14,123.9501474
22,2013,7,11,15,112.9984808
22,2013,7,11,16,112.2285814
22,2013,7,11,17,118.0657511
22,2013,7,11,18,126.9352918
22,2013,7,11,19,135.7701313
22,2013,7,11,20,143.5336992
22,2013,7,11,21,149.6970511
22,2013,7,11,22,153.8047346
22,2013,7,11,23,155.6952655
22,2013,7,11,24,155.2806522
22,2013,7,12,1,152.4729028
22,2013,7,12,2,147.5126715
22,2013,7,12,3,141.955196
22,2013,7,12,4,137.6843601
22,2013,7,12,5,135.5544263
22,2013,7,12,6,132.301171
22,2013,7,12,7,123.6307496
22,2013,7,12,8,107.3875876
22,2013,7,12,9,89.96919289
22,2013,7,12,10,79.91134358
22,2013,7,12,11,85.74981793
22,2013,7,12,12,112.1873175
22,2013,7,12,13,148.5942374
22,2013,7,12,14,180.5078959
22,2013,7,12,15,196.6138544
22,2013,7,12,16,198.1906473
22,2013,7,12,17,189.6650519
22,2013,7,12,18,175.3356376
22,2013,7,12,19,158.9881432
22,2013,7,12,20,144.2800993
22,2013,7,12,21,134.869037
22,2013,7,12,22,133.2624524
22,2013,7,12,23,137.3677043
22,2013,7,12,24,143.9421166
22,2013,7,13,1,150.2599257
22,2013,7,13,2,155.6630156
22,2013,7,13,3,160.0101825
22,2013,7,13,4,163.0056229
22,2013,7,13,5,163.7351343
22,2013,7,13,6,161.1299145
22,2013,7,13,7,154.1211612
22,2013,7,13,8,142.8577509
22,2013,7,13,9,132.3592751
22,2013,7,13,10,128.8630042
22,2013,7,13,11,136.2966422
22,2013,7,13,12,149.3496296
22,2013,7,13,13,160.4018404
22,2013,7,13,14,164.664971
22,2013,7,13,15,168.678006
22,2013,7,13,16,181.811752
22,2013,7,13,17,213.4370157
22,2013,7,13,18,269.6762483
22,2013,7,13,19,343.6584783
22,2013,7,13,20,425.2643789
22,2013,7,13,21,507.436577
22,2013,7,13,22,595.3655143
22,2013,7,13,23,697.3035866
22,2013,7,13,24,816.5947417
22,2013,7,14,1,936.9491366
22,2013,7,14,2,1037.16848
22,2013,7,14,3,1096.054482
22,2013,7,14,4,1099.973345
22,2013,7,14,5,1065.549253
22,2013,7,14,6,1016.970883
22,2013,7,14,7,974.000121
22,2013,7,14,8,938.6916829
22,2013,7,14,9,908.6734936
22,2013,7,14,10,882.2128382
22,2013,7,14,11,860.1344441
22,2013,7,14,12,843.9023989
22,2013,7,14,13,834.9807904
22,2013,7,14,14,834.9299128
22,2013,7,14,15,845.6948849
22,2013,7,14,16,869.3170321
22,2013,7,14,17,911.0558514
22,2013,7,14,18,989.0435273
22,2013,7,14,19,1124.630416
22,2013,7,14,20,1339.166875
22,2013,7,14,21,1643.280902
22,2013,7,14,22,2004.711068
22,2013,7,14,23,2380.473585
22,2013,7,14,24,2729.265849
22,2013,7,15,1,3016.509988
22,2013,7,15,2,3209.309312
22,2013,7,15,3,3286.090973
22,2013,7,15,4,3270.57749
22,2013,7,15,5,3197.815227
22,2013,7,15,6,3102.850543
22,2013,7,15,7,3010.803438
22,2013,7,15,8,2907.088454
22,2013,7,15,9,2767.19377
22,2013,7,15,10,2595.521575
22,2013,7,15,11,2512.130088
22,2013,7,15,12,2665.991539
22,2013,7,15,13,3165.180611
22,2013,7,15,14,3954.181804
22,2013,7,15,15,4936.582076
22,2013,7,15,16,6015.96838
22,2013,7,15,17,7090.332302
22,2013,7,15,18,8035.28394
22,2013,7,15,19,8720.838021
22,2013,7,15,20,9056.0472
22,2013,7,15,21,9106.115834
22,2013,7,15,22,8975.28621
22,2013,7,15,23,8748.749833
22,2013,7,15,24,8435.495099
22,2013,7,16,1,8025.459626
22,2013,7,16,2,7508.581031
22,2013,7,16,3,6887.236154
22,2013,7,16,4,6213.55873
22,2013,7,16,5,5552.121713
22,2013,7,16,6,4956.402685
22,2013,7,16,7,4435.497712
22,2013,7,16,8,3987.407487
22,2013,7,16,9,3608.858095
22,2013,7,16,10,3291.477197
22,2013,7,16,11,3025.617848
22,2013,7,16,12,2801.633103
22,2013,7,16,13,2610.646668
22,2013,7,16,14,2446.864849
22,2013,7,16,15,2305.264604
22,2013,7,16,16,2180.892299
22,2013,7,16,17,2069.071947
22,2013,7,16,18,1965.196972
22,2013,7,16,19,1865.830278
22,2013,7,16,20,1772.212693
22,2013,7,16,21,1686.754528
22,2013,7,16,22,1611.866095
22,2013,7,16,23,1548.759601
22,2013,7,16,24,1493.854854
22,2013,7,17,1,1442.37356
22,2013,7,17,2,1390.468067
22,2013,7,17,3,1338.013297
22,2013,7,17,4,1285.814816
22,2013,7,17,5,1234.678189
22,2013,7,17,6,1185.320193
22,2013,7,17,7,1138.10245
22,2013,7,17,8,1093.297791
22,2013,7,17,9,1052.123047
22,2013,7,17,10,1019.57104
22,2013,7,17,11,1001.578589
22,2013,7,17,12,1001.922822
22,2013,7,17,13,1015.742114
22,2013,7,17,14,1036.015147
22,2013,7,17,15,1055.720606
22,2013,7,17,16,1069.9322
22,2013,7,17,17,1082.103747
22,2013,7,17,18,1097.784091
22,2013,7,17,19,1120.270369
22,2013,7,17,20,1143.852898
22,2013,7,17,21,1160.570288
22,2013,7,17,22,1164.138538
22,2013,7,17,23,1154.983197
22,2013,7,17,24,1135.207201
22,2013,7,18,1,1106.913485
22,2013,7,18,2,1072.697427
22,2013,7,18,3,1037.124169
22,2013,7,18,4,1005.251295
22,2013,7,18,5,980.8306723
22,2013,7,18,6,962.3913077
22,2013,7,18,7,947.156492
22,2013,7,18,8,932.8122209
22,2013,7,18,9,918.8953095
22,2013,7,18,10,905.4052776
22,2013,7,18,11,892.341645
22,2013,7,18,12,879.330251
22,2013,7,18,13,864.5022122
22,2013,7,18,14,845.6149647
22,2013,7,18,15,821.8561221
22,2013,7,18,16,798.1340076
22,2013,7,18,17,780.7871219
22,2013,7,18,18,774.1690682
22,2013,7,18,19,774.6938597
22,2013,7,18,20,776.7906123
22,2013,7,18,21,774.8884418
22,2013,7,18,22,765.3808068
22,2013,7,18,23,752.5185366
22,2013,7,18,24,742.5168033
22,2013,7,19,1,739.6582822
22,2013,7,19,2,740.4956619
22,2013,7,19,3,739.6491346
22,2013,7,19,4,732.8329938
22,2013,7,19,5,720.1379395
22,2013,7,19,6,702.7487735
22,2013,7,19,7,681.8502974
22,2013,7,19,8,659.2717942
22,2013,7,19,9,639.4204727
22,2013,7,19,10,627.348023
23,2013,7,19,19,643.42721
23,2013,7,19,20,634.8913027
23,2013,7,19,21,625.5277001
23,2013,7,19,22,615.1783975
23,2013,7,19,23,604.3090979
23,2013,7,19,24,593.316354
23,2013,7,20,1,581.6964078
23,2013,7,20,2,569.0682041
23,2013,7,20,3,556.4418106
23,2013,7,20,4,544.9400719
23,2013,7,20,5,534.7458188
23,2013,7,20,6,525.6638455
23,2013,7,20,7,516.9268156
23,2013,7,20,8,507.8782498
23,2013,7,20,9,498.8772295
23,2013,7,20,10,490.536726
23,2013,7,20,11,483.3208695
23,2013,7,20,12,477.098426
23,2013,7,20,13,471.5335823
23,2013,7,20,14,466.067573
23,2013,7,20,15,460.1891539
23,2013,7,20,16,453.800119
23,2013,7,20,17,446.9426976
23,2013,7,20,18,439.8078235
23,2013,7,20,19,432.5953352
23,2013,7,20,20,425.3919865
23,2013,7,20,21,418.160854
23,2013,7,20,22,410.4833901
23,2013,7,20,23,402.0427224
23,2013,7,20,24,393.3103022
23,2013,7,21,1,384.7416212
23,2013,7,21,2,375.9400085
23,2013,7,21,3,366.575047
23,2013,7,21,4,357.4334963
23,2013,7,21,5,349.4610794
23,2013,7,21,6,343.1221964
23,2013,7,21,7,338.4710094
23,2013,7,21,8,334.4020528
23,2013,7,21,9,329.859457
23,2013,7,21,10,325.1453621
23,2013,7,21,11,320.7205804
23,2013,7,21,12,316.3226009
23,2013,7,21,13,311.5706643
23,2013,7,21,14,306.3343408
23,2013,7,21,15,300.5457833
23,2013,7,21,16,294.3347053
23,2013,7,21,17,288.6210629
23,2013,7,21,18,283.9413044
23,2013,7,21,19,278.5076016
23,2013,7,21,20,270.3660118
23,2013,7,21,21,259.2224089
23,2013,7,21,22,245.936194
23,2013,7,21,23,234.321059
23,2013,7,21,24,229.2084623
23,2013,7,22,1,236.5466372
23,2013,7,22,2,262.8453844
23,2013,7,22,3,315.7439986
23,2013,7,22,4,403.378914
23,2013,7,22,5,534.7456258
23,2013,7,22,6,718.2379748
23,2013,7,22,7,958.9841203
23,2013,7,22,8,1255.503046
23,2013,7,22,9,1583.142712
23,2013,7,22,10,1913.324938
23,2013,7,22,11,2224.938004
23,2013,7,22,12,2502.710686
23,2013,7,22,13,2747.267294
23,2013,7,22,14,2961.409945
23,2013,7,22,15,3140.756455
23,2013,7,22,16,3279.667111
23,2013,7,22,17,3374.656378
23,2013,7,22,18,3423.919047
23,2013,7,22,19,3430.217034
23,2013,7,22,20,3397.45403
23,2013,7,22,21,3330.010819
23,2013,7,22,22,3234.176547
23,2013,7,22,23,3116.568346
23,2013,7,22,24,2983.206945
23,2013,7,23,1,2840.190077
23,2013,7,23,2,2694.519902
23,2013,7,23,3,2552.82959
23,2013,7,23,4,2419.371922
23,2013,7,23,5,2297.369212
23,2013,7,23,6,2188.302279
23,2013,7,23,7,2093.227513
23,2013,7,23,8,2013.245063
23,2013,7,23,9,1948.684475
23,2013,7,23,10,1896.749113
23,2013,7,23,11,1853.875922
23,2013,7,23,12,1816.562358
23,2013,7,23,13,1782.311653
23,2013,7,23,14,1752.589631
23,2013,7,23,15,1728.778192
23,2013,7,23,16,1707.960949
23,2013,7,23,17,1686.964819
23,2013,7,23,18,1665.888217
23,2013,7,23,19,1645.838642
23,2013,7,23,20,1628.688442
23,2013,7,23,21,1616.066475
23,2013,7,23,22,1607.862768
23,2013,7,23,23,1603.619216
23,2013,7,23,24,1603.223985
23,2013,7,24,1,1606.651815
23,2013,7,24,2,1613.380139
23,2013,7,24,3,1620.897188
23,2013,7,24,4,1626.583171
23,2013,7,24,5,1629.375429
23,2013,7,24,6,1628.666116
23,2013,7,24,7,1624.109508
23,2013,7,24,8,1615.571774
23,2013,7,24,9,1603.504523
23,2013,7,24,10,1588.719499
23,2013,7,24,11,1572.883563
23,2013,7,24,12,1557.540436
23,2013,7,24,13,1542.886171
23,2013,7,24,14,1529.007772
23,2013,7,24,15,1516.903734
23,2013,7,24,16,1507.223135
23,2013,7,24,17,1498.305884
23,2013,7,24,18,1488.379263
23,2013,7,24,19,1477.529214
23,2013,7,24,20,1466.202015
23,2013,7,24,21,1454.426651
23,2013,7,24,22,1441.654198
23,2013,7,24,23,1425.441402
23,2013,7,24,24,1403.871928
23,2013,7,25,1,1379.031453
23,2013,7,25,2,1353.103343
24,2017,7,1,13,49.9076677
24,2017,7,1,14,63.94136631
24,2017,7,1,15,64.5935536
24,2017,7,1,16,55.62210313
24,2017,7,1,17,44.23352897
24,2017,7,1,18,37.05687838
24,2017,7,1,19,38.16654249
24,2017,7,1,20,41.99575471
24,2017,7,1,21,42.27507475
24,2017,7,1,22,39.56552543
24,2017,7,1,23,35.79875249
24,2017,7,1,24,31.55843049
24,2017,7,2,1,27.04789612
24,2017,7,2,2,22.29710572
24,2017,7,2,3,17.71433805
24,2017,7,2,4,15.39454173
24,2017,7,2,5,17.18627379
24,2017,7,2,6,22.26585473
24,2017,7,2,7,29.22175595
24,2017,7,2,8,36.96328875
24,2017,7,2,9,44.09889729
24,2017,7,2,10,47.71271732
24,2017,7,2,11,46.91315585
24,2017,7,2,12,50.43001337
24,2017,7,2,13,65.55617697
24,2017,7,2,14,84.21548654
24,2017,7,2,15,95.48033092
24,2017,7,2,16,92.38634191
24,2017,7,2,17,73.3386526
24,2017,7,2,18,54.25715837
24,2017,7,2,19,50.71048935
24,2017,7,2,20,59.34745235
24,2017,7,2,21,74.46029502
24,2017,7,2,22,99.83485141
24,2017,7,2,23,140.0735283
24,2017,7,2,24,193.5514368
24,2017,7,3,1,254.1952481
24,2017,7,3,2,304.3651698
24,2017,7,3,3,328.727181
24,2017,7,3,4,332.7368105
24,2017,7,3,5,325.3838038
24,2017,7,3,6,309.0052224
24,2017,7,3,7,285.7290529
24,2017,7,3,8,263.4996649
24,2017,7,3,9,248.6779752
24,2017,7,3,10,235.4747053
24,2017,7,3,11,217.7921969
24,2017,7,3,12,200.4494698
24,2017,7,3,13,190.1610238
24,2017,7,3,14,190.3065997
24,2017,7,3,15,202.9078373
24,2017,7,3,16,227.8887293
24,2017,7,3,17,266.3044892
24,2017,7,3,18,325.83286
24,2017,7,3,19,414.1508084
24,2017,7,3,20,532.3096662
24,2017,7,3,21,677.9076148
24,2017,7,3,22,841.3558674
24,2017,7,3,23,1010.759507
24,2017,7,3,24,1172.186061
24,2017,7,4,1,1315.348999
24,2017,7,4,2,1446.583116
24,2017,7,4,3,1575.787812
24,2017,7,4,4,1710.499601
24,2017,7,4,5,1855.897587
24,2017,7,4,6,2010.094135
24,2017,7,4,7,2172.150277
24,2017,7,4,8,2351.988445
24,2017,7,4,9,2558.604552
24,2017,7,4,10,2786.427036
24,2017,7,4,11,3024.615398
24,2017,7,4,12,3255.820886
24,2017,7,4,13,3458.459122
24,2017,7,4,14,3600.511469
24,2017,7,4,15,3654.16755
24,2017,7,4,16,3618.88429
24,2017,7,4,17,3503.776722
24,2017,7,4,18,3329.325019
24,2017,7,4,19,3118.308232
24,2017,7,4,20,2891.335803
24,2017,7,4,21,2666.964819
24,2017,7,4,22,2457.712573
24,2017,7,4,23,2272.215447
24,2017,7,4,24,2109.625974
24,2017,7,5,1,1966.527976
24,2017,7,5,2,1838.71427
24,2017,7,5,3,1722.873762
24,2017,7,5,4,1620.070712
24,2017,7,5,5,1532.057454
24,2017,7,5,6,1458.963269
24,2017,7,5,7,1399.523769
24,2017,7,5,8,1348.522931
24,2017,7,5,9,1300.582992
24,2017,7,5,10,1253.630876
25,2017,7,14,16,368.8006421
25,2017,7,14,17,359.1017734
25,2017,7,14,18,349.5386186
25,2017,7,14,19,340.8657452
25,2017,7,14,20,333.3901654
25,2017,7,14,21,327.2278948
25,2017,7,14,22,322.1785168
25,2017,7,14,23,317.9349884
25,2017,7,14,24,314.0801929
25,2017,7,15,1,310.1606711
25,2017,7,15,2,305.6876667
25,2017,7,15,3,300.2306292
25,2017,7,15,4,293.6271294
25,2017,7,15,5,285.8493325
25,2017,7,15,6,277.1396619
25,2017,7,15,7,267.8855097
25,2017,7,15,8,258.7838838
25,2017,7,15,9,250.6026616
25,2017,7,15,10,244.0835825
25,2017,7,15,11,239.8874242
25,2017,7,15,12,238.3772567
25,2017,7,15,13,239.7070254
25,2017,7,15,14,243.4918847
25,2017,7,15,15,249.3545297
25,2017,7,15,16,257.4866083
25,2017,7,15,17,268.4772213
25,2017,7,15,18,283.9363275
25,2017,7,15,19,305.7095768
25,2017,7,15,20,335.5645242
25,2017,7,15,21,375.0650357
25,2017,7,15,22,425.038314
25,2017,7,15,23,485.8756714
25,2017,7,15,24,556.961522
25,2017,7,16,1,637.3031657
25,2017,7,16,2,725.4063435
25,2017,7,16,3,819.6621342
25,2017,7,16,4,918.5045269
25,2017,7,16,5,1020.226556
25,2017,7,16,6,1122.51453
25,2017,7,16,7,1223.038667
25,2017,7,16,8,1320.011557
25,2017,7,16,9,1411.845973
25,2017,7,16,10,1497.213042
25,2017,7,16,11,1574.771787
25,2017,7,16,12,1642.874449
25,2017,7,16,13,1699.880048
25,2017,7,16,14,1744.481484
25,2017,7,16,15,1775.55238
25,2017,7,16,16,1792.355364
25,2017,7,16,17,1794.507277
25,2017,7,16,18,1782.652789
25,2017,7,16,19,1757.867779
25,2017,7,16,20,1721.925108
25,2017,7,16,21,1676.857536
25,2017,7,16,22,1625.040428
25,2017,7,16,23,1568.833748
25,2017,7,16,24,1510.19324
25,2017,7,17,1,1450.841481
25,2017,7,17,2,1391.972584
25,2017,7,17,3,1334.596544
25,2017,7,17,4,1279.515336
25,2017,7,17,5,1227.365952
25,2017,7,17,6,1178.333447
25,2017,7,17,7,1132.440292
25,2017,7,17,8,1089.510537
25,2017,7,17,9,1049.336658
25,2017,7,17,10,1011.783253
25,2017,7,17,11,976.7463965
25,2017,7,17,12,944.175951
25,2017,7,17,13,914.004836
25,2017,7,17,14,886.0444183
25,2017,7,17,15,860.0192332
25,2017,7,17,16,835.4280432
25,2017,7,17,17,811.7291555
25,2017,7,17,18,788.4448269
25,2017,7,17,19,765.2961955
25,2017,7,17,20,742.7359751
25,2017,7,17,21,721.2700743
25,2017,7,17,22,700.8856055
25,2017,7,17,23,681.4342316
25,2017,7,17,24,662.7446137
25,2017,7,18,1,644.6986092
25,2017,7,18,2,627.4138627
25,2017,7,18,3,611.1630447
25,2017,7,18,4,596.6031406
25,2017,7,18,5,584.3086867
25,2017,7,18,6,574.1401065
25,2017,7,18,7,565.8108756
25,2017,7,18,8,559.1607917
25,2017,7,18,9,554.0464002
25,2017,7,18,10,550.2649166
25,2017,7,18,11,547.5441884
25,2017,7,18,12,545.3939228
25,2017,7,18,13,543.2602681
25,2017,7,18,14,540.5532772
25,2017,7,18,15,536.6643676
25,2017,7,18,16,530.9465094
25,2017,7,18,17,522.9894429
25,2017,7,18,18,513.3684374
25,2017,7,18,19,502.8468429
25,2017,7,18,20,491.9548045
25,2017,7,18,21,481.1030831
25,2017,7,18,22,470.4581089
26,2018,7,1,6,
26,2018,7,1,7,
26,2018,7,1,8,
26,2018,7,1,9,
26,2018,7,1,10,
26,2018,7,1,11,
26,2018,7,1,12,
26,2018,7,1,13,
26,2018,7,1,14,
26,2018,7,1,15,
26,2018,7,1,16,
26,2018,7,1,17,
26,2018,7,1,18,
26,2018,7,1,19,
26,2018,7,1,20,
26,2018,7,1,21,
26,2018,7,1,22,
26,2018,7,1,23,
26,2018,7,1,24,
26,2018,7,2,1,
26,2018,7,2,2,
26,2018,7,2,3,
26,2018,7,2,4,
26,2018,7,2,5,
26,2018,7,2,6,
26,2018,7,2,7,
26,2018,7,2,8,
26,2018,7,2,9,
26,2018,7,2,10,
26,2018,7,2,11,
26,2018,7,2,12,
26,2018,7,2,13,
26,2018,7,2,14,
26,2018,7,2,15,
26,2018,7,2,16,
26,2018,7,2,17,
26,2018,7,2,18,
26,2018,7,2,19,
26,2018,7,2,20,
26,2018,7,2,21,
26,2018,7,2,22,
26,2018,7,2,23,
26,2018,7,2,24,
26,2018,7,3,1,
26,2018,7,3,2,
26,2018,7,3,3,
26,2018,7,3,4,
26,2018,7,3,5,
26,2018,7,3,6,
26,2018,7,3,7,
26,2018,7,3,8,
26,2018,7,3,9,
26,2018,7,3,10,
26,2018,7,3,11,
26,2018,7,3,12,
26,2018,7,3,13,
26,2018,7,3,14,
26,2018,7,3,15,
26,2018,7,3,16,
26,2018,7,3,17,
26,2018,7,3,18,
26,2018,7,3,19,
26,2018,7,3,20,
26,2018,7,3,21,
26,2018,7,3,22,
26,2018,7,3,23,
26,2018,7,3,24,
26,2018,7,4,1,
26,2018,7,4,2,
26,2018,7,4,3,
26,2018,7,4,4,
26,2018,7,4,5,
26,2018,7,4,6,
26,2018,7,4,7,
26,2018,7,4,8,
26,2018,7,4,9,
26,2018,7,4,10,
26,2018,7,4,11,
26,2018,7,4,12,
26,2018,7,4,13,
26,2018,7,4,14,
26,2018,7,4,15,
26,2018,7,4,16,
26,2018,7,4,17,
26,2018,7,4,18,
26,2018,7,4,19,
26,2018,7,4,20,
26,2018,7,4,21,
26,2018,7,4,22,
26,2018,7,4,23,
26,2018,7,4,24,
26,2018,7,5,1,
26,2018,7,5,2,
26,2018,7,5,3,
26,2018,7,5,4,
26,2018,7,5,5,
26,2018,7,5,6,
26,2018,7,5,7,
26,2018,7,5,8,
26,2018,7,5,9,
26,2018,7,5,10,
26,2018,7,5,11,
26,2018,7,5,12,
26,2018,7,5,13,
26,2018,7,5,14,
26,2018,7,5,15,
26,2018,7,5,16,
26,2018,7,5,17,
26,2018,7,5,18,
26,2018,7,5,19,
26,2018,7,5,20,
26,2018,7,5,21,
26,2018,7,5,22,
26,2018,7,5,23,
26,2018,7,5,24,
26,2018,7,6,1,
26,2018,7,6,2,
26,2018,7,6,3,
26,2018,7,6,4,
26,2018,7,6,5,
26,2018,7,6,6,
26,2018,7,6,7,
26,2018,7,6,8,
26,2018,7,6,9,
26,2018,7,6,10,
26,2018,7,6,11,
26,2018,7,6,12,
26,2018,7,6,13,
26,2018,7,6,14,
26,2018,7,6,15,
26,2018,7,6,16,
26,2018,7,6,17,
26,2018,7,6,18,
26,2018,7,6,19,
26,2018,7,6,20,
26,2018,7,6,21,
26,2018,7,6,22,
26,2018,7,6,23,
26,2018,7,6,24,
26,2018,7,7,1,
26,2018,7,7,2,
26,2018,7,7,3,
26,2018,7,7,4,
26,2018,7,7,5,
26,2018,7,7,6,
26,2018,7,7,7,
26,2018,7,7,8,
26,2018,7,7,9,
26,2018,7,7,10,
26,2018,7,7,11,
26,2018,7,7,12,
26,2018,7,7,13,
26,2018,7,7,14,
26,2018,7,7,15,
26,2018,7,7,16,
26,2018,7,7,17,
26,2018,7,7,18,
26,2018,7,7,19,
26,2018,7,7,20,
26,2018,7,7,21,
