"code","tot_pop","region","num_empty","sub","bus","num_park","Mfee_deposit","Mfee_rent","type_new","prop_type_im1","prop_type_im2","prop_type_im3","prop_type_im4","prop_type_im5","prop_type_im6","prop_type_im7","prop_type_im8","prop_type_im9","prop_type_im10","prop_areaL21","prop_areaL29","prop_areaL36","prop_areaL39","prop_areaL46","prop_areaL59","prop_areaU59","prop_type_qual1","prop_type_qual2","prop_type_qual3","prop_type_qual4","prop_type_qual5","prop_type_qual6","prop_type_qual7","prop_type_qual8","prop_type_qual9","prop_type_qual10","prop_type_qual11","prop_type_qual12","prop_type_qual13","prop_type_qual14","target"
"C2515",545,3,17,0,3,624,18433000,149760,0,0,0,0,0,0,1,0,0,0,0,0,0,0.142857143,0.285714286,0.285714286,0.285714286,0,1,0,0,0,0,0,0,0,0,0,0,0,0,0,205
"C1407",1216,7,13,1,1,1285,27637000,164610,0,0,0,0,0,0,1,0,0,0,0,0,0,0.272727273,0,0.545454545,0.181818182,0,1,0,0,0,0,0,0,0,0,0,0,0,0,0,1064
"C1945",755,2,6,1,3,734,23139000,193230,0,0,0,0,0,0,1,0,0,0,0,0,0,0,0.333333333,0,0.666666667,0,0,1,0,0,0,0,0,0,0,0,0,0,0,0,730
"C1470",696,13,14,0,2,645,16821500,117145,0,0,0,0,0,0,1,0,0,0,0,0,0,0,0.5,0.25,0.25,0,1,0,0,0,0,0,0,0,0,0,0,0,0,0,553
"C1898",566,13,9,0,6,517,16821500,117145,0,0,0,0,0,0,1,0,0,0,0,0,0,0,0.5,0.333333333,0.166666667,0,1,0,0,0,0,0,0,0,0,0,0,0,0,0,415
"C1244",1722,2,10,0,10,1483,43990000,304540,0,0,0,0,0,0,1,0,0,0,0,0,0,0,0.307692308,0.461538462,0.230769231,0,1,0,0,0,0,0,0,0,0,0,0,0,0,0,1804
"C1171",624,7,13,0,5,634,35462000,189130,0,0,0,0,0,0,1,0,0,0,0,0,0,0.083333333,0.25,0.5,0.166666667,0,1,0,0,0,0,0,0,0,0,0,0,0,0,0,700
"C2073",361,1,13,0,5,288,16821000,205460,0,0,0,0,0,0,1,0,0,0,0,0,0,0,0.333333333,0.5,0.166666667,0,1,0,0,0,0,0,0,0,0,0,0,0,0,0,301
"C2513",754,5,15,0,6,530,32443000,192250,0,0,0,0,0,0,1,0,0,0,0,0,0,0,0,0,1,0,1,0,0,0,0,0,0,0,0,0,0,0,0,0,820
"C1936",240,5,8,0,10,168,32443000,192250,0,0,0,0,0,0,1,0,0,0,0,0,0,0,0,0,1,0,1,0,0,0,0,0,0,0,0,0,0,0,0,0,234
"C2049",688,1,0,0,5,631,15407000,88400,0,0,0,0,0,0,1,0,0,0,0,0,0,0,0,0,1,0,1,0,0,0,0,0,0,0,0,0,0,0,0,0,841
"C2202",623,1,0,0,2,222,10244000,152280,0,0,0,1,0,0,0,0,0,0,0,0,0,0,0.333333333,0.666666667,0,0,1,0,0,0,0,0,0,0,0,0,0,0,0,0,226
"C1925",601,1,9,0,4,117,11321500,137655,1,0,0,0,0,0,0,0.333333333,0.666666667,0,0,0,0.166666667,0.666666667,0,0,0,0.166666667,0,0,0.333333333,0.666666667,0,0,0,0,0,0,0,0,0,0,75
"C2576",405,3,19,0,4,296,23844000,198600,0,0,0,0,0,0,1,0,0,0,0,0,0,0,0,0.5,0.5,0,1,0,0,0,0,0,0,0,0,0,0,0,0,0,73
"C1312",518,15,12,0,3,527,18707000,126575,0,0,0,0,0,0,1,0,0,0,0,0,0,0,0.5,0.5,0,0,1,0,0,0,0,0,0,0,0,0,0,0,0,0,359
"C1874",619,15,2,0,2,97,18360500,141770,1,0,0,0,0,0,0,0.1,0.9,0,0,0.233333333,0.466666667,0.1,0,0.1,0.1,0,0,0,0.1,0.9,0,0,0,0,0,0,0,0,0,0,62
"C2650",875,8,13,0,4,616,14215000,141630,0,0,0,0,0,0,1,0,0,0,0,0,0,0,0.333333333,0.666666667,0,0,1,0,0,0,0,0,0,0,0,0,0,0,0,0,159
"C2416",560,3,0,0,5,154,16515500,126665,1,0,0,0,0,0,0,0.2,0.8,0,0,0.1,0.2,0.2,0.1,0.2,0.1,0.1,0,0,0.2,0.8,0,0,0,0,0,0,0,0,0,0,63
"C2013",595,3,3,0,3,509,13930000,37360,0,0,0,0,0,0,1,0,0,0,0,0,0,0,0.666666667,0.333333333,0,0,1,0,0,0,0,0,0,0,0,0,0,0,0,0,91
"C1424",625,7,2,0,7,517,20173000,225100,0,0,0,1,0,0,0,0,0,0,0,0,0,0,0.333333333,0.666666667,0,0,1,0,0,0,0,0,0,0,0,0,0,0,0,0,179
"C2100",880,7,4,0,5,736,25096000,100365,0,0,0,0,0,0,1,0,0,0,0,0,0,0,0,0,1,0,1,0,0,0,0,0,0,0,0,0,0,0,0,0,671
"C2621",1396,7,26,1,4,277,12666500,155535,1,0,0,0,0,0,0,0.444444444,0.555555556,0,0,0,0.222222222,0.5,0,0,0.166666667,0.111111111,0,0,0.444444444,0.555555556,0,0,0,0,0,0,0,0,0,0,133
"C2520",970,7,2,0,2,420,13155000,177500,0,0,0,1,0,0,0,0,0,0,0,0,0,0,1,0,0,0,1,0,0,0,0,0,0,0,0,0,0,0,0,0,386
"C2319",606,7,1,1,12,548,17414000,236590,0,0,0,0,0,0,1,0,0,0,0,0,0,0,0,0,1,0,1,0,0,0,0,0,0,0,0,0,0,0,0,0,266
"C1616",1507,7,1,0,2,407,16236000,152995,1,0,0,0,0,0,0,0.136363636,0.863636364,0,0,0,0.045454545,0.045454545,0.590909091,0.045454545,0.136363636,0.136363636,0,0,0.090909091,0.863636364,0.045454545,0,0,0,0,0,0,0,0,0,98
"C1704",639,7,34,0,7,162,17342000,164770,1,0,0,0,0,0,0,0.117647059,0.882352941,0,0,0,0,0.823529412,0.117647059,0,0,0.058823529,0,0,0.117647059,0.882352941,0,0,0,0,0,0,0,0,0,0,131
"C2258",965,7,13,0,3,287,25023000,149275,1,0,0,0,0,0,0,0.15,0.85,0,0,0.5,0.1,0.2,0.05,0.05,0.05,0.05,0,0,0.15,0.85,0,0,0,0,0,0,0,0,0,0,78
"C1032",946,7,6,1,2,986,28714000,187260,0,0,0,0,0,0,1,0,0,0,0,0,0,0,0.166666667,0.166666667,0.666666667,0,1,0,0,0,0,0,0,0,0,0,0,0,0,0,316
"C2038",785,7,7,1,10,150,18771500,127060,1,0,0,0,0,0,0,0.15,0.85,0,0,0.5,0.1,0.2,0.05,0.05,0.05,0.05,0,0,0.15,0.85,0,0,0,0,0,0,0,0,0,0,108
"C1859",2178.8,7,1,1,4,487,21158500,135110,1,0,0,0,0,0,0,0.125,0.875,0,0,0,0.075,0.375,0.325,0,0.15,0.075,0,0,0.125,0.875,0,0,0,0,0,0,0,0,0,0,116
"C1722",809,1,1,0,6,264,13101000,220780,1,0,0,0.272727273,0,0,0,0.181818182,0.545454545,0,0,0,0.090909091,0.545454545,0.090909091,0.181818182,0,0.090909091,0.272727273,0,0.181818182,0.545454545,0,0,0,0,0,0,0,0,0,0,649
"C1850",388,3,0,0,4,226,14418000,244420,0,0,0,1,0,0,0,0,0,0,0,0,0,0,0.333333333,0.666666667,0,0,1,0,0,0,0,0,0,0,0,0,0,0,0,0,254
"C2190",1013,3,7,0,2,178,18581000,101110,1,0,0,0,0,0,0,0.19047619,0.80952381,0,0,0.476190476,0.285714286,0.095238095,0.047619048,0.095238095,0,0,0,0,0.19047619,0.80952381,0,0,0,0,0,0,0,0,0,0,129
"C1476",453,3,6,0,5,107,15979000,121010,1,0,0,0,0,0,0,0.25,0.75,0,0,0,0.125,0.75,0,0,0,0.125,0,0,0.25,0.75,0,0,0,0,0,0,0,0,0,0,70
"C1077",861,3,21,0,5,612,19973000,147300,0,0,0,0,0,0,1,0,0,0,0,0,0,0,0.333333333,0.333333333,0.333333333,0,1,0,0,0,0,0,0,0,0,0,0,0,0,0,236
"C1068",806,15,11,0,2,804,16853500,137320,0,0,0,0,0,0,1,0,0,0,0,0,0,0,0.333333333,0.5,0.166666667,0,1,0,0,0,0,0,0,0,0,0,0,0,0,0,510
"C1983",903,15,3,0,4,200,14830000,145290,1,0,0,0.2,0,0,0,0.133333333,0.666666667,0,0,0,0.066666667,0.733333333,0.066666667,0,0,0.133333333,0.2,0,0.133333333,0.666666667,0,0,0,0,0,0,0,0,0,0,253
"C2135",1116,8,10,1,3,262,17514500,141720,1,0,0,0,0,0,0,0.15,0.85,0,0,0.5,0.2,0.15,0.05,0,0.05,0.05,0,0,0.15,0.85,0,0,0,0,0,0,0,0,0,0,127
"C2034",1486,8,2,1,3,405,18792000,145740,1,0,0,0,0,0,0,0.103448276,0.896551724,0,0,0.344827586,0.137931034,0.379310345,0.034482759,0,0.034482759,0.068965517,0,0,0.103448276,0.896551724,0,0,0,0,0,0,0,0,0,0,132
"C1109",1957,8,1,1,2,351,15580000,143375,1,0,0,0,0,0,0,0.090909091,0.909090909,0,0,0.363636364,0.227272727,0.272727273,0.045454545,0,0.045454545,0.045454545,0,0,0.090909091,0.909090909,0,0,0,0,0,0,0,0,0,0,313
"C1497",802,8,7,1,14,375,13253500,168575,0,0,0,1,0,0,0,0,0,0,0,0,0,0,1,0,0,0,1,0,0,0,0,0,0,0,0,0,0,0,0,0,382
"C2289",1527,8,2,0,3,240,18865500,144915,1,0,0,0,0,0,0,0.166666667,0.833333333,0,0,0,0.083333333,0.083333333,0.541666667,0,0.208333333,0.083333333,0,0,0.166666667,0.833333333,0,0,0,0,0,0,0,0,0,0,364
"C2597",1005,8,25,0,2,166,16811000,149870,1,0,0,0,0,0,0,0.09375,0.90625,0,0,0.25,0.53125,0.03125,0,0.0625,0.09375,0.03125,0,0,0.09375,0.90625,0,0,0,0,0,0,0,0,0,0,94
"C2310",1988,8,1,0,2,217,17851000,132430,1,0,0,0,0,0,0,0.130434783,0.869565217,0,0,0,0.086956522,0.043478261,0.565217391,0,0.217391304,0.086956522,0,0,0.130434783,0.869565217,0,0,0,0,0,0,0,0,0,0,189
"C1672",1350,8,15,0,1,1043,18717500,229825,0,0,0,0,0,0,1,0,0,0,0,0,0,0,0,0,1,0,1,0,0,0,0,0,0,0,0,0,0,0,0,0,873
"C2132",2178.8,8,1,0,1,756,19975000,124720,1,0,0,0,0,0,0,0.085106383,0.914893617,0,0,0.234042553,0.127659574,0.170212766,0.276595745,0.021276596,0.106382979,0.063829787,0,0,0.021276596,0.914893617,0,0.063829787,0,0,0,0,0,0,0,0,359
"C1439",1755,8,29,1,3,270,17362500,141325,1,0,0,0,0,0,0,0.0625,0.9375,0,0,0.458333333,0.166666667,0.25,0,0.0625,0,0.0625,0,0,0.0625,0.9375,0,0,0,0,0,0,0,0,0,0,172
"C1613",840,8,7,1,1,594,20345000,257630,0,0,0,0,0,0,1,0,0,0,0,0,0,0,0,0,1,0,1,0,0,0,0,0,0,0,0,0,0,0,0,0,498
"C2216",390,15,2,0,1,97,9447000,132910,0,0,0,1,0,0,0,0,0,0,0,0,0,0,1,0,0,0,1,0,0,0,0,0,0,0,0,0,0,0,0,0,149
"C1899",451,3,0,0,4,109,16851500,107855,1,0,0,0,0,0,0,0.333333333,0.666666667,0,0,0,0.166666667,0.833333333,0,0,0,0,0,0,0.333333333,0.666666667,0,0,0,0,0,0,0,0,0,0,31
"C1056",410,14,0,0,10,120,23013500,151535,1,0,0,0,0,0,0,0.166666667,0.833333333,0,0,0,0.083333333,0.916666667,0,0,0,0,0,0,0.166666667,0.833333333,0,0,0,0,0,0,0,0,0,0,125
"C2644",779,15,7,1,12,190,11879000,161250,1,0,0,0.285714286,0,0,0,0.285714286,0.428571429,0,0,0,0.285714286,0,0.285714286,0.428571429,0,0,0.285714286,0,0.285714286,0.428571429,0,0,0,0,0,0,0,0,0,0,177
"C1206",755,1,1,0,4,88,22419000,147030,1,0,0,0,0,0,0,0.166666667,0.833333333,0,0,0,0.083333333,0.75,0,0,0,0.166666667,0,0,0.166666667,0.833333333,0,0,0,0,0,0,0,0,0,0,90
"C2481",693,11,2,0,2,486,13221000,101390,0,0,0,0,0,0,1,0,0,0,0,0,0,0,0.333333333,0.666666667,0,0,1,0,0,0,0,0,0,0,0,0,0,0,0,0,302
"C1718",753,11,23,0,2,682,27465500,218475,0,0,0,0,0,0,1,0,0,0,0,0,0,0,0,0.5,0.5,0,1,0,0,0,0,0,0,0,0,0,0,0,0,0,496
"C1655",498,1,23,0,6,402,19973000,132320,0,0,0,0,0,0,1,0,0,0,0,0,0,0,0.25,0.5,0.25,0,1,0,0,0,0,0,0,0,0,0,0,0,0,0,236
"C1430",1533,8,32,0,3,1296,31835000,185990,0,0,0,0,0,0,1,0,0,0,0,0,0,0,0,0,1,0,1,0,0,0,0,0,0,0,0,0,0,0,0,0,839
"C1775",711,14,5,0,8,131,15729000,115180,1,0,0,0,0,0,0,0.117647059,0.882352941,0,0,0,0.058823529,0.882352941,0,0,0,0.058823529,0,0,0.117647059,0.882352941,0,0,0,0,0,0,0,0,0,0,96
"C1519",420,14,0,0,0,393,15472000,94375,0,0,0,0,0,0,1,0,0,0,0,0,0,0,0.5,0.5,0,0,1,0,0,0,0,0,0,0,0,0,0,0,0,0,235
"C2221",590,14,1,0,3,376,15406500,246675,0,0,0,1,0,0,0,0,0,0,0,0,0,0,0,1,0,0,1,0,0,0,0,0,0,0,0,0,0,0,0,0,359
"C1790",657,3,2,0,4,166,20802000,172280,1,0,0,0,0,0,0,0.090909091,0.909090909,0,0,0.303030303,0.515151515,0.060606061,0,0.03030303,0.03030303,0.060606061,0,0,0.090909091,0.909090909,0,0,0,0,0,0,0,0,0,0,120
"C2109",495,3,2,0,4,117,19893000,110550,1,0,0,0,0,0,0,0.117647059,0.882352941,0,0,0,0.058823529,0.882352941,0,0,0,0.058823529,0,0,0.117647059,0.882352941,0,0,0,0,0,0,0,0,0,0,60
"C1698",460,3,1,0,3,155,12905500,162030,1,0,0,0,0,0,0,0.5,0.5,0,0,0,0,0.5,0.5,0,0,0,0,0,0.5,0.5,0,0,0,0,0,0,0,0,0,0,65
"C1866",338,3,1,0,3,235,11421000,102215,0,0,0,0,0,0,1,0,0,0,0,0,0,0,0.5,0.5,0,0,1,0,0,0,0,0,0,0,0,0,0,0,0,0,135
"C1005",1144,15,16,0,8,950,16348000,210900,0,0,0,0,0,0,1,0,0,0,0,0,0,0,0,0,1,0,1,0,0,0,0,0,0,0,0,0,0,0,0,0,376
"C1004",521,15,3,0,2,153,16507000,132430,1,0,0,0,0,0,0,0.105263158,0.894736842,0,0,0.526315789,0.052631579,0.157894737,0.157894737,0,0.052631579,0.052631579,0,0,0.105263158,0.894736842,0,0,0,0,0,0,0,0,0,0,93
"C1875",1003,15,5,0,8,192,17497500,137625,1,0,0,0,0,0,0,0.136363636,0.863636364,0,0,0.545454545,0.181818182,0.136363636,0.045454545,0,0.045454545,0.045454545,0,0,0.136363636,0.863636364,0,0,0,0,0,0,0,0,0,0,209
"C2156",306,15,0,0,1,246,11147000,90410,0,0,0,0,0,0,1,0,0,0,0,0,0,0,0.666666667,0,0.333333333,0,1,0,0,0,0,0,0,0,0,0,0,0,0,0,204
"C2212",697,1,0,0,4,128,15026000,140995,1,0,0,0,0,0,0,0.214285714,0.785714286,0,0,0,0.071428571,0.571428571,0,0,0,0.357142857,0,0,0.214285714,0.785714286,0,0,0,0,0,0,0,0,0,0,86
"C2401",213,1,21,0,3,164,25964000,72660,0,0,0,0,0,0,1,0,0,0,0,0,0,0,0.333333333,0.333333333,0.333333333,0,0.666666667,0,0,0,0.333333333,0,0,0,0,0,0,0,0,0,19
"C2571",481,3,5,0,1,65,20387500,139330,1,0,0,0,0,0,0,0.071428571,0.928571429,0,0,0,0.071428571,0.857142857,0,0,0,0.071428571,0,0,0.071428571,0.928571429,0,0,0,0,0,0,0,0,0,0,62
"C1175",468,15,15,1,2,477,26258000,160100,0,0,0,0,0,0,1,0,0,0,0,0,0,0,0,0.333333333,0.666666667,0,1,0,0,0,0,0,0,0,0,0,0,0,0,0,430
"C1833",1364,14,19,0,5,1505,15620000,123750,0,0,0,0,0,0,1,0,0,0,0,0,0,0.285714286,0.285714286,0.285714286,0.142857143,0,1,0,0,0,0,0,0,0,0,0,0,0,0,0,1001
"C2445",800,16,16,0,4,671,15620000,141770,0,0,0,0,0,0,1,0,0,0,0,0,0,0,0.333333333,0.333333333,0.333333333,0,1,0,0,0,0,0,0,0,0,0,0,0,0,0,334
"C1885",830,12,14,0,4,802,14418000,100920,0,0,0,0,0,0,1,0,0,0,0,0,0,0,0.625,0.375,0,0,1,0,0,0,0,0,0,0,0,0,0,0,0,0,616
"C2368",775,12,10,0,4,738,14418000,100920,0,0,0,0,0,0,1,0,0,0,0,0,0,0,0.875,0,0.125,0,1,0,0,0,0,0,0,0,0,0,0,0,0,0,548
"C2016",261,16,15,0,2,198,12234000,103875,0,0,0,0,0,0,1,0,0,0,0,0,0,0,0.5,0.5,0,0,1,0,0,0,0,0,0,0,0,0,0,0,0,0,220
"C2371",474,4,20,0,1,374,17302000,108130,0,0,0,0,0,0,1,0,0,0,0,0,0,0,0.375,0.375,0.25,0,1,0,0,0,0,0,0,0,0,0,0,0,0,0,451
"C2536",72,13,7,0,1,54,9074000,50400,0,0,0,0,0,0,1,0,0,0,0,0,0,0.666666667,0,0.333333333,0,0,1,0,0,0,0,0,0,0,0,0,0,0,0,0,47
"C2538",1473,2,13,0,3,1299,39668000,311110,0,0,0,0,0,0,1,0,0,0,0,0,0.052631579,0.210526316,0.157894737,0.210526316,0.368421053,0,0.473684211,0,0,0,0,0,0.421052632,0.105263158,0,0,0,0,0,0,799
"C1014",996,13,5,0,2,823,21628000,150190,0,0,0,0,0,0,1,0,0,0,0,0,0,0.142857143,0,0.428571429,0.428571429,0,1,0,0,0,0,0,0,0,0,0,0,0,0,0,708
"C1592",870,1,13,0,5,763,12387000,172190,0,0,0,0,0,0,1,0,0,0,0,0,0,0.142857143,0.428571429,0.285714286,0.142857143,0,1,0,0,0,0,0,0,0,0,0,0,0,0,0,739
"C1867",678,3,26,0,2,579,9972000,100920,0,0,0,0,0,0,1,0,0,0,0,0,0,0,0.666666667,0.166666667,0.166666667,0,1,0,0,0,0,0,0,0,0,0,0,0,0,0,374
"C2326",632,16,15,0,4,478,13216000,114140,0,0,0,0,0,0,1,0,0,0,0,0,0,0,0.8,0.2,0,0,1,0,0,0,0,0,0,0,0,0,0,0,0,0,557
"C1015",961,8,28,0,3,928,15583000,140810,0,0,0,0,0,0,1,0,0,0,0,0,0,0,0.375,0.375,0.25,0,1,0,0,0,0,0,0,0,0,0,0,0,0,0,579
"C1620",1232,5,22,0,4,1181,25233000,141770,0,0,0,0,0,0,1,0,0,0,0,0,0,0,0.4,0.6,0,0,1,0,0,0,0,0,0,0,0,0,0,0,0,0,1101
"C1049",676,5,18,0,3,658,31242000,175410,0,0,0,0,0,0,1,0,0,0,0,0,0,0,0.4,0,0.6,0,1,0,0,0,0,0,0,0,0,0,0,0,0,0,762
"C2000",1300,3,21,0,2,1082,19225000,169420,0,0,0,0,0,0,1,0,0,0,0,0,0,0,0.428571429,0.428571429,0.142857143,0,1,0,0,0,0,0,0,0,0,0,0,0,0,0,795
"C2097",998,4,29,0,2,1240,16737000,110790,0,0,0,0,0,0,1,0,0,0,0,0,0,0.142857143,0.428571429,0.285714286,0.142857143,0,0.714285714,0,0,0,0.285714286,0,0,0,0,0,0,0,0,0,995
"C1668",493,12,7,0,4,421,9611000,75690,0,0,0,0,0,0,1,0,0,0,0,0,0,0,0.571428571,0.285714286,0.142857143,0,1,0,0,0,0,0,0,0,0,0,0,0,0,0,288
"C1689",1117,2,4,1,3,985,42909000,291970,0,0,0,0,0,0,1,0,0,0,0,0,0.1,0,0.2,0.5,0.2,0,1,0,0,0,0,0,0,0,0,0,0,0,0,0,960
"C1234",307,1,1,0,2,219,23830000,153765,0,0,0,0,0,0,1,0,0,0,0,0,0,0,0,0,1,0,1,0,0,0,0,0,0,0,0,0,0,0,0,0,311
"C2514",501,3,10,0,1,405,15483500,149870,0,0,0,0,0,0,1,0,0,0,0,0,0,0,0,0.5,0.5,0,1,0,0,0,0,0,0,0,0,0,0,0,0,0,648
"C1368",896,4,29,0,10,900,20847500,176635,0,0,0,0,0,0,1,0,0,0,0,0,0,0,0.25,0.25,0.5,0,1,0,0,0,0,0,0,0,0,0,0,0,0,0,861
"C1057",521,4,24,0,4,521,20847500,176635,0,0,0,0,0,0,1,0,0,0,0,0,0,0,0.25,0.25,0.5,0,1,0,0,0,0,0,0,0,0,0,0,0,0,0,521
"C2336",458,4,13,0,2,399,19787000,134300,0,0,0,0,0,0,1,0,0,0,0,0,0,0,0.428571429,0.428571429,0.142857143,0,1,0,0,0,0,0,0,0,0,0,0,0,0,0,562
"C1026",290,4,10,0,2,205,24147500,109280,0,0,0,0,0,0,1,0,0,0,0,0,0,0,0,0,1,0,1,0,0,0,0,0,0,0,0,0,0,0,0,0,422
"C2256",409,3,7,0,1,316,15590000,136710,0,0,0,0,0,0,1,0,0,0,0,0,0.2,0,0.2,0.2,0.4,0,1,0,0,0,0,0,0,0,0,0,0,0,0,0,344
"C1900",586,13,2,0,2,472,17477000,106090,0,0,0,0,0,0,1,0,0,0,0,0,0,0,0.375,0.375,0.25,0,1,0,0,0,0,0,0,0,0,0,0,0,0,0,596
"C2666",1084,8,23,0,1,837,18890500,133145,0,0,0,0,0,0,1,0,0,0,0,0,0,0,0.5,0.5,0,0,1,0,0,0,0,0,0,0,0,0,0,0,0,0,701
"C2361",1174,2,9,0,4,1026,37454000,259660,0,0,0,0,0,0,1,0,0,0,0,0,0,0,0.272727273,0.454545455,0.272727273,0,0.545454545,0,0,0,0,0,0,0.454545455,0,0,0,0,0,0,1117
"C1642",270,12,14,0,6,222,17477000,107200,0,0,0,0,0,0,1,0,0,0,0,0,0,0,0.285714286,0.714285714,0,0,1,0,0,0,0,0,0,0,0,0,0,0,0,0,297
"C1013",1308,5,16,0,6,1119,24665000,135960,0,0,0,0,0,0,1,0,0,0,0,0,0,0,0.2,0.6,0.2,0,1,0,0,0,0,0,0,0,0,0,0,0,0,0,1665
"C2232",355,5,13,0,3,354,22297000,121945,0,0,0,0,0,0,1,0,0,0,0,0,0,0,0.5,0.25,0.25,0,1,0,0,0,0,0,0,0,0,0,0,0,0,0,248
"C1973",384,5,15,0,3,384,19819000,110110,0,0,0,0,0,0,1,0,0,0,0,0,0,0,0.666666667,0,0.333333333,0,1,0,0,0,0,0,0,0,0,0,0,0,0,0,457
"C2458",853,5,28,0,3,853,77079425.0000001,40670,0,0,0,0,0,0,1,0,0,0,0,0,0,0,0,0.571428571,0.428571429,0,0.428571429,0,0,0,0.571428571,0,0,0,0,0,0,0,0,0,910
"C2574",996,5,14,0,6,895,26217000,142310,0,0,0,0,0,0,1,0,0,0,0,0,0,0,0.333333333,0.444444444,0.222222222,0,1,0,0,0,0,0,0,0,0,0,0,0,0,0,826
"C2133",355,5,10,0,3,330,26217000,142310,0,0,0,0,0,0,1,0,0,0,0,0,0,0,0.333333333,0.333333333,0.333333333,0,1,0,0,0,0,0,0,0,0,0,0,0,0,0,328
"C2096",492,5,11,0,2,347,13022000,81540,0,0,0,0,0,0,1,0,0,0,0,0,0,0,0.714285714,0.285714286,0,0,1,0,0,0,0,0,0,0,0,0,0,0,0,0,525
"C2010",861,5,15,0,3,608,16140000,85760,0,0,0,0,0,0,1,0,0,0,0,0,0,0,0.6,0.4,0,0,1,0,0,0,0,0,0,0,0,0,0,0,0,0,690
"C1879",711,5,12,0,2,573,19819000,110850,0,0,0,0,0,0,1,0,0,0,0,0,0,0,0,0.6,0.4,0,1,0,0,0,0,0,0,0,0,0,0,0,0,0,713
"C1131",901,5,10,0,7,668,20645000,187660,0,0,0,0,0,0,1,0,0,0,0,0,0,0,0,0,1,0,1,0,0,0,0,0,0,0,0,0,0,0,0,0,1019
"C1468",815,5,17,0,1,574,16852000,95960,0,0,0,0,0,0,1,0,0,0,0,0,0,0,0.6,0.4,0,0,1,0,0,0,0,0,0,0,0,0,0,0,0,0,810
"C1213",312,13,8,0,6,224,15847500,91730,0,0,0,0,0,0,1,0,0,0,0,0,0,0,0.5,0.5,0,0,1,0,0,0,0,0,0,0,0,0,0,0,0,0,148
"C1173",571,15,7,0,2,483,18726000,149810,0,0,0,0,0,0,1,0,0,0,0,0,0,0,0.222222222,0.555555556,0.222222222,0,1,0,0,0,0,0,0,0,0,0,0,0,0,0,609
"C2492",594,4,23,0,5,480,18101000,127320,0,0,0,0,0,0,1,0,0,0,0,0,0,0,0.4,0,0.6,0,1,0,0,0,0,0,0,0,0,0,0,0,0,0,585
"C2032",944,3,23,0,1,958,31210000,187260,0,0,0,0,0,0,1,0,0,0,0,0,0,0,0,0,1,0,1,0,0,0,0,0,0,0,0,0,0,0,0,0,1162
"C2094",410,3,16,0,15.9,402,14742000,107060,0,0,0,0,0,0,1,0,0,0,0,0,0,0,0.571428571,0.428571429,0,0,1,0,0,0,0,0,0,0,0,0,0,0,0,0,318
"C1880",635,3,15,0,15.9,508,22628000,131980,0,0,0,0,0,0,1,0,0,0,0,0,0,0,0,0,1,0,1,0,0,0,0,0,0,0,0,0,0,0,0,0,761
"C2089",962,3,27,0,1,873,16722000,130060,0,0,0,0,0,0,1,0,0,0,0,0,0,0,0.5,0.166666667,0.333333333,0,1,0,0,0,0,0,0,0,0,0,0,0,0,0,572
"C1744",822,2,13,0,2,827,28214000,194210,0,0,0,0,0,0,1,0,0,0,0,0,0,0,0,0,1,0,1,0,0,0,0,0,0,0,0,0,0,0,0,0,979
"C2046",1129,2,10,0,4,1137,23970000,200055,0,0,0,0,0,0,1,0,0,0,0,0,0,0,0,0.5,0.5,0,1,0,0,0,0,0,0,0,0,0,0,0,0,0,1306
"C2071",1479,2,21,0,3,1488,21555000,179620,0,0,0,0,0,0,1,0,0,0,0,0,0,0,0.222222222,0.555555556,0.222222222,0,1,0,0,0,0,0,0,0,0,0,0,0,0,0,1398
"C2635",330,2,1,0,3,259,35455000,296720,0,0,0,0,0,0,1,0,0,0,0,0,0,0,0,0,1,0,1,0,0,0,0,0,0,0,0,0,0,0,0,0,442
"C2390",386,2,4,0,4,299,32146500,269150,0,0,0,0,0,0,1,0,0,0,0,0,0,0,0,0,1,0,1,0,0,0,0,0,0,0,0,0,0,0,0,0,422
"C2561",456,2,7,1,4,399,18301000,207140,0,0,0,0,0,0,1,0,0,0,0,0,0,0,0.25,0.5,0.25,0,1,0,0,0,0,0,0,0,0,0,0,0,0,0,441
"C1663",642,7,3,1,5,567,17362000,231540,0,0,0,0,0,0,1,0,0,0,0,0,0,0,0,0,1,0,1,0,0,0,0,0,0,0,0,0,0,0,0,0,700
"C2490",302,6,4,0,2,217,24639000,216870,0,0,0,0,0,0,1,0,0,0,0,0,0,0,0,0,1,0,1,0,0,0,0,0,0,0,0,0,0,0,0,0,340
"C2066",757,6,22,0,2,660,17651000,142450,0,0,0,0,0,0,1,0,0,0,0,0,0,0,0.5,0.5,0,0,0,1,0,0,0,0,0,0,0,0,0,0,0,0,503
"C1585",705,6,12,1,3,502,21657500,181760,0,0,0,0,0,0,1,0,0,0,0,0,0,0,0.5,0.5,0,0,1,0,0,0,0,0,0,0,0,0,0,0,0,0,718
"C2276",1072,7,18,0,4,894,17704000,165640,0,0,0,0,0,0,1,0,0,0,0,0,0,0,0,0,1,0,1,0,0,0,0,0,0,0,0,0,0,0,0,0,1159
"C1155",375,7,9,1,10,454,33448000,192000,0,0,0,0,0,0,1,0,0,0,0,0,0,0,0,0,1,0,1,0,0,0,0,0,0,0,0,0,0,0,0,0,373
"C1693",853,7,20,0,6,862,31210000,187260,0,0,0,0,0,0,1,0,0,0,0,0,0,0,0,0.25,0.75,0,1,0,0,0,0,0,0,0,0,0,0,0,0,0,1087
"C1889",1018,2,14,0,2,788,16652000,113375,0,0,0,0,0,0,1,0,0,0,0,0,0,0,0.25,0.25,0.5,0,1,0,0,0,0,0,0,0,0,0,0,0,0,0,808
"C2518",341,1,11,0,2,240,21419500,181735,0,0,0,0,0,0,1,0,0,0,0,0,0,0,0,0,1,0,1,0,0,0,0,0,0,0,0,0,0,0,0,0,305
"C1962",416,1,9,0,3,296,20970000,200800,0,0,0,0,0,0,1,0,0,0,0,0,0,0,0,0,1,0,1,0,0,0,0,0,0,0,0,0,0,0,0,0,401
"C1666",708,12,20,0,4,638,17989000,124030,0,0,0,0,0,0,1,0,0,0,0,0,0,0,0.333333333,0.444444444,0.222222222,0,1,0,0,0,0,0,0,0,0,0,0,0,0,0,465
"C1537",662,15,17,0,3,546,26642000,118820,0,0,0,0,0,0,1,0,0,0,0,0,0,0,0,0,1,0,1,0,0,0,0,0,0,0,0,0,0,0,0,0,669
"C1329",1002,8,30,0,2,775,19343000,144180,0,0,0,0,0,0,1,0,0,0,0,0,0,0,0.375,0.375,0.25,0,1,0,0,0,0,0,0,0,0,0,0,0,0,0,554
"C1762",462,13,4,0,2,325,18726000,104840,0,0,0,0,0,0,1,0,0,0,0,0,0,0,0,0,1,0,1,0,0,0,0,0,0,0,0,0,0,0,0,0,460
"C2008",781,2,7,2,5,663,23473000,238740,0,0,0,0,0,0,1,0,0,0,0,0,0,0,0.4,0.3,0.3,0,1,0,0,0,0,0,0,0,0,0,0,0,0,0,548
"C1319",496,3,16,0,1,428,13731000,122955,0,0,0,0,0,0,1,0,0,0,0,0,0.166666667,0,0.333333333,0.166666667,0.333333333,0,1,0,0,0,0,0,0,0,0,0,0,0,0,0,398
"C1141",630,3,28,0,2,637,13909000,98630,0,0,0,0,0,0,1,0,0,0,0,0,0,0,0.333333333,0.333333333,0.333333333,0,1,0,0,0,0,0,0,0,0,0,0,0,0,0,620
"C2340",512,9,15,0,3,362,32454000,281700,0,0,0,1,0,0,0,0,0,0,0,0,0,0,1,0,0,0,1,0,0,0,0,0,0,0,0,0,0,0,0,0,382
"C1929",492,15,19,0,4,426,17962000,148630,0,0,0,0,0,0,1,0,0,0,0,0,0,0,0.166666667,0.5,0.333333333,0,1,0,0,0,0,0,0,0,0,0,0,0,0,0,413
"C1681",534,2,9,0,7,465,34810000,257660,0,0,0,0,0,0,1,0,0,0,0,0,0,0,0.25,0.375,0.375,0,1,0,0,0,0,0,0,0,0,0,0,0,0,0,520
"C1184",458,2,4,0,3,403,34810000,257660,0,0,0,0,0,0,1,0,0,0,0,0,0,0,0.285714286,0.428571429,0.285714286,0,1,0,0,0,0,0,0,0,0,0,0,0,0,0,488
"C2383",762,2,14,0,3,661,34810000,257660,0,0,0,0,0,0,1,0,0,0,0,0,0,0,0.222222222,0.333333333,0.444444444,0,1,0,0,0,0,0,0,0,0,0,0,0,0,0,832
"C1579",1005,2,12,0,2,882,34810000,257660,0,0,0,0,0,0,1,0,0,0,0,0,0,0,0.333333333,0.333333333,0.333333333,0,1,0,0,0,0,0,0,0,0,0,0,0,0,0,1158
"C2173",775,2,4,1,2,665,40880000,277480,0,0,0,0,0,0,1,0,0,0,0,0,0,0,0.25,0.5,0.25,0,1,0,0,0,0,0,0,0,0,0,0,0,0,0,745
"C1911",890,8,21,1,2,985,28491000,235360,0,0,0,0,0,0,1,0,0,0,0,0,0,0,0,0,1,0,1,0,0,0,0,0,0,0,0,0,0,0,0,0,831
"C1638",494,13,10,0,6,358,20122000,98640,0,0,0,0,0,0,1,0,0,0,0,0,0,0,0,0.4,0.6,0,1,0,0,0,0,0,0,0,0,0,0,0,0,0,413
"C2412",571,12,10,0,2,492,22895000,138570,0,0,0,0,0,0,1,0,0,0,0,0,0,0,0.4,0.4,0.2,0,1,0,0,0,0,0,0,0,0,0,0,0,0,0,487
"C1871",550,12,15,0,4,385,12972000,78885,0,0,0,0,0,0,1,0,0,0,0,0,0,0,0.5,0.5,0,0,1,0,0,0,0,0,0,0,0,0,0,0,0,0,408
"C1309",383,12,15,0,4,385,18726000,100690,0,0,0,0,0,0,1,0,0,0,0,0,0,0,0.142857143,0.571428571,0.285714286,0,1,0,0,0,0,0,0,0,0,0,0,0,0,0,446
"C1527",996,4,23,0,4,834,19204000,154270,0,0,0,0,0,0,1,0,0,0,0,0,0,0,0,0.4,0.6,0,1,0,0,0,0,0,0,0,0,0,0,0,0,0,1150
"C2208",882,2,16,0,2,755,31958000,217210,0,0,0,0,0,0,1,0,0,0,0,0,0,0,0.25,0.5,0.25,0,1,0,0,0,0,0,0,0,0,0,0,0,0,0,840
"C1940",615,2,16,0,2,527,31711000,215550,0,0,0,0,0,0,1,0,0,0,0,0,0,0,0.166666667,0.666666667,0.166666667,0,1,0,0,0,0,0,0,0,0,0,0,0,0,0,709
"C2596",470,2,15,1,7,405,31958000,217210,0,0,0,0,0,0,1,0,0,0,0,0,0,0,0.142857143,0.571428571,0.285714286,0,1,0,0,0,0,0,0,0,0,0,0,0,0,0,480
"C2227",477,2,9,0,8,413,31711000,215550,0,0,0,0,0,0,1,0,0,0,0,0,0,0,0.285714286,0.428571429,0.285714286,0,1,0,0,0,0,0,0,0,0,0,0,0,0,0,505
"C2563",496,2,9,0,2,425,14614500,171570,0,0,0,0,0,0,1,0,0,0,0,0,0,0,0.5,0.5,0,0,1,0,0,0,0,0,0,0,0,0,0,0,0,0,449
"C2358",1260,3,24,0,8,941,20121000,127200,0,0,0,0,0,0,1,0,0,0,0,0,0,0,0.5,0.5,0,0,1,0,0,0,0,0,0,0,0,0,0,0,0,0,1010
"C1492",390,2,15,0,2,334,13979000,78780,0,0,0,0,0,0,1,0,0,0,0,0,0,0,0.428571429,0.571428571,0,0,1,0,0,0,0,0,0,0,0,0,0,0,0,0,296
"C1601",330,2,13,0,4,335,22793000,155340,0,0,0,0,0,0,1,0,0,0,0,0,0,0,0,0.666666667,0.333333333,0,1,0,0,0,0,0,0,0,0,0,0,0,0,0,308
"C1687",773,2,26,0,3,779,22173000,151110,0,0,0,0,0,0,1,0,0,0,0,0,0,0,0.272727273,0.727272727,0,0,1,0,0,0,0,0,0,0,0,0,0,0,0,0,349
"C1236",1124,2,29,0,2,1129,22173000,151110,0,0,0,0,0,0,1,0,0,0,0,0,0,0,0.25,0.75,0,0,1,0,0,0,0,0,0,0,0,0,0,0,0,0,657
"C1487",550,2,15,0,8,448,25592500,141510,0,0,0,0,0,0,1,0,0,0,0,0,0,0,0,0,1,0,1,0,0,0,0,0,0,0,0,0,0,0,0,0,505
"C1379",324,2,10,0,2,270,19819000,136250,0,0,0,0,0,0,1,0,0,0,0,0,0,0,0.25,0.75,0,0,1,0,0,0,0,0,0,0,0,0,0,0,0,0,294
"C1386",1497,12,15,0,5,1100,12392000,73320,0,0,0,0,0,0,1,0,0,0,0,0,0,0,0.538461538,0.461538462,0,0,1,0,0,0,0,0,0,0,0,0,0,0,0,0,1145
"C1656",531,12,7,0,2,480,16102000,113950,0,0,0,0,0,0,1,0,0,0,0,0,0,0,0.375,0.5,0.125,0,1,0,0,0,0,0,0,0,0,0,0,0,0,0,257
"C2526",355,4,16,0,2,291,17228000,117330,0,0,0,0,0,0,1,0,0,0,0,0,0,0,0.4,0,0.6,0,1,0,0,0,0,0,0,0,0,0,0,0,0,0,321
"C1022",389,2,4,0,4,352,24665000,221980,0,0,0,0,0,0,1,0,0,0,0,0,0,0,0,1,0,0,1,0,0,0,0,0,0,0,0,0,0,0,0,0,450
"C1896",712,2,3,0,2,658,24665000,221980,0,0,0,0,0,0,1,0,0,0,0,0,0,0,0.333333333,0.5,0.166666667,0,1,0,0,0,0,0,0,0,0,0,0,0,0,0,845
"C1269",561,2,1,0,3,572,19953000,193180,0,0,0,0,0,0,1,0,0,0,0,0,0,0,0.25,0.5,0.25,0,1,0,0,0,0,0,0,0,0,0,0,0,0,0,643
"C1916",816,2,2,1,4,822,20971000,202070,0,0,0,0,0,0,1,0,0,0,0,0,0,0,0.25,0.5,0.25,0,1,0,0,0,0,0,0,0,0,0,0,0,0,0,752
"C2070",898,2,6,0,3,909,21420000,206410,0,0,0,0,0,0,1,0,0,0,0,0,0,0,0.2,0.4,0.4,0,1,0,0,0,0,0,0,0,0,0,0,0,0,0,735
"C1967",581,2,6,0,3,530,17395000,201730,0,0,0,0,0,0,1,0,0,0,0,0,0,0,0.25,0.75,0,0,1,0,0,0,0,0,0,0,0,0,0,0,0,0,639
"C2021",851,2,7,0,3,771,15729000,188260,0,0,0,0,0,0,1,0,0,0,0,0,0,0,0.083333333,0.666666667,0.25,0,1,0,0,0,0,0,0,0,0,0,0,0,0,0,902
"C1143",693,2,3,1,11,717,15250000,165200,0,0,0,0,0,0,1,0,0,0,0,0,0,0,0.666666667,0.333333333,0,0,1,0,0,0,0,0,0,0,0,0,0,0,0,0,632
"C2188",136,2,3,0,2,136,19221000,175780,0,0,0,0,0,0,1,0,0,0,0,0,0,0,1,0,0,0,1,0,0,0,0,0,0,0,0,0,0,0,0,0,125
"C2651",225,2,5,0,2,277,20779500,193180,0,0,0,0,0,0,1,0,0,0,0,0,0,0,0.5,0.5,0,0,1,0,0,0,0,0,0,0,0,0,0,0,0,0,282
"C2657",866,2,7,0,4,692,34082000,232200,0,0,0,0,0,0,1,0,0,0,0,0,0,0,0.142857143,0.571428571,0.285714286,0,1,0,0,0,0,0,0,0,0,0,0,0,0,0,782
"C2527",383,2,8,0,3,317,34082000,232200,0,0,0,0,0,0,1,0,0,0,0,0,0,0,0.2,0.4,0.4,0,1,0,0,0,0,0,0,0,0,0,0,0,0,0,375
"C2262",720,11,30,0,4,581,24775000,185810,0,0,0,0,0,0,1,0,0,0,0,0,0,0,0.375,0.375,0.25,0,1,0,0,0,0,0,0,0,0,0,0,0,0,0,540
"C1084",280,4,2,0,2,280,16104000,109840,0,0,0,0,0,0,1,0,0,0,0,0,0,0,0.333333333,0.333333333,0.333333333,0,1,0,0,0,0,0,0,0,0,0,0,0,0,0,226
"C2530",307,1,19,0,5,296,28491000,222970,0,0,0,0,0,0,1,0,0,0,0,0,0,0,0.333333333,0.333333333,0.333333333,0,1,0,0,0,0,0,0,0,0,0,0,0,0,0,302
"C1046",232,1,9,0,4,195,13625000,161020,0,0,0,0,0,0,1,0,0,0,0,0,0,0,0.666666667,0,0.333333333,0,1,0,0,0,0,0,0,0,0,0,0,0,0,0,156
"C1761",602,1,18,0,2,715,19661000,212840,0,0,0,0,0,0,1,0,0,0,0,0,0,0,0.166666667,0.5,0.333333333,0,1,0,0,0,0,0,0,0,0,0,0,0,0,0,730
"C1102",522,1,21,0,7,525,17342000,208110,0,0,0,0,0,0,1,0,0,0,0,0,0,0,0.333333333,0.333333333,0.333333333,0,1,0,0,0,0,0,0,0,0,0,0,0,0,0,417
"C2420",457,6,3,1,8,537,25468000,174770,0,0,0,0,0,0,1,0,0,0,0,0,0,0,0.285714286,0.285714286,0.428571429,0,1,0,0,0,0,0,0,0,0,0,0,0,0,0,505
"C1122",808,6,7,2,2,728,24093000,164770,0,0,0,0,0,0,1,0,0,0,0,0,0,0,0.428571429,0.571428571,0,0,1,0,0,0,0,0,0,0,0,0,0,0,0,0,1077
"C2042",712,6,13,2,7,641,24093000,164770,0,0,0,0,0,0,1,0,0,0,0,0,0,0,0.2,0.8,0,0,1,0,0,0,0,0,0,0,0,0,0,0,0,0,757
"C1375",757,3,21,0,12,761,22471000,137310,0,0,0,0,0,0,1,0,0,0,0,0,0,0,0,0.571428571,0.428571429,0,1,0,0,0,0,0,0,0,0,0,0,0,0,0,754
"C1410",356,16,10,0,3,550,9154000,76260,0,0,0,0,0,0,1,0,0,0,0,0,0,0,0.666666667,0,0.333333333,0,1,0,0,0,0,0,0,0,0,0,0,0,0,0,815
"C1641",283,3,8,0,1,227,12980000,114225,0,0,0,0,0,0,1,0,0,0,0,0,0,0,0.25,0.25,0.5,0,1,0,0,0,0,0,0,0,0,0,0,0,0,0,268
"C1706",467,2,7,1,5,403,29086000,249130,0,0,0,0,0,0,1,0,0,0,0,0,0,0,0.4,0,0.6,0,1,0,0,0,0,0,0,0,0,0,0,0,0,0,362
"C1307",506,2,9,0,3,436,31834000,240930,0,0,0,0,0,0,1,0,0,0,0,0,0,0,0.25,0.375,0.375,0,1,0,0,0,0,0,0,0,0,0,0,0,0,0,504
"C2601",243,2,7,0,3,214,41697000,284650,0,0,0,0,0,0,1,0,0,0,0,0,0,0,0,0,1,0,1,0,0,0,0,0,0,0,0,0,0,0,0,0,281
"C1085",525,2,4,0,2,422,15776000,133610,0,0,0,0,0,0,1,0,0,0,0,0,0,0,0.5,0.5,0,0,1,0,0,0,0,0,0,0,0,0,0,0,0,0,521
"C2385",445,2,4,0,4,404,27996000,191380,0,0,0,0,0,0,1,0,0,0,0,0,0,0,0,0.5,0.5,0,1,0,0,0,0,0,0,0,0,0,0,0,0,0,552
"C1059",514,13,7,0,8,362,16954000,103410,0,0,0,0,0,0,1,0,0,0,0,0,0,0,0.5,0.5,0,0,1,0,0,0,0,0,0,0,0,0,0,0,0,0,246
"C2162",374,13,7,0,1,281,18425000,102350,0,0,0,0,0,0,1,0,0,0,0,0,0,0,0,0,1,0,1,0,0,0,0,0,0,0,0,0,0,0,0,0,347
"C1819",330,12,15,0,1,253,16213000,110960,0,0,0,0,0,0,1,0,0,0,0,0,0,0,0,0,1,0,1,0,0,0,0,0,0,0,0,0,0,0,0,0,272
"C2325",378,13,3,0,1,265,15360000,85460,0,0,0,0,0,0,1,0,0,0,0,0,0,0,0.2,0.4,0.4,0,1,0,0,0,0,0,0,0,0,0,0,0,0,0,293
"C2394",277,15,20,0,2,222,65856600,42300,0,0,0,0,0,0,1,0,0,0,0,0,0,0,0.375,0.375,0.25,0,0.375,0,0,0,0.625,0,0,0,0,0,0,0,0,0,254
"C1133",856,13,10,0,3,777,22297000,130055,0,0,0,0,0,0,1,0,0,0,0,0,0,0.166666667,0.333333333,0.333333333,0.166666667,0,1,0,0,0,0,0,0,0,0,0,0,0,0,0,842
"C1281",646,13,4,0,3,583,17342000,105280,0,0,0,0,0,0,1,0,0,0,0,0,0,0.2,0.4,0.4,0,0,1,0,0,0,0,0,0,0,0,0,0,0,0,0,484
"C1194",511,14,3,0,4,413,18968000,209910,0,0,0,0,0,0,1,0,0,0,0,0,0,0,0,0,1,0,1,0,0,0,0,0,0,0,0,0,0,0,0,0,585
"C2308",285,1,3,0,1,200,12646000,187150,0,0,0,0,0,0,1,0,0,0,0,0,0,0,0,0,1,0,1,0,0,0,0,0,0,0,0,0,0,0,0,0,244
"C2036",256,1,2,0,1,199,17477000,106090,0,0,0,0,0,0,1,0,0,0,0,0,0,0,0,0.75,0.25,0,1,0,0,0,0,0,0,0,0,0,0,0,0,0,258
"C1394",466,13,0,0,1,329,12558000,93255,0,0,0,0,0,0,1,0,0,0,0,0,0,0,0.5,0.5,0,0,1,0,0,0,0,0,0,0,0,0,0,0,0,0,271
"C1180",314,13,15,0,1,241,16789000,93530,0,0,0,0,0,0,1,0,0,0,0,0,0,0,0,0,1,0,1,0,0,0,0,0,0,0,0,0,0,0,0,0,311
"C2503",382,14,7,0,2,306,15249500,123895,0,0,0,0,0,0,1,0,0,0,0,0,0,0,0.5,0.5,0,0,1,0,0,0,0,0,0,0,0,0,0,0,0,0,327
"C1907",212,14,7,0,3,163,12386000,103725,0,0,0,0,0,0,1,0,0,0,0,0,0,0,0.5,0.5,0,0,1,0,0,0,0,0,0,0,0,0,0,0,0,0,207
"C2181",872,16,15,0,6,733,14863000,133780,0,0,0,0,0,0,1,0,0,0,0,0,0,0,0.333333333,0.333333333,0.333333333,0,1,0,0,0,0,0,0,0,0,0,0,0,0,0,683
"C1768",508,16,4,0,1,370,15728500,149175,0,0,0,0,0,0,1,0,0,0,0,0,0,0,0,0,1,0,1,0,0,0,0,0,0,0,0,0,0,0,0,0,670
"C1783",594,6,16,1,6,596,23496000,160960,0,0,0,0,0,0,1,0,0,0,0,0,0,0,0.2,0.6,0.2,0,1,0,0,0,0,0,0,0,0,0,0,0,0,0,570
"C2192",514,16,16,0,2,442,11147000,100320,0,0,0,0,0,0,1,0,0,0,0,0,0,0.2,0.4,0.4,0,0,1,0,0,0,0,0,0,0,0,0,0,0,0,0,324
"C2346",558,16,12,0,3,449,16168000,141080,0,0,0,0,0,0,1,0,0,0,0,0,0,0,0,0.4,0.6,0,1,0,0,0,0,0,0,0,0,0,0,0,0,0,553
"C2680",758,3,19,0,7,564,25293000,145410,0,0,0,0,0,0,1,0,0,0,0,0,0,0,0.333333333,0.666666667,0,0,1,0,0,0,0,0,0,0,0,0,0,0,0,0,590
"C2631",812,3,2,0,3,612,20525000,102620,0,0,0,0,0,0,1,0,0,0,0,0,0,0,0.428571429,0.428571429,0.142857143,0,1,0,0,0,0,0,0,0,0,0,0,0,0,0,638
"C2141",504,3,2,0,6,445,27872000,216780,0,0,0,0,0,0,1,0,0,0,0,0,0,0,0.25,0.75,0,0,1,0,0,0,0,0,0,0,0,0,0,0,0,0,495
"C1569",631,3,8,0,3,442,12571000,87980,0,0,0,0,0,0,1,0,0,0,0,0,0,0,0.714285714,0.285714286,0,0,1,0,0,0,0,0,0,0,0,0,0,0,0,0,528
"C2099",332,1,3,0,2,258,12483000,102350,0,0,0,0,0,0,1,0,0,0,0,0,0,0,0.2,0.6,0.2,0,1,0,0,0,0,0,0,0,0,0,0,0,0,0,383
"C2287",409,16,18,0,3,330,13759000,113560,0,0,0,0,0,0,1,0,0,0,0,0,0,0,0.285714286,0.428571429,0.285714286,0,1,0,0,0,0,0,0,0,0,0,0,0,0,0,284
"C2055",773,16,22,0,4,817,24350000,170980,0,0,0,0,0,0,1,0,0,0,0,0,0,0,0.333333333,0.333333333,0.333333333,0,1,0,0,0,0,0,0,0,0,0,0,0,0,0,723
"C1428",375,1,6,0,2,360,21221000,168520,0,0,0,0,0,0,1,0,0,0,0,0,0,0,0.142857143,0.571428571,0.285714286,0,1,0,0,0,0,0,0,0,0,0,0,0,0,0,333
"C2522",747,1,13,0,2,698,22471000,168520,0,0,0,0,0,0,1,0,0,0,0,0,0,0,0.285714286,0.428571429,0.285714286,0,1,0,0,0,0,0,0,0,0,0,0,0,0,0,610
"C2560",372,1,3,0,1,374,17387000,222560,0,0,0,0,0,0,1,0,0,0,0,0,0,0,0,0,1,0,1,0,0,0,0,0,0,0,0,0,0,0,0,0,481
"C2068",434,1,3,0,1,384,20523500,244050,0,0,0,0,0,0,1,0,0,0,0,0,0,0,0,0,1,0,1,0,0,0,0,0,0,0,0,0,0,0,0,0,594
"C2603",538,16,9,0,2,393,16465000,118980,0,0,0,0,0,0,1,0,0,0,0,0,0,0,0,0.666666667,0.333333333,0,1,0,0,0,0,0,0,0,0,0,0,0,0,0,509
"C1965",498,16,13,0,5,480,17342000,131290,0,0,0,0,0,0,1,0,0,0,0,0,0,0,0.4,0.4,0.2,0,1,0,0,0,0,0,0,0,0,0,0,0,0,0,500
"C1660",718,3,13,0,3,550,14213000,94750,0,0,0,0,0,0,1,0,0,0,0,0,0,0,0.375,0.375,0.25,0,1,0,0,0,0,0,0,0,0,0,0,0,0,0,512
"C2378",818,2,25,0,12,640,19384500,247590,0,0,0,0,0,0,1,0,0,0,0,0,0,0,0,0,1,0,1,0,0,0,0,0,0,0,0,0,0,0,0,0,901
"C1268",1035,2,21,0,15.9,911,18175000,194720,0,0,0,0,0,0,1,0,0,0,0,0,0,0,0.333333333,0.333333333,0.333333333,0,1,0,0,0,0,0,0,0,0,0,0,0,0,0,934
"C1994",431,3,3,0,1,319,16263500,105705,0,0,0,0,0,0,1,0,0,0,0,0,0,0,0,0.5,0.5,0,1,0,0,0,0,0,0,0,0,0,0,0,0,0,496
"C1837",467,3,21,0,4,366,18075000,144590,0,0,0,0,0,0,1,0,0,0,0,0,0,0.333333333,0,0.333333333,0.333333333,0,1,0,0,0,0,0,0,0,0,0,0,0,0,0,398
"C1000",566,16,10,0,1,438,14404000,129640,0,0,0,0,0,0,1,0,0,0,0,0,0,0,0.428571429,0.285714286,0.285714286,0,1,0,0,0,0,0,0,0,0,0,0,0,0,0,481
"C1465",861,16,26,0,4,812,20562500,155455,0,0,0,0,0,0,1,0,0,0,0,0,0,0,0.5,0.5,0,0,1,0,0,0,0,0,0,0,0,0,0,0,0,0,557
"C1448",1116,5,25,0,2,1050,32208000,175900,0,0,0,0,0,0,1,0,0,0,0,0,0,0,0,0.444444444,0.555555556,0,1,0,0,0,0,0,0,0,0,0,0,0,0,0,1284
"C1516",456,12,8,0,1,367,8050000,65630,0,0,0,0,0,0,1,0,0,0,0,0,0,0,0.6,0.4,0,0,0,1,0,0,0,0,0,0,0,0,0,0,0,0,475
"C2670",648,13,9,0,2,600,14863000,111470,0,0,0,0,0,0,1,0,0,0,0,0,0,0.2,0.6,0,0.2,0,1,0,0,0,0,0,0,0,0,0,0,0,0,0,435
"C1365",875,2,5,0,2,903,53420500,340925,0,0,0,0,0,0,1,0,0,0,0,0,0,0,0.2,0.1,0.7,0,0,0,0,0,0,0,0,1,0,0,0,0,0,0,945
"C1177",1668,7,17,1,10,1687.1,24775000,172190,0,0,0,0,0,0,1,0,0,0,0,0,0,0.1875,0.4375,0.1875,0.1875,0,1,0,0,0,0,0,0,0,0,0,0,0,0,0,1044
"C1360",443,4,22,0,2,362,17281000,126720,0,0,0,0,0,0,1,0,0,0,0,0,0,0.166666667,0,0.5,0.333333333,0,1,0,0,0,0,0,0,0,0,0,0,0,0,0,375
"C2488",1215,5,28,0,4,1105,77079425.0000001,43380,0,0,0,0,0,0,1,0,0,0,0,0,0,0,0.375,0.625,0,0,0.375,0,0,0,0.625,0,0,0,0,0,0,0,0,0,1023
"C1406",1647,7,13,0,2,1687.1,30969500,157925,0,0,0,0,0,0,1,0,0,0,0,0,0,0.285714286,0.214285714,0.214285714,0.285714286,0,1,0,0,0,0,0,0,0,0,0,0,0,0,0,1350
"C1566",462,12,13,0,6,387,15005000,105605,0,0,0,0,0,0,1,0,0,0,0,0,0,0,0.5,0.333333333,0.166666667,0,1,0,0,0,0,0,0,0,0,0,0,0,0,0,284
"C1227",806,3,7,0,1,707,32443000,264350,0,0,0,0,0,0,1,0,0,0,0,0,0.222222222,0,0.222222222,0.333333333,0.222222222,0,1,0,0,0,0,0,0,0,0,0,0,0,0,0,823
"C2460",1017,2,17,0,3,879,45747000,312060,0,0,0,0,0,0,1,0,0,0,0,0,0.166666667,0,0.166666667,0.5,0.166666667,0,0.666666667,0,0,0,0,0,0,0.333333333,0,0,0,0,0,0,793
"C2486",589,3,2,0,4,515,23430500,231300,0,0,0,0,0,0,1,0,0,0,0,0,0.2,0,0.3,0.3,0.2,0,1,0,0,0,0,0,0,0,0,0,0,0,0,0,587
"C2106",504,16,18,0,2,434,11533000,102130,0,0,0,0,0,0,1,0,0,0,0,0,0,0.2,0.4,0.4,0,0,1,0,0,0,0,0,0,0,0,0,0,0,0,0,353
"C1572",937,3,32,0,3,770,12254000,93710,0,0,0,0,0,0,1,0,0,0,0,0,0,0.333333333,0.333333333,0.166666667,0.166666667,0,0.666666667,0,0,0,0.333333333,0,0,0,0,0,0,0,0,0,479
"C1773",840,2,15,0,4,772,41505000,326760,0,0,0,0,0,0,1,0,0,0,0,0,0.111111111,0,0.222222222,0.444444444,0.222222222,0,1,0,0,0,0,0,0,0,0,0,0,0,0,0,614
"C1677",1144,2,9,0,4,1039,36242000,301540,0,0,0,0,0,0,1,0,0,0,0,0,0.181818182,0,0.272727273,0.272727273,0.272727273,0,0,0,0,0,0,0,0,1,0,0,0,0,0,0,1101
"C1823",553,16,14,0,3,584,25224000,183450,0,0,0,0,0,0,1,0,0,0,0,0,0,0,0.333333333,0.666666667,0,0,1,0,0,0,0,0,0,0,0,0,0,0,0,0,652
"C1344",424,9,0,0,3,467,77079425.0000001,366015,0,0,0.333333333,0,0,0.666666667,0,0,0,0,0,0,0,0,0,0,0.333333333,0.666666667,1,0,0,0,0,0,0,0,0,0,0,0,0,0,509
"C2692",499,4,19,0,2,409,18173000,132170,0,0,0,0,0,0,1,0,0,0,0,0,0,0,0.4,0.4,0.2,0,1,0,0,0,0,0,0,0,0,0,0,0,0,0,437
"C2505",200,4,2,0,2,153,8598000,74510,0,0,0,0,0,0,1,0,0,0,0,0,0,0,0.6,0.4,0,0,1,0,0,0,0,0,0,0,0,0,0,0,0,0,163
"C2587",603,4,23,0,3,506,19897000,135210,0,0,0,0,0,0,1,0,0,0,0,0,0,0,0.428571429,0.285714286,0.285714286,0,1,0,0,0,0,0,0,0,0,0,0,0,0,0,589
"C2127",700,3,21,0,2,592,20802000,174930,0,0,0,0,0,0,1,0,0,0,0,0,0,0,0.333333333,0.5,0.166666667,0,1,0,0,0,0,0,0,0,0,0,0,0,0,0,403
"C1316",107,15,7,0,2,27,27043800,88350,0,0,0,0,0,0,1,0,0,0,0,0,0,0.5,0,0,0.5,0,0.5,0,0,0,0.5,0,0,0,0,0,0,0,0,0,22
"C1674",318,12,4,0,1,262,13592500,108740,0,0,0,0,0,0,1,0,0,0,0,0,0,0,0.5,0.5,0,0,1,0,0,0,0,0,0,0,0,0,0,0,0,0,322
"C1713",656,3,2,0,1,527,10923000,117270,0,0,0,0,0,0,1,0,0,0,0,0,0,0,0.666666667,0.166666667,0.166666667,0,1,0,0,0,0,0,0,0,0,0,0,0,0,0,566
"C1845",306,1,0,0,3,248,26005000,244670,0,0,0,0,0,0,1,0,0,0,0,0,0,0,0.25,0.5,0.25,0,1,0,0,0,0,0,0,0,0,0,0,0,0,0,277
"C2082",970,2,19,0,2,845,48844000,332510,0,0,0,0,0,0,1,0,0,0,0,0,0.166666667,0,0.166666667,0.5,0.166666667,0,1,0,0,0,0,0,0,0,0,0,0,0,0,0,822
"C1328",992,2,36,0,15,871,77079425.0000001,75250,0,0,0,0,0,0,1,0,0,0,0,0,0.090909091,0,0.363636364,0.363636364,0.181818182,0,0.454545455,0,0,0,0.545454545,0,0,0,0,0,0,0,0,0,770
"C2357",533,8,25,1,2,484,32287500,309750,0,0,0,0,0,0,1,0,0,0,0,0,0,0.166666667,0.333333333,0.333333333,0.166666667,0,0.666666667,0,0,0,0.166666667,0,0.166666667,0,0,0,0,0,0,0,345
"C2565",1006,4,33,0,3,915,20221000,176230,0,0,0,0,0,0,1,0,0,0,0,0,0,0,0.25,0.5,0.25,0,1,0,0,0,0,0,0,0,0,0,0,0,0,0,1090
"C1804",478,2,3,0,3,629,77079425.0000001,590000,0,0,1,0,0,0,0,0,0,0,0,0,0,0,0,0,0,1,1,0,0,0,0,0,0,0,0,0,0,0,0,0,951
"C2255",560,15,2,0,2,400,9755500,85710,0,0,0,0,0,0,0.666666667,0.333333333,0,0,0,0.166666667,0.5,0,0.166666667,0.166666667,0,0,0.666666667,0,0,0,0.166666667,0,0,0,0.166666667,0,0,0,0,0,410
"C1343",600,2,8,1,4,528,24814000,222200,0,0,0,0,0,0,1,0,0,0,0,0,0,0,0.333333333,0.333333333,0.333333333,0,1,0,0,0,0,0,0,0,0,0,0,0,0,0,549
"C1987",291,8,26,3,4,257,44387000,368980,0,0,0,0,0,0,1,0,0,0,0,0,0,0,0,0.666666667,0.333333333,0,1,0,0,0,0,0,0,0,0,0,0,0,0,0,166
"C2479",679,2,13,0,2,615,36095000,298900,0,0,0,0,0,0,1,0,0,0,0,0,0,0,0.285714286,0.428571429,0.285714286,0,1,0,0,0,0,0,0,0,0,0,0,0,0,0,647
"C2352",1065,9,7,0,4,879,21015000,262700,0,0,0,0,0,0,0.7,0.3,0,0,0,0.1,0.2,0,0.3,0.4,0,0,0.7,0,0,0,0,0,0,0,0.3,0,0,0,0,0,793
"C1310",1037,1,17,0,6,936,23687000,204150,0,0,0,0,0,0,1,0,0,0,0,0,0.111111111,0,0.333333333,0.222222222,0.333333333,0,1,0,0,0,0,0,0,0,0,0,0,0,0,0,1084
"C1738",715,3,13,0,3,582,16288000,124800,0,0,0,0,0,0,1,0,0,0,0,0,0,0,0.5,0.25,0.25,0,1,0,0,0,0,0,0,0,0,0,0,0,0,0,682
"C1039",790,9,13,0,3,673,21024000,256040,0,0,0,0,0,0,0.545454545,0.181818182,0,0.272727273,0,0,0.181818182,0.090909091,0.272727273,0.181818182,0.272727273,0,0.818181818,0,0,0,0,0,0,0,0.181818182,0,0,0,0,0,645
"C1863",1099,16,24,0,4,1154,20493000,165865,0,0,0,0,0,0,1,0,0,0,0,0,0.125,0,0.375,0.5,0,0,1,0,0,0,0,0,0,0,0,0,0,0,0,0,733
"C1426",374,4,2,0,2,321,9984000,144820,0,0,0,0,0,0,1,0,0,0,0,0,0.2,0,0.6,0,0.2,0,1,0,0,0,0,0,0,0,0,0,0,0,0,0,262
"C2659",504,2,3,1,3,438,15791000,166930,0,0,0,0,0,0,0.545454545,0.454545455,0,0,0,0.181818182,0.454545455,0,0.272727273,0.090909091,0,0,0.545454545,0,0,0,0,0,0,0,0.454545455,0,0,0,0,0,365
"C2489",1128,8,36,0,4,951,23733000,285500,0,0,0,0,0,0,1,0,0,0,0,0,0,0,0,0.333333333,0.666666667,0,1,0,0,0,0,0,0,0,0,0,0,0,0,0,950
"C2211",304,12,4,0,1,230,8778000,85580,0,0,0,0,0,0,1,0,0,0,0,0,0,0,0.666666667,0.333333333,0,0,1,0,0,0,0,0,0,0,0,0,0,0,0,0,244
"C2314",600,7,13,0,2,360,12089000,153020,0,0,0,0,0,0,0.571428571,0.428571429,0,0,0,0.285714286,0.142857143,0.285714286,0.142857143,0.142857143,0,0,0.571428571,0,0,0,0,0,0,0,0.428571429,0,0,0,0,0,343
"C1861",690,13,16,0,3,652,12460000,166685,0,0,0,0,0,0,1,0,0,0,0,0,0.5,0,0,0.25,0.25,0,1,0,0,0,0,0,0,0,0,0,0,0,0,0,613
"C2389",690,16,21,0,3,694,13335000,120230,0,0,0,0,0,0,1,0,0,0,0,0,0,0.333333333,0,0.333333333,0.333333333,0,1,0,0,0,0,0,0,0,0,0,0,0,0,0,561
"C1490",749,16,24,0,3,759,31342500,393750,0,0,1,0,0,0,0,0,0,0,0,0,0,0,0,0,0,1,1,0,0,0,0,0,0,0,0,0,0,0,0,0,899
"C1024",680,9,2,0,3,877,77079425.0000001,590000,0,0,1,0,0,0,0,0,0,0,0,0,0,0,0,0,0.1,0.9,1,0,0,0,0,0,0,0,0,0,0,0,0,0,957
"C1788",376,3,28,0,3,380,32500000,365000,0,0,1,0,0,0,0,0,0,0,0,0,0,0,0,0,1,0,1,0,0,0,0,0,0,0,0,0,0,0,0,0,412
"C1740",783,4,29,0,6,978,33400000,483000,0,0,1,0,0,0,0,0,0,0,0,0,0,0,0,0,0.5,0.5,1,0,0,0,0,0,0,0,0,0,0,0,0,0,979
"C2620",1029,12,28,0,6,1061,27274000,535000,0,0,1,0,0,0,0,0,0,0,0,0,0,0,0,0,0.4,0.6,1,0,0,0,0,0,0,0,0,0,0,0,0,0,1709
"C1286",919,12,27,0,2,988,35700000,590000,0,0,1,0,0,0,0,0,0,0,0,0,0,0,0,0,0,1,1,0,0,0,0,0,0,0,0,0,0,0,0,0,881
"C1089",368,12,14,0,2,285,14264000,120690,0,0,0,0,0,0,1,0,0,0,0,0,0,0,0.333333333,0.333333333,0.333333333,0,1,0,0,0,0,0,0,0,0,0,0,0,0,0,309
"C2237",70,15,7,0,2,50,8564000,58460,0,0,0,0,0,0,1,0,0,0,0,0,0,0,0.666666667,0.333333333,0,0,1,0,0,0,0,0,0,0,0,0,0,0,0,0,55
"C1341",922,5,7,0,1,731,12947000,161290,0,0,0,0,0,0,0.777777778,0.222222222,0,0,0,0.222222222,0,0,0.666666667,0.111111111,0,0,0.777777778,0,0,0,0,0,0,0,0.222222222,0,0,0,0,0,442
"C1338",622,8,13,1,3,551,28856000,241560,0,0,0,0,0,0,1,0,0,0,0,0,0,0,0,0.8,0.2,0,1,0,0,0,0,0,0,0,0,0,0,0,0,0,551
"C2405",600,3,22,0,8,728,36113000,590000,0,0,1,0,0,0,0,0,0,0,0,0,0,0,0,0,0,1,1,0,0,0,0,0,0,0,0,0,0,0,0,0,1240
"C1969",1366,6,29,0,2,1192,11333000,149740,0,0,0,0,0,0,0.666666667,0.333333333,0,0,0,0,0.5,0,0.333333333,0.166666667,0,0,0.666666667,0,0.333333333,0,0,0,0,0,0,0,0,0,0,0,886
"C2274",1122,16,34,0,3,1182,15046000,141680,0,0,0,0,0,0,1,0,0,0,0,0,0.285714286,0,0.428571429,0.285714286,0,0,1,0,0,0,0,0,0,0,0,0,0,0,0,0,713
"C1699",752,2,7,0,7,680,37163000,295120,0,0,0,0,0,0,1,0,0,0,0,0,0,0,0.142857143,0.428571429,0.428571429,0,1,0,0,0,0,0,0,0,0,0,0,0,0,0,606
"C2251",886,2,16,0,3,809,36036000,283920,0,0,0,0,0,0,1,0,0,0,0,0,0.090909091,0,0.181818182,0.545454545,0.181818182,0,0,0,0,0,0,0,0,1,0,0,0,0,0,0,870
"C1340",552,13,21,0,3,523,9247000,180350,0,0,0,0,0,0,1,0,0,0,0,0,0.4,0,0.4,0.2,0,0,1,0,0,0,0,0,0,0,0,0,0,0,0,0,410
"C2373",850,14,9,0,5,948,20269000,217735,0,0,0,0,0,0,1,0,0,0,0,0,0,0,0.5,0.333333333,0.166666667,0,1,0,0,0,0,0,0,0,0,0,0,0,0,0,800
"C1455",432,1,2,0,5,349,7527000,168810,0,0,0,0,0,0,1,0,0,0,0,0,0.333333333,0,0.333333333,0.333333333,0,0,1,0,0,0,0,0,0,0,0,0,0,0,0,0,420
"C2137",960,4,30,0,8,876,9450000,154350,0,0,0,0,0,0,1,0,0,0,0,0,0.333333333,0,0.333333333,0.333333333,0,0,0.666666667,0,0,0,0.333333333,0,0,0,0,0,0,0,0,0,752
"C1985",874,12,28,0,4,722,13655500,194620,0,0,0,0,0,0,1,0,0,0,0,0,0,0,0.5,0.25,0.25,0,1,0,0,0,0,0,0,0,0,0,0,0,0,0,630
"C2583",1106,7,21,0,2,752,11397000,193550,0,0,0,0,0,0,0.545454545,0.454545455,0,0,0,0.090909091,0.363636364,0,0.363636364,0.181818182,0,0,0.545454545,0,0,0,0,0,0,0,0.454545455,0,0,0,0,0,982
"C2663",772,2,14,0,3,700,29621000,276540,0,0,0,0,0,0,1,0,0,0,0,0,0.166666667,0,0.333333333,0.333333333,0.166666667,0,0,0,0,0,0,0,0,1,0,0,0,0,0,0,652
"C2450",483,2,8,0,5,437,39349000,312610,0,0,0,0,0,0,1,0,0,0,0,0,0,0,0.166666667,0.5,0.333333333,0,0,0,0,0,0,0,0,1,0,0,0,0,0,0,451
"C2329",1028,6,24,0,5,973,20870000,276345,0,0,0,0,0,0,1,0,0,0,0,0,0.25,0,0.25,0.25,0.25,0,1,0,0,0,0,0,0,0,0,0,0,0,0,0,821
"C1834",326,1,4,0,1,268,16129000,174190,0,0,0,0,0,0,1,0,0,0,0,0,0,0,0.333333333,0.333333333,0.333333333,0,1,0,0,0,0,0,0,0,0,0,0,0,0,0,255
"C1848",532,5,9,0,3,660,41253000,510510,0,0,1,0,0,0,0,0,0,0,0,0,0,0,0,0,1,0,1,0,0,0,0,0,0,0,0,0,0,0,0,0,625
"C1743",791,6,16,1,1,944,3.3e+07,495000,0,0,1,0,0,0,0,0,0,0,0,0,0,0,0,0,0,1,1,0,0,0,0,0,0,0,0,0,0,0,0,0,1653
"C1350",1401,7,2,0,6,1636,37474000,170940,0,0.538461538,0.230769231,0,0,0.230769231,0,0,0,0,0,0,0,0,0,0,0.461538462,0.538461538,0.461538462,0,0,0.538461538,0,0,0,0,0,0,0,0,0,0,2315
"C1402",344,16,16,0,2,344,4.5e+07,480000,0,0,1,0,0,0,0,0,0,0,0,0,0,0,0,0,0.4,0.6,1,0,0,0,0,0,0,0,0,0,0,0,0,0,498
"C1103",935,1,31,0,2,939,15591000,220430,0,0,0,0,0,0,1,0,0,0,0,0,0.25,0,0.25,0.25,0.25,0,1,0,0,0,0,0,0,0,0,0,0,0,0,0,787
"C1129",1444,2,2,1,10,1275,54132000,520500,0,0,1,0,0,0,0,0,0,0,0,0,0,0,0,0,1,0,1,0,0,0,0,0,0,0,0,0,0,0,0,0,1668
"C1027",452,3,21,0,5,461,26851000,306450,0,0,0,0,0,0,1,0,0,0,0,0,0,0.2,0.2,0.6,0,0,1,0,0,0,0,0,0,0,0,0,0,0,0,0,207
"C2377",1105,3,22,0,3,1110,26673000,305370,0,0,0,0,0,0,1,0,0,0,0,0,0,0.166666667,0.166666667,0.333333333,0.333333333,0,1,0,0,0,0,0,0,0,0,0,0,0,0,0,579
"C2661",354,14,12,0,6,297,10215000,186010,0,0,0,0,0,0,1,0,0,0,0,0,0.333333333,0,0.333333333,0.333333333,0,0,1,0,0,0,0,0,0,0,0,0,0,0,0,0,330
"C1263",268,16,4,0,5,214,7204000,124720,0,0,0,0,0,0,1,0,0,0,0,0,0.4,0,0.4,0.2,0,0,1,0,0,0,0,0,0,0,0,0,0,0,0,0,217
"C1136",984,2,31,0,15.9,865,71409500,109420,0,0,0,0,0,0,1,0,0,0,0,0,0.25,0,0.25,0.25,0.25,0,0.5,0,0,0,0.5,0,0,0,0,0,0,0,0,0,763
"C2605",624,1,6,0,3,535,22581000,263440,0,0,0,0,0,0,1,0,0,0,0,0,0,0,0.333333333,0.666666667,0,0,1,0,0,0,0,0,0,0,0,0,0,0,0,0,572
"C2393",1546,2,1,1,2,1176,18225000,215050,0,0,0,0,0,0,0.615384615,0.384615385,0,0,0,0,0.230769231,0.153846154,0.307692308,0.307692308,0,0,0.307692308,0,0,0,0,0,0,0.307692308,0.384615385,0,0,0,0,0,922
"C1673",640,16,22,0,1,549,9461000,160210,0,0,0,0,0,0,1,0,0,0,0,0,0.4,0,0.2,0.4,0,0,1,0,0,0,0,0,0,0,0,0,0,0,0,0,526
"C1017",1460,7,27,0,2,1534,15198000,227970,0,0,0,0,0,0,1,0,0,0,0,0,0.333333333,0,0.333333333,0.333333333,0,0,1,0,0,0,0,0,0,0,0,0,0,0,0,0,1246
"C2539",396,15,8,0,2,237,7645000,123110,0,0,0,0,0,0,0.833333333,0.166666667,0,0,0,0,0.5,0,0.333333333,0.166666667,0,0,0.833333333,0,0,0,0.166666667,0,0,0,0,0,0,0,0,0,228
"C1933",1022,5,8,0,3,1202,3.5e+07,520000,0,0,1,0,0,0,0,0,0,0,0,0,0,0,0,0,0,1,1,0,0,0,0,0,0,0,0,0,0,0,0,0,1730
"C2316",1126,6,36,0,4,983,8762500,166665,0,0,0,0,0,0,1,0,0,0,0,0,0.5,0,0.25,0.25,0,0,1,0,0,0,0,0,0,0,0,0,0,0,0,0,712
"C2414",924,16,13,0,4,986,30709000,270660,0,0,1,0,0,0,0,0,0,0,0,0,0,0,0,0,1,0,1,0,0,0,0,0,0,0,0,0,0,0,0,0,1200
"C1301",340,6,19,0,4,320,10514000,145740,0,0,0,0,0,0,1,0,0,0,0,0,0.666666667,0.333333333,0,0,0,0,1,0,0,0,0,0,0,0,0,0,0,0,0,0,202
"C1700",922,6,39,0,2,804,3e+07,430000,0,0,1,0,0,0,0,0,0,0,0,0,0,0,0,0,1,0,1,0,0,0,0,0,0,0,0,0,0,0,0,0,979
"C1636",632,2,7,0,15.9,750,77079425.0000001,590000,0,0,1,0,0,0,0,0,0,0,0,0,0,0,0,0,0,1,1,0,0,0,0,0,0,0,0,0,0,0,0,0,946
"C2612",1684,10,27,0,2,1687.1,11300000,175500,0,0,0,0,0,0,1,0,0,0,0,0,0.5,0,0.25,0.25,0,0,1,0,0,0,0,0,0,0,0,0,0,0,0,0,1832
"C1757",794,8,13,2,4,676,32114500,277425,0,0,0,0,0,0,1,0,0,0,0,0,0,0.25,0.25,0.5,0,0,1,0,0,0,0,0,0,0,0,0,0,0,0,0,508
"C2507",1454,2,4,0,4,880,16343000,206110,0,0,0,0,0,0,0.722222222,0.277777778,0,0,0,0.055555556,0.388888889,0,0.222222222,0.277777778,0.055555556,0,0.833333333,0,0,0,0,0,0,0,0.166666667,0,0,0,0,0,763
"C1163",316,4,20,0,2,239,9506000,200830,0,0,0,0,0,0,1,0,0,0,0,0,0.333333333,0,0.333333333,0.333333333,0,0,1,0,0,0,0,0,0,0,0,0,0,0,0,0,326
"C2627",580,12,18,0,2,378,7172000,89520,0,0,0,0,0,0,0.666666667,0.333333333,0,0,0,0.333333333,0.333333333,0,0.166666667,0.166666667,0,0,0.666666667,0,0,0,0,0,0,0,0.333333333,0,0,0,0,0,404
"C2040",198,16,11,0,2,200,5.3e+07,520000,0,0,1,0,0,0,0,0,0,0,0,0,0,0,0,0,0,1,1,0,0,0,0,0,0,0,0,0,0,0,0,0,336
"C2609",556,14,17,0,2,490,10514000,184250,0,0,0,0,0,0,1,0,0,0,0,0.333333333,0,0.333333333,0,0.333333333,0,0,1,0,0,0,0,0,0,0,0,0,0,0,0,0,555
"C2001",540,2,10,0,8,500,11430000,149000,0,0,0,0,0,0,1,0,0,0,0,0,0.4,0.4,0,0.2,0,0,0,0,0,0,0,0,0,1,0,0,0,0,0,0,417
"C1065",938,4,37,0,3,1117,9719000,168640,0,0,0,0,0,0,1,0,0,0,0,0,0.333333333,0.333333333,0,0.333333333,0,0,0,0,0,0,0,0,0,1,0,0,0,0,0,0,1255
"C1363",2178.8,2,11,0,6,1687.1,19451000,175260,0,0,0,0,0,0,0.785714286,0.214285714,0,0,0,0.071428571,0.5,0,0.214285714,0.214285714,0,0,0,0,0,0,0,0,0,0.785714286,0.214285714,0,0,0,0,0,2550
"C2579",1058,2,16,0,4,956,39354500,266490,0,0,0,0,0,0,1,0,0,0,0,0.333333333,0,0,0.166666667,0.166666667,0.333333333,0,0,0,0,0,0,0,0,1,0,0,0,0,0,0,751
"C1048",368,2,15,0,3,333,30928000,238380,0,0,0,0,0,0,1,0,0,0,0,0,0.333333333,0,0.333333333,0.333333333,0,0,0,0,0,0,0,0,0,1,0,0,0,0,0,0,243
"C1210",1088,6,39,0,4,773,20680000,112010,0,0,0,0,0,0,0,0,0,0,1,0.6,0.2,0,0.2,0,0,0,0,0,0,0,0,0,0,0,0,1,0,0,0,0,586
"C1320",1696,3,35,0,4,1648,16785000,237000,0,0,0,0,0,0,1,0,0,0,0,0,0.25,0.25,0,0.5,0,0,0,0,0,0,0,0,0,1,0,0,0,0,0,0,924
"C1941",404,3,19,0,3,490,47288000,590000,0,0,1,0,0,0,0,0,0,0,0,0,0,0,0,0,0,1,1,0,0,0,0,0,0,0,0,0,0,0,0,0,600
"C1326",1934,8,42.9,0,4,1670,19953000,102130,0,0,0,0,0,0,1,0,0,0,0,0.4,0.2,0,0.2,0.2,0,0,0,0,0,0,0,0,0,1,0,0,0,0,0,0,1153
"C1685",295,16,28,0,1,167,40572000,21120,0,0,0,0,0,0,0,0,0,0,1,0,0.555555556,0.111111111,0,0.333333333,0,0,0,0,0,0,0,0,0,0,0,0,0.555555556,0.444444444,0,0,164
"C2618",1550,2,40,0,7,1319,16243000,77360,0,0,0,0,0,0,0.6,0.4,0,0,0,0.6,0,0,0.2,0.2,0,0,0,0,0,0,0.4,0,0,0.2,0.4,0,0,0,0,0,783
"C1451",1618,2,38,0,3,1382,15992000,79970,0,0,0,0,0,0,0.6,0.4,0,0,0,0.4,0.2,0.2,0,0.2,0,0,0,0,0,0,0.4,0,0,0.2,0.4,0,0,0,0,0,1044
"C2143",363,1,2,0,2,434,41377000,547410,0,0,1,0,0,0,0,0,0,0,0,0,0,0,0,0,0,1,1,0,0,0,0,0,0,0,0,0,0,0,0,0,719
"C1968",514,1,0,0,3,309,8377000,110000,0,0,0,0,0,0,0.8,0.2,0,0,0,0.2,0.4,0,0.2,0.2,0,0,0.8,0,0,0,0,0,0,0,0.2,0,0,0,0,0,220
"C2470",636,7,1,1,2,772,2.6e+07,380000,0,0,0,0,1,0,0,0,0,0,0,0,0,0,0.333333333,0.333333333,0.333333333,0,1,0,0,0,0,0,0,0,0,0,0,0,0,0,887
"C1258",840,3,0,0,3,658,9672000,128000,0,0,0,0,0,0,0.666666667,0.333333333,0,0,0,0.333333333,0.333333333,0,0.166666667,0.166666667,0,0,0,0,0,0,0,0,0,0.666666667,0.333333333,0,0,0,0,0,616
"C2453",659,2,7,2,3,573,18488000,170720,0,0,0,0,0,0,0.571428571,0.428571429,0,0,0,0.428571429,0.285714286,0,0.142857143,0.142857143,0,0,0,0,0,0,0,0,0,0.571428571,0.428571429,0,0,0,0,0,559
"C1659",902,5,32,0,2,635,23370000,132430,0,0,0,0,0,0,0,0,0,0,1,0.153846154,0.461538462,0,0.230769231,0.153846154,0,0,0,0,0,0,0,0,0,0,0,0,0,0,0.230769231,0.769230769,416
"C1724",1256,3,1,0,6,878,20840000,112500,0,0,0,0,0,0,0.1,0.1,0,0,0.8,0.5,0.2,0.1,0.2,0,0,0,0,0,0,0,0,0,0,0.1,0.1,0,0,0.8,0,0,701
"C1802",1438,10,3,0,2,1500,4.3e+07,470000,0,0,1,0,0,0,0,0,0,0,0,0,0,0,0,0,1,0,1,0,0,0,0,0,0,0,0,0,0,0,0,0,1983
"C1939",2178.8,2,13,0,3,1687.1,34967000,211320,0,0,0,0,0,0,1,0,0,0,0,0,0.444444444,0,0.444444444,0.111111111,0,0,0,0,0,0,0,0,0,1,0,0,0,0,0,0,1896
"C1284",528,3,0,0,5,543,32896000,185040,0,0,1,0,0,0,0,0,0,0,0,0,0,0,0,0,1,0,1,0,0,0,0,0,0,0,0,0,0,0,0,0,780
"C2595",867,3,2,0,5,897,4.4e+07,550000,0,0,1,0,0,0,0,0,0,0,0,0,0,0,0,0,0.4,0.6,1,0,0,0,0,0,0,0,0,0,0,0,0,0,1359
"C2351",542,2,6,0,4,542,4e+07,390000,0,0,1,0,0,0,0,0,0,0,0,0,0,0,0,0,1,0,1,0,0,0,0,0,0,0,0,0,0,0,0,0,646
"C2506",1124,6,14,0,3,1201,4.3e+07,450000,0,0,1,0,0,0,0,0,0,0,0,0,0,0,0,0.176470588,0.411764706,0.411764706,1,0,0,0,0,0,0,0,0,0,0,0,0,0,1433
"C1697",526,2,4,0,3,727,6.9e+07,375000,0,0,1,0,0,0,0,0,0,0,0,0,0,0,0,0,0,1,1,0,0,0,0,0,0,0,0,0,0,0,0,0,854
"C2259",947,2,5,0,2,1306,6.9e+07,375000,0,0,1,0,0,0,0,0,0,0,0,0,0,0,0,0,0,1,1,0,0,0,0,0,0,0,0,0,0,0,0,0,1378
"C1786",480,1,25,0,3,338,26217000,192250,0,0,0,0,0,0,0,0,0,0,1,0.2,0.6,0,0.2,0,0,0,0,0,0,0,0,0,0,0,0,0.2,0.8,0,0,0,345
"C1357",908,8,27,0,1,1001,5.7e+07,550000,0,0,1,0,0,0,0,0,0,0,0,0,0,0,0,0,0,1,1,0,0,0,0,0,0,0,0,0,0,0,0,0,995
"C2570",450,12,14,0,2,318,15580000,85000,0,0,0,0,0,0,0,0,0,0,1,0.375,0.5,0,0.125,0,0,0,0,0,0,0,0,0,0,0,0,0,0,0,0,1,205
"C1652",890,9,20,1,8,423,69600000,232000,0,0,0,0,0,0,0,0,0,0,1,0.083333333,0.5,0,0.333333333,0.083333333,0,0,0,0,0,0,0,0,0,0,0,1,0,0,0,0,509
"C1565",1020,6,42,0,3,719,15740000,78700,0,0,0,0,0,0,0,0,0,0,1,0.75,0,0,0.25,0,0,0,0,0,0,0,0,0,0,0,0,1,0,0,0,0,588
"C1910",616,13,21,0,2,350,19720000,118320,0,0,0,0,0,0,0,0,0,0,1,0.2,0.5,0,0.3,0,0,0,0,0,0,0,0,0,0,0,0,1,0,0,0,0,396
"C2359",820,12,9,0,3,629,7126000,90460,0,0,0,0,0,0,0.6,0.4,0,0,0,0.4,0.2,0.2,0,0.2,0,0,0,0,0,0,0,0,0,0.6,0.4,0,0,0,0,0,693
"C2139",311,3,11,0,4,232,9061000,147000,0,0,0,0,0,0,1,0,0,0,0,0,0.333333333,0.333333333,0,0.333333333,0,0,0,0,0,0,0,0,0,1,0,0,0,0,0,0,155
"C1979",270,2,17,0,4,183,37419000,164480,0,0,0,0,0,0,0,0,0,0,1,0.111111111,0.444444444,0,0.444444444,0,0,0,0,0,0,0,0,0,0,0,0,0,0,1,0,0,133
"C1803",100,11,13,0,2,57,34400000,163680,0,0,0,0,0,0,0,0,0,0,1,0.1,0.5,0,0.4,0,0,0,0,0,0,0,0,0,0,0,0,1,0,0,0,0,78
"C2508",847,13,13,0,3,496,9e+06,106000,0,0,0,0,0,0,0.714285714,0.285714286,0,0,0,0.285714286,0.285714286,0,0.285714286,0.142857143,0,0,0,0,0,0,0,0,0,0.714285714,0.285714286,0,0,0,0,0,568
"C2531",540,14,22,0,6,397,20874000,141000,0,0,0,0,0,0,0.5,0,0,0,0.5,0.166666667,0.5,0,0.166666667,0.166666667,0,0,0,0,0,0,0,0,0,0.5,0,0.5,0,0,0,0,358
"C1695",203,12,12,0,4,109,22440000,132770,0,0,0,0,0,0,0,0,0,0,1,0.2,0.6,0,0.2,0,0,0,0,0,0,0,0,0,0,0,0,1,0,0,0,0,123
"C2556",303,11,21,0,2,249,7200000,119000,0,0,0,0,0,0,1,0,0,0,0,0,0,0,0.666666667,0.333333333,0,0,0,0,0,0,0,0,0,1,0,0,0,0,0,0,148
"C2086",1080,10,7,0,2,1142,3.9e+07,460000,0,0,1,0,0,0,0,0,0,0,0,0,0,0,0,0,0.555555556,0.444444444,1,0,0,0,0,0,0,0,0,0,0,0,0,0,1524
"C1544",442,6,10,0,2,533,5.3e+07,490000,0,0,1,0,0,0,0,0,0,0,0,0,0,0,0,0,0,1,1,0,0,0,0,0,0,0,0,0,0,0,0,0,713
"C2154",178,1,2,0,1,131,10450000,150000,0,0,0,0,0,0,1,0,0,0,0,0,0.5,0,0.25,0.25,0,0,1,0,0,0,0,0,0,0,0,0,0,0,0,0,124
"C2496",818,13,0,0,3,995,6.9e+07,590000,0,0,1,0,0,0,0,0,0,0,0,0,0,0,0,0,0,1,1,0,0,0,0,0,0,0,0,0,0,0,0,0,1400
"C1756",404,11,1,0,3,486,5.5e+07,590000,0,0,1,0,0,0,0,0,0,0,0,0,0,0,0,0,0,1,1,0,0,0,0,0,0,0,0,0,0,0,0,0,609
"C2362",1509,2,42.9,0,2,1055,23520000,99000,0,0,0,0,0,0,0,0,0,0,1,0.357142857,0.428571429,0,0.214285714,0,0,0,0,0,0,0,0,0,0,0,0,1,0,0,0,0,196
"C2568",412,4,31,0,2,287,15080000,87960,0,0,0,0,0,0,0,0,0,0,1,0.2,0.4,0,0.4,0,0,0,0,0,0,0,0,0,0,0,0,1,0,0,0,0,189
"C2245",212,3,22,0,1,114,50657000,26380,0,0,0,0,0,0,0,0,0,0,1,0.285714286,0.428571429,0,0.285714286,0,0,0,0,0,0,0,0,0,0,0,0,0,1,0,0,0,98
"C2059",26,2,1,1,3,13,27961000,116000,0,0,0,0,0,0,0,0,0,0,1,0.666666667,0,0,0.333333333,0,0,0,0,0,0,0,0,0,0,0,0,0,0,1,0,0,13
"C2549",202,14,17,0,2,141,25200000,107100,0,0,0,0,0,0,0,0,0,0,1,0.2,0.4,0,0.4,0,0,0,0,0,0,0,0,0,0,0,0,1,0,0,0,0,165
"C1584",1227,2,40,0,3,857,42680000,195000,0,0,0,0,0,0,0,0,0,0,1,0.333333333,0.333333333,0,0.333333333,0,0,0,0,0,0,0,0,0,0,0,0,1,0,0,0,0,507
"C2298",581,7,21,0,3,408,24520000,118000,0,0,0,0,0,0,0,0,0,0,1,0.2,0.4,0,0.4,0,0,0,0,0,0,0,0,0,0,0,0,1,0,0,0,0,444
"C2225",1206,3,42.9,0,3,842,51961000,27060,0,0,0,0,0,0,0,0,0,0,1,0.333333333,0.333333333,0,0.333333333,0,0,0,0,0,0,0,0,0,0,0,0,0,1,0,0,0,448
"C2328",1077,16,4,0,2,1239,4.4e+07,390000,0,0,1,0,0,0,0,0,0,0,0,0,0,0,0,0,1,0,1,0,0,0,0,0,0,0,0,0,0,0,0,0,1374
"C1045",464,1,13,0,2,288,13700000,150000,0,0,0,0,0,0,1,0,0,0,0,0,0.5,0,0.25,0.25,0,0,0,0,0,0,0,0,0,1,0,0,0,0,0,0,266
"C1207",100,5,10,0,6,54,22832000,117960,0,0,0,0,0,0,0,0,0,0,1,0.666666667,0,0,0.333333333,0,0,0,0,0,0,0,0,0,0,0,0,1,0,0,0,0,59
"C1970",214,5,16,0,6,108,25504000,131770,0,0,0,0,0,0,0,0,0,0,1,0.2,0.6,0,0.2,0,0,0,0,0,0,0,0,0,0,0,0,1,0,0,0,0,159
"C1732",266,5,17,0,3,188,19026000,99880,0,0,0,0,0,0,0,0,0,0,1,0.666666667,0.166666667,0,0,0.166666667,0,0,0,0,0,0,0,0,0,0,0,0,0,1,0,0,267
"C2433",511,2,19,0,2,389,27640000,119000,0,0,0,0,0,0,0,0,0,0,1,0.4,0.4,0,0.2,0,0,0,0,0,0,0,0,0,0,0,0,1,0,0,0,0,130
"C1156",1004,16,42.9,0,3,700,67718000,35270,0,0,0,0,0,0,0,0,0,0,1,0.25,0.5,0,0.25,0,0,0,0,0,0,0,0,0,0,0,0,0,1,0,0,0,505
"C2142",954,11,41,0,5,772,13645000,171500,0,0,0,0,0,0,1,0,0,0,0,0,0.5,0,0.25,0.25,0,0,0,0,0,0,0,0,0,1,0,0,0,0,0,0,396
"C2153",362,12,20,0,3,345,10808500,162855,0,0,0,0,0,0,1,0,0,0,0,0,0.5,0,0.25,0.25,0,0,0,0,0,0,0,0,0,1,0,0,0,0,0,0,280
"C2186",924,6,0,0,8,664,18783000,135020,0,0,0,0,0,0,0.666666667,0.333333333,0,0,0,0,0.666666667,0,0.166666667,0.166666667,0,0,0,0,0.333333333,0,0,0,0,0.666666667,0,0,0,0,0,0,744
"C1176",1486,16,42.9,0,3,1493,18140000,179270,0,0,0,0,0,0,1,0,0,0,0,0,0.25,0,0.5,0.25,0,0,0,0,0,0,0,0,0,1,0,0,0,0,0,0,619
"C2446",2178.8,2,32,0,5,1570,46550000,193955,0,0,0,0,0,0,0,0,0,0,1,0.333333333,0.166666667,0,0.25,0.25,0,0,0,0,0,0,0,0,0,0,0,0,0,0,0,1,1204
"C2586",90,14,7,0,3,66,2.6e+07,110500,0,0,0,0,0,0,0,0,0,0,1,0.2,0.6,0,0.2,0,0,0,0,0,0,0,0,0,0,0,0,1,0,0,0,0,57
"C2035",492,1,24,0,1,521,15500000,180000,0,0,0,0,0,0,1,0,0,0,0,0,0.4,0,0.4,0.2,0,0,1,0,0,0,0,0,0,0,0,0,0,0,0,0,246
"C2020",40,8,7,1,2,25,2.8e+07,135330,0,0,0,0,0,0,0,0,0,0,1,0.333333333,0.333333333,0,0.333333333,0,0,0,0,0,0,0,0,0,0,0,0,0,0,1,0,0,19
"C2437",90,16,12,0,1,30,10346000,107530,0,0,0,0,0,0,0,1,0,0,0,1,0,0,0,0,0,0,0,0,1,0,0,0,0,0,0,0,0,0,0,0,16
"C2532",239,1,7,0,1,166,14005000,142310,0,0,0,0,0,0,1,0,0,0,0,0,0,0,0,0.333333333,0.666666667,0,1,0,0,0,0,0,0,0,0,0,0,0,0,0,146
