code,tot_pop,region,num_empty,sub,bus,num_park,type_new,prop_type_im1,prop_type_im2,prop_type_im3,prop_type_im4,prop_type_im5,prop_type_im6,prop_type_im7,prop_type_im8,prop_type_im9,prop_type_im10,prop_areaL21,prop_areaL29,prop_areaL36,prop_areaL39,prop_areaL46,prop_areaL59,prop_areaU59,prop_type_qual1,prop_type_qual2,prop_type_qual3,prop_type_qual4,prop_type_qual5,prop_type_qual6,prop_type_qual7,prop_type_qual8,prop_type_qual9,prop_type_qual10,prop_type_qual11,prop_type_qual12,prop_type_qual13,prop_type_qual14,Mlog_fee_deposit,Mlog_fee_rent,target
C2515,545,3,17,0,3,624,0,0,0,0,0,0,1,0,0,0,0,0,0,0.142857143,0.285714286,0.285714286,0.285714286,0,1,0,0,0,0,0,0,0,0,0,0,0,0,0,16.72965309,11.91678929,205
C1407,1216,7,13,1,1,1285,0,0,0,0,0,0,1,0,0,0,0,0,0,0.272727273,0,0.545454545,0.181818182,0,1,0,0,0,0,0,0,0,0,0,0,0,0,0,17.13466601,12.01133432,1064
C1945,755,2,6,1,3,734,0,0,0,0,0,0,1,0,0,0,0,0,0,0,0.333333333,0,0.666666667,0,0,1,0,0,0,0,0,0,0,0,0,0,0,0,16.95703006,12.17163647,730
C1470,696,13,14,0,2,645,0,0,0,0,0,0,1,0,0,0,0,0,0,0,0.5,0.25,0.25,0,1,0,0,0,0,0,0,0,0,0,0,0,0,0,16.59558288,11.66288519,553
C1898,566,13,9,0,6,517,0,0,0,0,0,0,1,0,0,0,0,0,0,0,0.5,0.333333333,0.166666667,0,1,0,0,0,0,0,0,0,0,0,0,0,0,0,16.59558288,11.66288519,415
C1244,1722,2,10,0,10,1483,0,0,0,0,0,0,1,0,0,0,0,0,0,0,0.307692308,0.461538462,0.230769231,0,1,0,0,0,0,0,0,0,0,0,0,0,0,0,17.59947289,12.62655772,1804
C1171,624,7,13,0,5,634,0,0,0,0,0,0,1,0,0,0,0,0,0,0.083333333,0.25,0.5,0.166666667,0,1,0,0,0,0,0,0,0,0,0,0,0,0,0,17.38397226,12.15018989,700
C2073,361,1,13,0,5,288,0,0,0,0,0,0,1,0,0,0,0,0,0,0,0.333333333,0.5,0.166666667,0,1,0,0,0,0,0,0,0,0,0,0,0,0,0,16.63813866,12.23300665,301
C2513,754,5,15,0,6,530,0,0,0,0,0,0,1,0,0,0,0,0,0,0,0,0,1,0,1,0,0,0,0,0,0,0,0,0,0,0,0,0,17.29499526,12.16655189,820
C1936,240,5,8,0,10,168,0,0,0,0,0,0,1,0,0,0,0,0,0,0,0,0,1,0,1,0,0,0,0,0,0,0,0,0,0,0,0,0,17.29499526,12.16655189,234
C2049,688,1,0,0,5,631,0,0,0,0,0,0,1,0,0,0,0,0,0,0,0,0,1,0,1,0,0,0,0,0,0,0,0,0,0,0,0,0,16.55033251,11.38962725,841
C2202,623,1,0,0,2,222,0,0,0,1,0,0,0,0,0,0,0,0,0,0,0.333333333,0.666666667,0,0,1,0,0,0,0,0,0,0,0,0,0,0,0,0,16.14220273,11.93347621,226
C1925,601,1,9,0,4,117,1,0,0,0,0,0,0,0.333333333,0.666666667,0,0,0,0.166666667,0.666666667,0,0,0,0.166666667,0,0,0.333333333,0.666666667,0,0,0,0,0,0,0,0,0,0,16.52900513,11.9929024,75
C2576,405,3,19,0,4,296,0,0,0,0,0,0,1,0,0,0,0,0,0,0,0,0.5,0.5,0,1,0,0,0,0,0,0,0,0,0,0,0,0,0,16.96965619,12.18155955,73
C1312,518,15,12,0,3,527,0,0,0,0,0,0,1,0,0,0,0,0,0,0,0.5,0.5,0,0,1,0,0,0,0,0,0,0,0,0,0,0,0,0,16.74218165,11.74799532,359
C1874,619,15,2,0,2,97,1,0,0,0,0,0,0,0.1,0.9,0,0,0.233333333,0.466666667,0.1,0,0.1,0.1,0,0,0,0.1,0.9,0,0,0,0,0,0,0,0,0,0,16.68491908,11.76877107,62
C2650,875,8,13,0,4,616,0,0,0,0,0,0,1,0,0,0,0,0,0,0,0.333333333,0.666666667,0,0,1,0,0,0,0,0,0,0,0,0,0,0,0,0,16.4698083,11.8609733,159
C2416,560,3,0,0,5,154,1,0,0,0,0,0,0,0.2,0.8,0,0,0.1,0.2,0.2,0.1,0.2,0.1,0.1,0,0,0.2,0.8,0,0,0,0,0,0,0,0,0,0,16.7162044,11.87080476,63
C2013,595,3,3,0,3,509,0,0,0,0,0,0,1,0,0,0,0,0,0,0,0.666666667,0.333333333,0,0,1,0,0,0,0,0,0,0,0,0,0,0,0,0,16.44955535,10.52835589,91
C1424,625,7,2,0,7,517,0,0,0,1,0,0,0,0,0,0,0,0,0,0,0.333333333,0.666666667,0,0,1,0,0,0,0,0,0,0,0,0,0,0,0,0,16.81985563,12.32430003,179
C2100,880,7,4,0,5,736,0,0,0,0,0,0,1,0,0,0,0,0,0,0,0,0,1,0,1,0,0,0,0,0,0,0,0,0,0,0,0,0,17.03200528,11.51035382,671
C2621,1396,7,26,1,4,277,1,0,0,0,0,0,0,0.444444444,0.555555556,0,0,0,0.222222222,0.5,0,0,0.166666667,0.111111111,0,0,0.444444444,0.555555556,0,0,0,0,0,0,0,0,0,0,16.60457768,11.63751161,133
C2520,970,7,2,0,2,420,0,0,0,1,0,0,0,0,0,0,0,0,0,0,1,0,0,0,1,0,0,0,0,0,0,0,0,0,0,0,0,0,16.39231247,12.08672589,386
C2319,606,7,1,1,12,548,0,0,0,0,0,0,1,0,0,0,0,0,0,0,0,0,1,0,1,0,0,0,0,0,0,0,0,0,0,0,0,0,16.6727849,12.37408384,266
C1616,1507,7,1,0,2,407,1,0,0,0,0,0,0,0.136363636,0.863636364,0,0,0,0.045454545,0.045454545,0.590909091,0.045454545,0.136363636,0.136363636,0,0,0.090909091,0.863636364,0.045454545,0,0,0,0,0,0,0,0,0,16.88538456,11.8532809,98
C1704,639,7,34,0,7,162,1,0,0,0,0,0,0,0.117647059,0.882352941,0,0,0,0,0.823529412,0.117647059,0,0,0.058823529,0,0,0.117647059,0.882352941,0,0,0,0,0,0,0,0,0,0,16.67639629,11.93478872,131
C2258,965,7,13,1,3,287,1,0,0,0,0,0,0,0.15,0.85,0,0,0.5,0.1,0.2,0.05,0.05,0.05,0.05,0,0,0.15,0.85,0,0,0,0,0,0,0,0,0,0,16.7351806,11.9680253,78
C1032,946,7,6,1,2,986,0,0,0,0,0,0,1,0,0,0,0,0,0,0,0.166666667,0.166666667,0.666666667,0,1,0,0,0,0,0,0,0,0,0,0,0,0,0,17.17289537,12.1402533,316
C2038,785,7,7,1,10,150,1,0,0,0,0,0,0,0.15,0.85,0,0,0.5,0.1,0.2,0.05,0.05,0.05,0.05,0,0,0.15,0.85,0,0,0,0,0,0,0,0,0,0,16.57619817,11.94375964,108
C1859,2200,7,1,1,4,487,1,0,0,0,0,0,0,0.125,0.875,0,0,0,0.075,0.375,0.325,0,0.15,0.075,0,0,0.125,0.875,0,0,0,0,0,0,0,0,0,0,16.55561895,11.99312401,116
C1722,809,1,1,0,6,264,1,0,0,0.272727273,0,0,0,0.181818182,0.545454545,0,0,0,0.090909091,0.545454545,0.090909091,0.181818182,0,0.090909091,0.272727273,0,0.181818182,0.545454545,0,0,0,0,0,0,0,0,0,0,16.71363,12.15077133,649
C1850,388,3,0,0,4,226,0,0,0,1,0,0,0,0,0,0,0,0,0,0,0.333333333,0.666666667,0,0,1,0,0,0,0,0,0,0,0,0,0,0,0,0,16.48398798,12.40664334,254
C2190,1013,3,7,0,2,178,1,0,0,0,0,0,0,0.19047619,0.80952381,0,0,0.476190476,0.285714286,0.095238095,0.047619048,0.095238095,0,0,0,0,0.19047619,0.80952381,0,0,0,0,0,0,0,0,0,0,16.48398798,11.7851639,129
C1476,453,3,6,0,5,107,1,0,0,0,0,0,0,0.25,0.75,0,0,0,0.125,0.75,0,0,0,0.125,0,0,0.25,0.75,0,0,0,0,0,0,0,0,0,0,16.72664839,11.88103233,70
C1077,861,3,21,0,5,612,0,0,0,0,0,0,1,0,0,0,0,0,0,0,0.333333333,0.333333333,0.333333333,0,1,0,0,0,0,0,0,0,0,0,0,0,0,0,16.80989192,11.9002266,236
C1068,806,15,11,0,2,804,0,0,0,0,0,0,1,0,0,0,0,0,0,0,0.333333333,0.5,0.166666667,0,1,0,0,0,0,0,0,0,0,0,0,0,0,0,16.63385839,11.8259156,510
C1983,903,15,3,0,4,200,1,0,0,0.2,0,0,0,0.133333333,0.666666667,0,0,0,0.066666667,0.733333333,0.066666667,0,0,0.133333333,0.2,0,0.133333333,0.666666667,0,0,0,0,0,0,0,0,0,0,16.70810207,11.88648702,253
C2135,1116,8,10,1,3,262,1,0,0,0,0,0,0,0.15,0.85,0,0,0.5,0.2,0.15,0.05,0,0.05,0.05,0,0,0.15,0.85,0,0,0,0,0,0,0,0,0,0,16.75413963,11.89517287,127
C2034,1486,8,2,1,3,405,1,0,0,0,0,0,0,0.103448276,0.896551724,0,0,0.344827586,0.137931034,0.379310345,0.034482759,0,0.034482759,0.068965517,0,0,0.103448276,0.896551724,0,0,0,0,0,0,0,0,0,0,16.62008233,11.80395194,132
C1109,1957,8,1,1,2,351,1,0,0,0,0,0,0,0.090909091,0.909090909,0,0,0.363636364,0.227272727,0.272727273,0.045454545,0,0.045454545,0.045454545,0,0,0.090909091,0.909090909,0,0,0,0,0,0,0,0,0,0,16.82116557,11.71622985,313
C1497,802,8,7,1,14,375,0,0,0,1,0,0,0,0,0,0,0,0,0,0,1,0,0,0,1,0,0,0,0,0,0,0,0,0,0,0,0,0,16.39951512,12.03495187,382
C2289,1527,8,2,0,3,240,1,0,0,0,0,0,0,0.166666667,0.833333333,0,0,0,0.083333333,0.083333333,0.541666667,0,0.208333333,0.083333333,0,0,0.166666667,0.833333333,0,0,0,0,0,0,0,0,0,0,16.62157301,11.81075511,364
C2597,1005,8,25,0,2,166,1,0,0,0,0,0,0,0.09375,0.90625,0,0,0.25,0.53125,0.03125,0,0.0625,0.09375,0.03125,0,0,0.09375,0.90625,0,0,0,0,0,0,0,0,0,0,16.86754791,11.86407375,94
C2310,1988,8,1,0,2,217,1,0,0,0,0,0,0,0.130434783,0.869565217,0,0,0,0.086956522,0.043478261,0.565217391,0,0.217391304,0.086956522,0,0,0.130434783,0.869565217,0,0,0,0,0,0,0,0,0,0,16.80053571,11.83703589,189
C1672,1350,8,15,0,1,1043,0,0,0,0,0,0,1,0,0,0,0,0,0,0,0,0,1,0,1,0,0,0,0,0,0,0,0,0,0,0,0,0,16.74254986,12.34248802,873
C2132,2200,8,1,0,1,756,1,0,0,0,0,0,0,0.085106383,0.914893617,0,0,0.234042553,0.127659574,0.170212766,0.276595745,0.021276596,0.106382979,0.063829787,0,0,0.021276596,0.914893617,0,0.063829787,0,0,0,0,0,0,0,0,16.48398798,11.70412417,359
C1439,1755,8,29,1,3,270,1,0,0,0,0,0,0,0.0625,0.9375,0,0,0.458333333,0.166666667,0.25,0,0.0625,0,0.0625,0,0,0.0625,0.9375,0,0,0,0,0,0,0,0,0,0,16.72143422,11.87060112,172
C1613,840,8,7,1,1,594,0,0,0,0,0,0,1,0,0,0,0,0,0,0,0,0,1,0,1,0,0,0,0,0,0,0,0,0,0,0,0,0,16.82834574,12.45927973,498
C2216,390,15,2,0,1,97,0,0,0,1,0,0,0,0,0,0,0,0,0,0,1,0,0,0,1,0,0,0,0,0,0,0,0,0,0,0,0,0,16.06119593,11.79742225,149
C1899,451,3,0,0,4,109,1,0,0,0,0,0,0,0.333333333,0.666666667,0,0,0,0.166666667,0.833333333,0,0,0,0,0,0,0.333333333,0.666666667,0,0,0,0,0,0,0,0,0,0,16.95892149,11.89722336,31
C1056,410,14,0,0,10,120,1,0,0,0,0,0,0,0.166666667,0.833333333,0,0,0,0.083333333,0.916666667,0,0,0,0,0,0,0.166666667,0.833333333,0,0,0,0,0,0,0,0,0,0,16.53473871,12.26690528,125
C2644,779,15,7,1,12,190,1,0,0,0.285714286,0,0,0,0.285714286,0.428571429,0,0,0,0.285714286,0,0.285714286,0.428571429,0,0,0.285714286,0,0.285714286,0.428571429,0,0,0,0,0,0,0,0,0,0,16.29028269,11.86576306,177
C1206,755,1,1,0,4,88,1,0,0,0,0,0,0,0.166666667,0.833333333,0,0,0,0.083333333,0.75,0,0,0,0.166666667,0,0,0.166666667,0.833333333,0,0,0,0,0,0,0,0,0,0,16.60041597,11.60082217,90
C2481,693,11,2,0,2,486,0,0,0,0,0,0,1,0,0,0,0,0,0,0,0.333333333,0.666666667,0,0,1,0,0,0,0,0,0,0,0,0,0,0,0,0,16.39731703,11.52672975,302
C1718,753,11,23,0,2,682,0,0,0,0,0,0,1,0,0,0,0,0,0,0,0,0.5,0.5,0,1,0,0,0,0,0,0,0,0,0,0,0,0,0,17.12429304,12.28411437,496
C1655,498,1,23,0,6,402,0,0,0,0,0,0,1,0,0,0,0,0,0,0,0.25,0.5,0.25,0,1,0,0,0,0,0,0,0,0,0,0,0,0,0,16.80989192,11.79293389,236
C1430,1533,8,32,0,3,1296,0,0,0,0,0,0,1,0,0,0,0,0,0,0,0,0,1,0,1,0,0,0,0,0,0,0,0,0,0,0,0,0,17.26656541,12.12030288,839
C1775,711,14,5,0,8,131,1,0,0,0,0,0,0,0.117647059,0.882352941,0,0,0,0.058823529,0.882352941,0,0,0,0.058823529,0,0,0.117647059,0.882352941,0,0,0,0,0,0,0,0,0,0,16.71555758,11.64351503,96
C1519,420,14,0,0,0,393,0,0,0,0,0,0,1,0,0,0,0,0,0,0,0.5,0.5,0,0,1,0,0,0,0,0,0,0,0,0,0,0,0,0,16.55065277,11.44371996,235
C2221,590,14,1,0,3,376,0,0,0,1,0,0,0,0,0,0,0,0,0,0,0,1,0,0,1,0,0,0,0,0,0,0,0,0,0,0,0,0,16.55029978,12.41582683,359
C1790,657,3,2,0,4,166,1,0,0,0,0,0,0,0.090909091,0.909090909,0,0,0.303030303,0.515151515,0.060606061,0,0.03030303,0.03030303,0.060606061,0,0,0.090909091,0.909090909,0,0,0,0,0,0,0,0,0,0,16.78961053,11.95008302,120
C2109,495,3,2,0,4,117,1,0,0,0,0,0,0,0.117647059,0.882352941,0,0,0,0.058823529,0.882352941,0,0,0,0.058823529,0,0,0.117647059,0.882352941,0,0,0,0,0,0,0,0,0,0,16.95668427,12.0923999,60
C1698,460,3,1,0,3,155,1,0,0,0,0,0,0,0.5,0.5,0,0,0,0,0.5,0.5,0,0,0,0,0,0.5,0.5,0,0,0,0,0,0,0,0,0,0,16.36994327,11.99553678,65
C1866,338,3,1,0,3,235,0,0,0,0,0,0,1,0,0,0,0,0,0,0,0.5,0.5,0,0,1,0,0,0,0,0,0,0,0,0,0,0,0,0,16.24594004,11.51960264,135
C1005,1144,15,16,0,8,950,0,0,0,0,0,0,1,0,0,0,0,0,0,0,0,0,1,0,1,0,0,0,0,0,0,0,0,0,0,0,0,0,16.60961612,12.25913937,376
C1004,521,15,3,0,2,153,1,0,0,0,0,0,0,0.105263158,0.894736842,0,0,0.526315789,0.052631579,0.157894737,0.157894737,0,0.052631579,0.052631579,0,0,0.105263158,0.894736842,0,0,0,0,0,0,0,0,0,0,16.75994954,11.69407967,93
C1875,1003,15,5,0,8,192,1,0,0,0,0,0,0,0.136363636,0.863636364,0,0,0.545454545,0.181818182,0.136363636,0.045454545,0,0.045454545,0.045454545,0,0,0.136363636,0.863636364,0,0,0,0,0,0,0,0,0,0,16.90215236,11.79410892,209
C2156,306,15,0,0,1,246,0,0,0,0,0,0,1,0,0,0,0,0,0,0,0.666666667,0,0.333333333,0,1,0,0,0,0,0,0,0,0,0,0,0,0,0,16.22668096,11.41211016,204
C2212,697,1,0,0,4,128,1,0,0,0,0,0,0,0.214285714,0.785714286,0,0,0,0.071428571,0.571428571,0,0,0,0.357142857,0,0,0.214285714,0.785714286,0,0,0,0,0,0,0,0,0,0,16.49438573,11.77484668,86
C2401,213,1,21,0,3,164,0,0,0,0,0,0,1,0,0,0,0,0,0,0,0.333333333,0.333333333,0.333333333,0,0.666666667,0,0,0,0.333333333,0,0,0,0,0,0,0,0,0,17.07222152,11.19354631,19
C2571,481,3,5,0,1,65,1,0,0,0,0,0,0,0.071428571,0.928571429,0,0,0,0.071428571,0.857142857,0,0,0,0.071428571,0,0,0.071428571,0.928571429,0,0,0,0,0,0,0,0,0,0,16.85586578,11.84349656,62
C1175,468,15,15,0,2,477,0,0,0,0,0,0,1,0,0,0,0,0,0,0,0,0.333333333,0.666666667,0,1,0,0,0,0,0,0,0,0,0,0,0,0,0,17.08348126,11.9835539,430
C1833,1364,14,19,0,5,1505,0,0,0,0,0,0,1,0,0,0,0,0,0,0.285714286,0.285714286,0.285714286,0.142857143,0,1,0,0,0,0,0,0,0,0,0,0,0,0,0,16.5640627,11.72601868,1001
C2445,800,16,16,0,4,671,0,0,0,0,0,0,1,0,0,0,0,0,0,0,0.333333333,0.333333333,0.333333333,0,1,0,0,0,0,0,0,0,0,0,0,0,0,0,16.5640627,11.86196131,334
C1885,830,12,14,0,4,802,0,0,0,0,0,0,1,0,0,0,0,0,0,0,0.625,0.375,0,0,1,0,0,0,0,0,0,0,0,0,0,0,0,0,16.48398798,11.5220834,616
C2368,775,12,10,0,4,738,0,0,0,0,0,0,1,0,0,0,0,0,0,0,0.875,0,0.125,0,1,0,0,0,0,0,0,0,0,0,0,0,0,0,16.48398798,11.5220834,548
C2016,261,16,15,0,2,198,0,0,0,0,0,0,1,0,0,0,0,0,0,0,0.5,0.5,0,0,1,0,0,0,0,0,0,0,0,0,0,0,0,0,16.28870028,11.52561791,220
C2371,474,4,20,0,1,374,0,0,0,0,0,0,1,0,0,0,0,0,0,0,0.375,0.375,0.25,0,1,0,0,0,0,0,0,0,0,0,0,0,0,0,16.66633266,11.59108949,451
C2536,72,13,7,0,1,54,0,0,0,0,0,0,1,0,0,0,0,0,0,0.666666667,0,0.333333333,0,0,1,0,0,0,0,0,0,0,0,0,0,0,0,0,16.02092374,10.82774645,47
C2538,1473,2,13,0,3,1299,0,0,0,0,0,0,1,0,0,0,0,0,0.052631579,0.210526316,0.157894737,0.210526316,0.368421053,0,0.473684211,0,0,0,0,0,0.421052632,0.105263158,0,0,0,0,0,0,17.49605538,12.64790183,799
C1014,996,13,5,0,2,823,0,0,0,0,0,0,1,0,0,0,0,0,0,0.142857143,0,0.428571429,0.428571429,0,1,0,0,0,0,0,0,0,0,0,0,0,0,0,16.88949933,11.91965644,708
C1592,870,1,13,0,5,763,0,0,0,0,0,0,1,0,0,0,0,0,0,0.142857143,0.428571429,0.285714286,0.142857143,0,1,0,0,0,0,0,0,0,0,0,0,0,0,0,16.33215809,12.0563538,739
C1867,678,3,26,0,2,579,0,0,0,0,0,0,1,0,0,0,0,0,0,0,0.666666667,0.166666667,0.166666667,0,1,0,0,0,0,0,0,0,0,0,0,0,0,0,16.11529172,11.5220834,374
C2326,632,16,15,0,4,478,0,0,0,0,0,0,1,0,0,0,0,0,0,0,0.8,0.2,0,0,1,0,0,0,0,0,0,0,0,0,0,0,0,0,16.39693877,11.64518104,557
C1015,961,8,28,0,3,928,0,0,0,0,0,0,1,0,0,0,0,0,0,0,0.375,0.375,0.25,0,1,0,0,0,0,0,0,0,0,0,0,0,0,0,16.56169113,11.85516674,579
C1620,1232,5,22,0,4,1181,0,0,0,0,0,0,1,0,0,0,0,0,0,0,0.4,0.6,0,0,1,0,0,0,0,0,0,0,0,0,0,0,0,0,17.04366322,11.86196131,1101
C1049,676,5,18,0,3,658,0,0,0,0,0,0,1,0,0,0,0,0,0,0,0.4,0,0.6,0,1,0,0,0,0,0,0,0,0,0,0,0,0,0,17.2572739,12.07488137,762
C2000,1300,3,21,0,2,1082,0,0,0,0,0,0,1,0,0,0,0,0,0,0,0.428571429,0.428571429,0.142857143,0,1,0,0,0,0,0,0,0,0,0,0,0,0,0,16.77172207,12.04013612,795
C2097,998,4,29,0,2,1240,0,0,0,0,0,0,1,0,0,0,0,0,0,0.142857143,0.428571429,0.285714286,0.142857143,0,0.714285714,0,0,0,0.285714286,0,0,0,0,0,0,0,0,0,16.6331324,11.6153918,995
C1668,493,12,7,0,4,421,0,0,0,0,0,0,1,0,0,0,0,0,0,0,0.571428571,0.285714286,0.142857143,0,1,0,0,0,0,0,0,0,0,0,0,0,0,0,16.07841883,11.23440133,288
C1689,1117,2,4,1,3,985,0,0,0,0,0,0,1,0,0,0,0,0,0.1,0,0.2,0.5,0.2,0,1,0,0,0,0,0,0,0,0,0,0,0,0,0,17.57459215,12.58440634,960
C1234,307,1,1,0,2,219,0,0,0,0,0,0,1,0,0,0,0,0,0,0,0,0,1,0,1,0,0,0,0,0,0,0,0,0,0,0,0,0,16.98208174,11.94040786,311
C2514,501,3,10,0,1,405,0,0,0,0,0,0,1,0,0,0,0,0,0,0,0,0.5,0.5,0,1,0,0,0,0,0,0,0,0,0,0,0,0,0,16.54802938,11.91474833,648
C1368,896,4,29,0,10,900,0,0,0,0,0,0,1,0,0,0,0,0,0,0,0.25,0.25,0.5,0,1,0,0,0,0,0,0,0,0,0,0,0,0,0,16.84753976,12.07656573,861
C1057,521,4,24,0,4,521,0,0,0,0,0,0,1,0,0,0,0,0,0,0,0.25,0.25,0.5,0,1,0,0,0,0,0,0,0,0,0,0,0,0,0,16.84753976,12.07656573,521
C2336,458,4,13,0,2,399,0,0,0,0,0,0,1,0,0,0,0,0,0,0,0.428571429,0.428571429,0.142857143,0,1,0,0,0,0,0,0,0,0,0,0,0,0,0,16.80053571,11.80783138,562
C1026,290,4,10,0,2,205,0,0,0,0,0,0,1,0,0,0,0,0,0,0,0,0,1,0,1,0,0,0,0,0,0,0,0,0,0,0,0,0,16.99830318,11.59486967,422
C2256,409,3,7,0,1,316,0,0,0,0,0,0,1,0,0,0,0,0,0.2,0,0.2,0.2,0.4,0,1,0,0,0,0,0,0,0,0,0,0,0,0,0,16.56214024,11.82561717,344
C1900,586,13,2,0,2,472,0,0,0,0,0,0,1,0,0,0,0,0,0,0,0.375,0.375,0.25,0,1,0,0,0,0,0,0,0,0,0,0,0,0,0,16.67639629,11.57204307,596
C2666,1084,8,23,0,1,837,0,0,0,0,0,0,1,0,0,0,0,0,0,0,0.5,0.5,0,0,1,0,0,0,0,0,0,0,0,0,0,0,0,0,16.74754333,11.79000736,701
C2361,1174,2,9,0,4,1026,0,0,0,0,0,0,1,0,0,0,0,0,0,0,0.272727273,0.454545455,0.272727273,0,0.545454545,0,0,0,0,0,0,0.454545455,0,0,0,0,0,0,17.43862407,12.46712836,1117
C1642,270,12,14,0,6,222,0,0,0,0,0,0,1,0,0,0,0,0,0,0,0.285714286,0.714285714,0,0,1,0,0,0,0,0,0,0,0,0,0,0,0,0,16.67639629,11.58245153,297
C1013,1308,5,16,0,6,1119,0,0,0,0,0,0,1,0,0,0,0,0,0,0,0.2,0.6,0.2,0,1,0,0,0,0,0,0,0,0,0,0,0,0,0,17.02089579,11.820116,1665
C2232,355,5,13,0,3,354,0,0,0,0,0,0,1,0,0,0,0,0,0,0,0.5,0.25,0.25,0,1,0,0,0,0,0,0,0,0,0,0,0,0,0,16.91374863,11.70659354,248
C1973,384,5,15,0,3,384,0,0,0,0,0,0,1,0,0,0,0,0,0,0,0.666666667,0,0.333333333,0,1,0,0,0,0,0,0,0,0,0,0,0,0,0,16.80215163,11.60923515,457
C2458,853,5,28,0,3,853,0,0,0,0,0,0,1,0,0,0,0,0,0,0,0,0.571428571,0.428571429,0,0.428571429,0,0,0,0.571428571,0,0,0,0,0,0,0,0,0,18.1732445,10.613246,910
C2574,996,5,14,0,6,895,0,0,0,0,0,0,1,0,0,0,0,0,0,0,0.333333333,0.444444444,0.222222222,0,1,0,0,0,0,0,0,0,0,0,0,0,0,0,17.08191861,11.86576306,826
C2133,355,5,10,0,3,330,0,0,0,0,0,0,1,0,0,0,0,0,0,0,0.333333333,0.333333333,0.333333333,0,1,0,0,0,0,0,0,0,0,0,0,0,0,0,17.08191861,11.86576306,328
C2096,492,5,11,0,2,347,0,0,0,0,0,0,1,0,0,0,0,0,0,0,0.714285714,0.285714286,0,0,1,0,0,0,0,0,0,0,0,0,0,0,0,0,16.38215079,11.30884898,525
C2010,861,5,15,0,3,608,0,0,0,0,0,0,1,0,0,0,0,0,0,0,0.6,0.4,0,0,1,0,0,0,0,0,0,0,0,0,0,0,0,0,16.59681122,11.35930798,690
C1879,711,5,12,0,2,573,0,0,0,0,0,0,1,0,0,0,0,0,0,0,0,0.6,0.4,0,1,0,0,0,0,0,0,0,0,0,0,0,0,0,16.80215163,11.61593322,713
C1131,901,5,10,0,7,668,0,0,0,0,0,0,1,0,0,0,0,0,0,0,0,0,1,0,1,0,0,0,0,0,0,0,0,0,0,0,0,0,16.84060594,12.1111251,1019
C1468,815,5,17,0,1,574,0,0,0,0,0,0,1,0,0,0,0,0,0,0,0.6,0.4,0,0,1,0,0,0,0,0,0,0,0,0,0,0,0,0,16.6399799,11.47168672,810
C1213,312,13,8,0,6,224,0,0,0,0,0,0,1,0,0,0,0,0,0,0,0.5,0.5,0,0,1,0,0,0,0,0,0,0,0,0,0,0,0,0,16.57158298,11.42039622,148
C1173,571,15,7,0,2,483,0,0,0,0,0,0,1,0,0,0,0,0,0,0,0.222222222,0.555555556,0.222222222,0,1,0,0,0,0,0,0,0,0,0,0,0,0,0,16.74542349,11.9171231,609
C2492,594,4,23,0,5,480,0,0,0,0,0,0,1,0,0,0,0,0,0,0,0.4,0,0.6,0,1,0,0,0,0,0,0,0,0,0,0,0,0,0,16.71147774,11.75445888,585
C2032,944,3,23,0,1,958,0,0,0,0,0,0,1,0,0,0,0,0,0,0,0,0,1,0,1,0,0,0,0,0,0,0,0,0,0,0,0,0,17.25624911,12.1402533,1162
C2094,410,3,16,0,15,402,0,0,0,0,0,0,1,0,0,0,0,0,0,0,0.571428571,0.428571429,0,0,1,0,0,0,0,0,0,0,0,0,0,0,0,0,16.50621112,11.5811447,318
C1880,635,3,15,0,15,508,0,0,0,0,0,0,1,0,0,0,0,0,0,0,0,0,1,0,1,0,0,0,0,0,0,0,0,0,0,0,0,0,16.93469864,11.79040567,761
C2089,962,3,27,0,1,873,0,0,0,0,0,0,1,0,0,0,0,0,0,0,0.5,0.166666667,0.333333333,0,1,0,0,0,0,0,0,0,0,0,0,0,0,0,16.61478427,11.77461731,572
C1744,822,2,13,0,2,827,0,0,0,0,0,0,1,0,0,0,0,0,0,0,0,0,1,0,1,0,0,0,0,0,0,0,0,0,0,0,0,0,17.15532887,12.17669533,979
C2046,1129,2,10,0,4,1137,0,0,0,0,0,0,1,0,0,0,0,0,0,0,0,0.5,0.5,0,1,0,0,0,0,0,0,0,0,0,0,0,0,0,16.9872123,12.2011032,1306
C2071,1479,2,21,0,3,1488,0,0,0,0,0,0,1,0,0,0,0,0,0,0,0.222222222,0.555555556,0.222222222,0,1,0,0,0,0,0,0,0,0,0,0,0,0,0,16.88611837,12.09859879,1398
C2635,330,2,1,0,3,259,0,0,0,0,0,0,1,0,0,0,0,0,0,0,0,0,1,0,1,0,0,0,0,0,0,0,0,0,0,0,0,0,17.38377484,12.60054421,442
C2390,386,2,4,0,4,299,0,0,0,0,0,0,1,0,0,0,0,0,0,0,0,0,1,0,1,0,0,0,0,0,0,0,0,0,0,0,0,0,17.28048968,12.497556,422
C2561,456,2,7,1,4,399,0,0,0,0,0,0,1,0,0,0,0,0,0,0,0.25,0.5,0.25,0,1,0,0,0,0,0,0,0,0,0,0,0,0,0,16.72246626,12.24115017,441
C1663,642,7,3,1,5,567,0,0,0,0,0,0,1,0,0,0,0,0,0,0,0,0,1,0,1,0,0,0,0,0,0,0,0,0,0,0,0,0,16.66979447,12.35250792,700
C2490,302,6,4,0,2,217,0,0,0,0,0,0,1,0,0,0,0,0,0,0,0,0,1,0,1,0,0,0,0,0,0,0,0,0,0,0,0,0,17.01812319,12.28379823,340
C2066,757,6,22,0,2,660,0,0,0,0,0,0,1,0,0,0,0,0,0,0,0.5,0.5,0,0,0,1,0,0,0,0,0,0,0,0,0,0,0,0,16.67367043,11.85138238,503
C1585,705,6,12,1,3,502,0,0,0,0,0,0,1,0,0,0,0,0,0,0,0.5,0.5,0,0,1,0,0,0,0,0,0,0,0,0,0,0,0,0,16.88388503,12.10507589,718
C2276,1072,7,18,0,4,894,0,0,0,0,0,0,1,0,0,0,0,0,0,0,0,0,1,0,1,0,0,0,0,0,0,0,0,0,0,0,0,0,16.68930116,12.01757204,1159
C1155,375,7,9,1,10,454,0,0,0,0,0,0,1,0,0,0,0,0,0,0,0,0,1,0,1,0,0,0,0,0,0,0,0,0,0,0,0,0,17.32550255,12.16525065,373
C1693,853,7,20,0,6,862,0,0,0,0,0,0,1,0,0,0,0,0,0,0,0,0.25,0.75,0,1,0,0,0,0,0,0,0,0,0,0,0,0,0,17.25624911,12.1402533,1087
C1889,1018,2,14,0,2,788,0,0,0,0,0,0,1,0,0,0,0,0,0,0,0.25,0.25,0.5,0,1,0,0,0,0,0,0,0,0,0,0,0,0,0,16.62636936,11.63046607,808
C2518,341,1,11,0,2,240,0,0,0,0,0,0,1,0,0,0,0,0,0,0,0,0,1,0,1,0,0,0,0,0,0,0,0,0,0,0,0,0,16.87566171,12.10774576,305
C1962,416,1,9,0,3,296,0,0,0,0,0,0,1,0,0,0,0,0,0,0,0,0,1,0,1,0,0,0,0,0,0,0,0,0,0,0,0,0,16.85445559,12.20878297,401
C1666,708,12,20,0,4,638,0,0,0,0,0,0,1,0,0,0,0,0,0,0,0.333333333,0.444444444,0.222222222,0,1,0,0,0,0,0,0,0,0,0,0,0,0,0,16.70527102,11.72827875,465
C1537,662,15,17,0,3,546,0,0,0,0,0,0,1,0,0,0,0,0,0,0,0,0,1,0,1,0,0,0,0,0,0,0,0,0,0,0,0,0,17.09799948,11.68536502,669
C1329,1002,8,30,0,2,775,0,0,0,0,0,0,1,0,0,0,0,0,0,0,0.375,0.375,0.25,0,1,0,0,0,0,0,0,0,0,0,0,0,0,0,16.77784115,11.8788178,554
C1762,462,13,4,0,2,325,0,0,0,0,0,0,1,0,0,0,0,0,0,0,0,0,1,0,1,0,0,0,0,0,0,0,0,0,0,0,0,0,16.74542349,11.56019066,460
C2008,781,2,7,2,5,663,0,0,0,0,0,0,1,0,0,0,0,0,0,0,0.4,0.3,0.3,0,1,0,0,0,0,0,0,0,0,0,0,0,0,0,16.97136138,12.38313037,548
C1319,496,3,16,0,1,428,0,0,0,0,0,0,1,0,0,0,0,0,0.166666667,0,0.333333333,0.166666667,0.333333333,0,1,0,0,0,0,0,0,0,0,0,0,0,0,0,16.39649541,11.70159856,398
C1141,630,3,28,0,2,637,0,0,0,0,0,0,1,0,0,0,0,0,0,0,0.333333333,0.333333333,0.333333333,0,1,0,0,0,0,0,0,0,0,0,0,0,0,0,16.44804667,11.49913075,620
C2340,512,9,15,0,3,362,0,0,0,1,0,0,0,0,0,0,0,0,0,0,1,0,0,0,1,0,0,0,0,0,0,0,0,0,0,0,0,0,17.29533426,12.54859795,382
C1929,492,15,19,0,4,426,0,0,0,0,0,0,1,0,0,0,0,0,0,0,0.166666667,0.5,0.333333333,0,1,0,0,0,0,0,0,0,0,0,0,0,0,0,16.70376897,11.90921528,413
C1681,534,2,9,0,7,465,0,0,0,0,0,0,1,0,0,0,0,0,0,0,0.25,0.375,0.375,0,1,0,0,0,0,0,0,0,0,0,0,0,0,0,17.36541526,12.45939617,520
C1184,458,2,4,0,3,403,0,0,0,0,0,0,1,0,0,0,0,0,0,0,0.285714286,0.428571429,0.285714286,0,1,0,0,0,0,0,0,0,0,0,0,0,0,0,17.36541526,12.45939617,488
C2383,762,2,14,0,3,661,0,0,0,0,0,0,1,0,0,0,0,0,0,0,0.222222222,0.333333333,0.444444444,0,1,0,0,0,0,0,0,0,0,0,0,0,0,0,17.36541526,12.45939617,832
C1579,1005,2,12,0,2,882,0,0,0,0,0,0,1,0,0,0,0,0,0,0,0.333333333,0.333333333,0.333333333,0,1,0,0,0,0,0,0,0,0,0,0,0,0,0,17.36541526,12.45939617,1158
C2173,775,2,4,1,2,665,0,0,0,0,0,0,1,0,0,0,0,0,0,0,0.25,0.5,0.25,0,1,0,0,0,0,0,0,0,0,0,0,0,0,0,17.5261515,12.53350414,745
C1911,890,8,21,1,2,985,0,0,0,0,0,0,1,0,0,0,0,0,0,0,0,0,1,0,1,0,0,0,0,0,0,0,0,0,0,0,0,0,17.16509881,12.36887154,831
C1638,494,13,10,0,6,358,0,0,0,0,0,0,1,0,0,0,0,0,0,0,0,0.4,0.6,0,1,0,0,0,0,0,0,0,0,0,0,0,0,0,16.8173243,11.49923214,413
C2412,571,12,10,0,2,492,0,0,0,0,0,0,1,0,0,0,0,0,0,0,0.4,0.4,0.2,0,1,0,0,0,0,0,0,0,0,0,0,0,0,0,16.9464291,11.83913089,487
C1871,550,12,15,0,4,385,0,0,0,0,0,0,1,0,0,0,0,0,0,0,0.5,0.5,0,0,1,0,0,0,0,0,0,0,0,0,0,0,0,0,16.37154594,11.26837189,408
C1309,383,12,15,0,4,385,0,0,0,0,0,0,1,0,0,0,0,0,0,0,0.142857143,0.571428571,0.285714286,0,1,0,0,0,0,0,0,0,0,0,0,0,0,0,16.74542349,11.51980177,446
C1527,996,4,23,0,4,834,0,0,0,0,0,0,1,0,0,0,0,0,0,0,0,0.4,0.6,0,1,0,0,0,0,0,0,0,0,0,0,0,0,0,16.77062915,11.94645959,1150
C2208,882,2,16,0,2,755,0,0,0,0,0,0,1,0,0,0,0,0,0,0,0.25,0.5,0.25,0,1,0,0,0,0,0,0,0,0,0,0,0,0,0,17.2799331,12.28861991,840
C1940,615,2,16,0,2,527,0,0,0,0,0,0,1,0,0,0,0,0,0,0,0.166666667,0.666666667,0.166666667,0,1,0,0,0,0,0,0,0,0,0,0,0,0,0,17.27217418,12.28094818,709
C2596,470,2,15,1,7,405,0,0,0,0,0,0,1,0,0,0,0,0,0,0,0.142857143,0.571428571,0.285714286,0,1,0,0,0,0,0,0,0,0,0,0,0,0,0,17.2799331,12.28861991,480
C2227,477,2,9,0,8,413,0,0,0,0,0,0,1,0,0,0,0,0,0,0,0.285714286,0.428571429,0.285714286,0,1,0,0,0,0,0,0,0,0,0,0,0,0,0,17.27217418,12.28094818,505
C2563,496,2,9,0,2,425,0,0,0,0,0,0,1,0,0,0,0,0,0,0,0.5,0.5,0,0,1,0,0,0,0,0,0,0,0,0,0,0,0,0,16.48895164,12.04653099,449
C2358,1260,3,24,0,8,941,0,0,0,0,0,0,1,0,0,0,0,0,0,0,0.5,0.5,0,0,1,0,0,0,0,0,0,0,0,0,0,0,0,0,16.79110091,11.70431418,1010
C1492,390,2,15,0,2,334,0,0,0,0,0,0,1,0,0,0,0,0,0,0,0.428571429,0.571428571,0,0,1,0,0,0,0,0,0,0,0,0,0,0,0,0,16.45306676,11.27441444,296
C1601,330,2,13,0,4,335,0,0,0,0,0,0,1,0,0,0,0,0,0,0,0,0.666666667,0.333333333,0,1,0,0,0,0,0,0,0,0,0,0,0,0,0,16.94196403,11.95337154,308
C1687,773,2,26,0,3,779,0,0,0,0,0,0,1,0,0,0,0,0,0,0,0.272727273,0.727272727,0,0,1,0,0,0,0,0,0,0,0,0,0,0,0,0,16.91438589,11.92576333,349
C1236,1124,2,29,0,2,1129,0,0,0,0,0,0,1,0,0,0,0,0,0,0,0.25,0.75,0,0,1,0,0,0,0,0,0,0,0,0,0,0,0,0,16.91438589,11.92576333,657
C1487,550,2,15,0,8,448,0,0,0,0,0,0,1,0,0,0,0,0,0,0,0,0,1,0,1,0,0,0,0,0,0,0,0,0,0,0,0,0,17.05512608,11.85810361,505
C1379,324,2,10,0,2,270,0,0,0,0,0,0,1,0,0,0,0,0,0,0,0.25,0.75,0,0,1,0,0,0,0,0,0,0,0,0,0,0,0,0,16.80215163,11.82224671,294
C1386,1497,12,15,0,5,1100,0,0,0,0,0,0,1,0,0,0,0,0,0,0,0.538461538,0.461538462,0,0,1,0,0,0,0,0,0,0,0,0,0,0,0,0,16.33256166,11.2025887,1145
C1656,531,12,7,0,2,480,0,0,0,0,0,0,1,0,0,0,0,0,0,0,0.375,0.5,0.125,0,1,0,0,0,0,0,0,0,0,0,0,0,0,0,16.59445405,11.64351503,257
C2526,355,4,16,0,2,291,0,0,0,0,0,0,1,0,0,0,0,0,0,0,0.4,0,0.6,0,1,0,0,0,0,0,0,0,0,0,0,0,0,0,16.66204653,11.67274576,321
C1022,389,2,4,0,4,352,0,0,0,0,0,0,1,0,0,0,0,0,0,0,0,1,0,0,1,0,0,0,0,0,0,0,0,0,0,0,0,0,17.02089579,12.31034257,450
C1896,712,2,3,0,2,658,0,0,0,0,0,0,1,0,0,0,0,0,0,0,0.333333333,0.5,0.166666667,0,1,0,0,0,0,0,0,0,0,0,0,0,0,0,17.02089579,12.31034257,845
C1269,561,2,1,0,3,572,0,0,0,0,0,0,1,0,0,0,0,0,0,0,0.25,0.5,0.25,0,1,0,0,0,0,0,0,0,0,0,0,0,0,0,16.80889007,12.17137768,643
C1916,816,2,2,1,4,822,0,0,0,0,0,0,1,0,0,0,0,0,0,0,0.25,0.5,0.25,0,1,0,0,0,0,0,0,0,0,0,0,0,0,0,16.85865109,12.21636945,752
C2070,898,2,6,0,3,909,0,0,0,0,0,0,1,0,0,0,0,0,0,0,0.2,0.4,0.4,0,1,0,0,0,0,0,0,0,0,0,0,0,0,0,16.87983562,12.23761976,735
C1967,581,2,6,0,3,530,0,0,0,0,0,0,1,0,0,0,0,0,0,0,0.25,0.75,0,0,1,0,0,0,0,0,0,0,0,0,0,0,0,0,16.67169337,12.21468545,639
C2021,851,2,7,0,3,771,0,0,0,0,0,0,1,0,0,0,0,0,0,0,0.083333333,0.666666667,0.25,0,1,0,0,0,0,0,0,0,0,0,0,0,0,0,16.5710167,12.14557927,902
C1143,693,2,3,1,11,717,0,0,0,0,0,0,1,0,0,0,0,0,0,0,0.666666667,0.333333333,0,0,1,0,0,0,0,0,0,0,0,0,0,0,0,0,16.54009006,12.01491214,632
C2188,136,2,3,0,2,136,0,0,0,0,0,0,1,0,0,0,0,0,0,0,1,0,0,0,1,0,0,0,0,0,0,0,0,0,0,0,0,0,16.77151399,12.07698849,125
C2651,225,2,5,0,2,277,0,0,0,0,0,0,1,0,0,0,0,0,0,0,0.5,0.5,0,0,1,0,0,0,0,0,0,0,0,0,0,0,0,0,16.84699793,12.16770328,282
C2657,866,2,7,0,4,692,0,0,0,0,0,0,1,0,0,0,0,0,0,0,0.142857143,0.571428571,0.285714286,0,1,0,0,0,0,0,0,0,0,0,0,0,0,0,17.34427994,12.35535435,782
C2527,383,2,8,0,3,317,0,0,0,0,0,0,1,0,0,0,0,0,0,0,0.2,0.4,0.4,0,1,0,0,0,0,0,0,0,0,0,0,0,0,0,17.34427994,12.35535435,375
C2262,720,11,30,0,4,581,0,0,0,0,0,0,1,0,0,0,0,0,0,0,0.375,0.375,0.25,0,1,0,0,0,0,0,0,0,0,0,0,0,0,0,17.02534564,12.13247993,540
C1084,280,4,2,0,2,280,0,0,0,0,0,0,1,0,0,0,0,0,0,0,0.333333333,0.333333333,0.333333333,0,1,0,0,0,0,0,0,0,0,0,0,0,0,0,16.59457825,11.60678004,226
C2530,307,1,19,0,5,296,0,0,0,0,0,0,1,0,0,0,0,0,0,0,0.333333333,0.333333333,0.333333333,0,1,0,0,0,0,0,0,0,0,0,0,0,0,0,17.16509881,12.31479251,302
C1046,232,1,9,0,4,195,0,0,0,0,0,0,1,0,0,0,0,0,0,0,0.666666667,0,0.333333333,0,1,0,0,0,0,0,0,0,0,0,0,0,0,0,16.4274169,11.98928386,156
C1761,602,1,18,0,2,715,0,0,0,0,0,0,1,0,0,0,0,0,0,0,0.166666667,0.5,0.333333333,0,1,0,0,0,0,0,0,0,0,0,0,0,0,0,16.79402161,12.26825739,730
C1102,522,1,21,0,7,525,0,0,0,0,0,0,1,0,0,0,0,0,0,0,0.333333333,0.333333333,0.333333333,0,1,0,0,0,0,0,0,0,0,0,0,0,0,0,16.66864186,12.24582207,417
C2420,457,6,3,1,8,537,0,0,0,0,0,0,1,0,0,0,0,0,0,0,0.285714286,0.285714286,0.428571429,0,1,0,0,0,0,0,0,0,0,0,0,0,0,0,17.05293332,12.0712261,505
C1122,808,6,7,2,2,728,0,0,0,0,0,0,1,0,0,0,0,0,0,0,0.428571429,0.571428571,0,0,1,0,0,0,0,0,0,0,0,0,0,0,0,0,16.9974319,12.01230584,1077
C2042,712,6,13,2,7,641,0,0,0,0,0,0,1,0,0,0,0,0,0,0,0.2,0.8,0,0,1,0,0,0,0,0,0,0,0,0,0,0,0,0,16.9974319,12.01230584,757
C1375,757,3,21,0,12,761,0,0,0,0,0,0,1,0,0,0,0,0,0,0,0,0.571428571,0.428571429,0,1,0,0,0,0,0,0,0,0,0,0,0,0,0,16.92773615,11.82999642,754
C1410,356,16,10,0,3,550,0,0,0,0,0,0,1,0,0,0,0,0,0,0,0.666666667,0,0.333333333,0,1,0,0,0,0,0,0,0,0,0,0,0,0,0,16.0297015,11.24190383,815
C1641,283,3,8,0,1,227,0,0,0,0,0,0,1,0,0,0,0,0,0,0,0.25,0.25,0.5,0,1,0,0,0,0,0,0,0,0,0,0,0,0,0,16.3738951,11.64177534,268
C1706,467,2,7,1,5,403,0,0,0,0,0,0,1,0,0,0,0,0,0,0,0.4,0,0.6,0,1,0,0,0,0,0,0,0,0,0,0,0,0,0,17.18576752,12.42573013,362
C1307,506,2,9,0,3,436,0,0,0,0,0,0,1,0,0,0,0,0,0,0,0.25,0.375,0.375,0,1,0,0,0,0,0,0,0,0,0,0,0,0,0,17.27604546,12.39226171,504
C2601,243,2,7,0,3,214,0,0,0,0,0,0,1,0,0,0,0,0,0,0,0,0,1,0,1,0,0,0,0,0,0,0,0,0,0,0,0,0,17.54593974,12.55901563,281
C1085,525,2,4,0,2,422,0,0,0,0,0,0,1,0,0,0,0,0,0,0,0.5,0.5,0,0,1,0,0,0,0,0,0,0,0,0,0,0,0,0,16.56727144,11.7884513,521
C2385,445,2,4,0,4,404,0,0,0,0,0,0,1,0,0,0,0,0,0,0,0,0.5,0.5,0,1,0,0,0,0,0,0,0,0,0,0,0,0,0,17.14190161,12.15628002,552
C1059,514,13,7,0,8,362,0,0,0,0,0,0,1,0,0,0,0,0,0,0,0.5,0.5,0,0,1,0,0,0,0,0,0,0,0,0,0,0,0,0,16.63867904,11.54232606,246
C2162,374,13,7,0,1,281,0,0,0,0,0,0,1,0,0,0,0,0,0,0,0,0,1,0,1,0,0,0,0,0,0,0,0,0,0,0,0,0,16.729219,11.53615359,347
C1819,330,12,15,0,1,253,0,0,0,0,0,0,1,0,0,0,0,0,0,0,0,0,1,0,1,0,0,0,0,0,0,0,0,0,0,0,0,0,16.60132395,11.61692505,272
C2325,378,13,3,0,1,265,0,0,0,0,0,0,1,0,0,0,0,0,0,0,0.2,0.4,0.4,0,1,0,0,0,0,0,0,0,0,0,0,0,0,0,16.54727729,11.35580371,293
C2394,277,15,20,0,2,222,0,0,0,0,0,0,1,0,0,0,0,0,0,0,0.375,0.375,0.25,0,0.375,0,0,0,0.625,0,0,0,0,0,0,0,0,0,18.00299021,10.65254237,254
C1133,856,13,10,0,3,777,0,0,0,0,0,0,1,0,0,0,0,0,0,0.166666667,0.333333333,0.333333333,0.166666667,0,1,0,0,0,0,0,0,0,0,0,0,0,0,0,16.89463967,11.75723088,842
C1281,646,13,4,0,3,583,0,0,0,0,0,0,1,0,0,0,0,0,0,0.2,0.4,0.4,0,0,1,0,0,0,0,0,0,0,0,0,0,0,0,0,16.66864186,11.56437875,484
C1194,511,14,3,0,4,413,0,0,0,0,0,0,1,0,0,0,0,0,0,0,0,0,1,0,1,0,0,0,0,0,0,0,0,0,0,0,0,0,16.75826391,12.25443415,585
C2308,285,1,3,0,1,200,0,0,0,0,0,0,1,0,0,0,0,0,0,0,0,0,1,0,1,0,0,0,0,0,0,0,0,0,0,0,0,0,16.35285152,12.13966571,244
C2036,256,1,2,0,1,199,0,0,0,0,0,0,1,0,0,0,0,0,0,0,0,0.75,0.25,0,1,0,0,0,0,0,0,0,0,0,0,0,0,0,16.67639629,11.57204307,258
C1394,466,13,0,0,1,329,0,0,0,0,0,0,1,0,0,0,0,0,0,0,0.5,0.5,0,0,1,0,0,0,0,0,0,0,0,0,0,0,0,0,16.34084974,11.42049141,271
C1180,314,13,15,0,1,241,0,0,0,0,0,0,1,0,0,0,0,0,0,0,0,0,1,0,1,0,0,0,0,0,0,0,0,0,0,0,0,0,16.63623447,11.44603752,311
C2503,382,14,7,0,2,306,0,0,0,0,0,0,1,0,0,0,0,0,0,0,0.5,0.5,0,0,1,0,0,0,0,0,0,0,0,0,0,0,0,0,16.53657454,11.72135484,327
C1907,212,14,7,0,3,163,0,0,0,0,0,0,1,0,0,0,0,0,0,0,0.5,0.5,0,0,1,0,0,0,0,0,0,0,0,0,0,0,0,0,16.32069763,11.5378127,207
C2181,872,16,15,0,6,733,0,0,0,0,0,0,1,0,0,0,0,0,0,0,0.333333333,0.333333333,0.333333333,0,1,0,0,0,0,0,0,0,0,0,0,0,0,0,16.51438546,11.80395194,683
C1768,508,16,4,0,1,370,0,0,0,0,0,0,1,0,0,0,0,0,0,0,0,0,1,0,1,0,0,0,0,0,0,0,0,0,0,0,0,0,16.5685977,11.90949503,670
C1783,594,6,16,1,6,596,0,0,0,0,0,0,1,0,0,0,0,0,0,0,0.2,0.6,0.2,0,1,0,0,0,0,0,0,0,0,0,0,0,0,0,16.97234075,11.98891117,570
C2192,514,16,16,0,2,442,0,0,0,0,0,0,1,0,0,0,0,0,0,0.2,0.4,0.4,0,0,1,0,0,0,0,0,0,0,0,0,0,0,0,0,16.22668096,11.51612036,324
C2346,558,16,12,0,3,449,0,0,0,0,0,0,1,0,0,0,0,0,0,0,0,0.4,0.6,0,1,0,0,0,0,0,0,0,0,0,0,0,0,0,16.59854454,11.85708238,553
C2680,758,3,19,0,7,564,0,0,0,0,0,0,1,0,0,0,0,0,0,0,0.333333333,0.666666667,0,0,1,0,0,0,0,0,0,0,0,0,0,0,0,0,17.04603824,11.88731262,590
C2631,812,3,2,0,3,612,0,0,0,0,0,0,1,0,0,0,0,0,0,0,0.428571429,0.428571429,0.142857143,0,1,0,0,0,0,0,0,0,0,0,0,0,0,0,16.83715421,11.53878812,638
C2141,504,3,2,0,6,445,0,0,0,0,0,0,1,0,0,0,0,0,0,0,0.25,0.75,0,0,1,0,0,0,0,0,0,0,0,0,0,0,0,0,17.13692145,12.27632769,495
C1569,631,3,8,0,3,442,0,0,0,0,0,0,1,0,0,0,0,0,0,0,0.714285714,0.285714286,0,0,1,0,0,0,0,0,0,0,0,0,0,0,0,0,16.34690313,11.38486479,528
C2099,332,1,3,0,2,258,0,0,0,0,0,0,1,0,0,0,0,0,0,0,0.2,0.6,0.2,0,1,0,0,0,0,0,0,0,0,0,0,0,0,0,16.33987828,11.53615359,383
C2287,409,16,18,0,3,330,0,0,0,0,0,0,1,0,0,0,0,0,0,0,0.285714286,0.428571429,0.285714286,0,1,0,0,0,0,0,0,0,0,0,0,0,0,0,16.43720371,11.64008661,284
C2055,773,16,22,0,4,817,0,0,0,0,0,0,1,0,0,0,0,0,0,0,0.333333333,0.333333333,0.333333333,0,1,0,0,0,0,0,0,0,0,0,0,0,0,0,17.00804241,12.04930187,723
C1428,375,1,6,0,2,360,0,0,0,0,0,0,1,0,0,0,0,0,0,0,0.142857143,0.571428571,0.285714286,0,1,0,0,0,0,0,0,0,0,0,0,0,0,0,16.87050182,12.03480972,333
C2522,747,1,13,0,2,698,0,0,0,0,0,0,1,0,0,0,0,0,0,0,0.285714286,0.428571429,0.285714286,0,1,0,0,0,0,0,0,0,0,0,0,0,0,0,16.92773615,12.03480972,610
C2560,372,1,3,0,1,374,0,0,0,0,0,0,1,0,0,0,0,0,0,0,0,0,1,0,1,0,0,0,0,0,0,0,0,0,0,0,0,0,16.66883801,12.31062053,481
C2068,434,1,3,0,1,384,0,0,0,0,0,0,1,0,0,0,0,0,0,0,0,0,1,0,1,0,0,0,0,0,0,0,0,0,0,0,0,0,16.83469704,12.40273068,594
C2603,538,16,9,0,2,393,0,0,0,0,0,0,1,0,0,0,0,0,0,0,0,0.666666667,0.333333333,0,1,0,0,0,0,0,0,0,0,0,0,0,0,0,16.61674747,11.68671069,509
C1965,498,16,13,0,5,480,0,0,0,0,0,0,1,0,0,0,0,0,0,0,0.4,0.4,0.2,0,1,0,0,0,0,0,0,0,0,0,0,0,0,0,16.66864186,11.7851639,500
C1660,718,3,13,0,3,550,0,0,0,0,0,0,1,0,0,0,0,0,0,0,0.375,0.375,0.25,0,1,0,0,0,0,0,0,0,0,0,0,0,0,0,16.4696676,11.45899712,512
C2378,818,2,25,0,12,640,0,0,0,0,0,0,1,0,0,0,0,0,0,0,0,0,1,0,1,0,0,0,0,0,0,0,0,0,0,0,0,0,16.77775647,12.41699647,901
C1268,1035,2,21,0,15,911,0,0,0,0,0,0,1,0,0,0,0,0,0,0,0.333333333,0.333333333,0.333333333,0,1,0,0,0,0,0,0,0,0,0,0,0,0,0,16.71555758,12.17931791,934
C1994,431,3,3,0,1,319,0,0,0,0,0,0,1,0,0,0,0,0,0,0,0,0.5,0.5,0,1,0,0,0,0,0,0,0,0,0,0,0,0,0,16.59244348,11.56628174,496
C1837,467,3,21,0,4,366,0,0,0,0,0,0,1,0,0,0,0,0,0,0.333333333,0,0.333333333,0.333333333,0,1,0,0,0,0,0,0,0,0,0,0,0,0,0,16.71004033,11.88165743,398
C1000,566,16,10,0,1,438,0,0,0,0,0,0,1,0,0,0,0,0,0,0,0.428571429,0.285714286,0.285714286,0,1,0,0,0,0,0,0,0,0,0,0,0,0,0,16.4830165,11.77251666,481
C1465,861,16,26,0,4,812,0,0,0,0,0,0,1,0,0,0,0,0,0,0,0.5,0.5,0,0,1,0,0,0,0,0,0,0,0,0,0,0,0,0,16.81754205,11.94538753,557
C1448,1116,5,25,0,2,1050,0,0,0,0,0,0,1,0,0,0,0,0,0,0,0,0.444444444,0.555555556,0,1,0,0,0,0,0,0,0,0,0,0,0,0,0,17.28772543,12.07767093,1284
C1516,456,12,8,0,1,367,0,0,0,0,0,0,1,0,0,0,0,0,0,0,0.6,0.4,0,0,0,1,0,0,0,0,0,0,0,0,0,0,0,0,15.90118265,11.09178819,475
C2670,648,13,9,0,2,600,0,0,0,0,0,0,1,0,0,0,0,0,0,0.2,0.6,0,0.2,0,1,0,0,0,0,0,0,0,0,0,0,0,0,0,16.51438546,11.62151078,435
C1365,875,2,5,0,2,903,0,0,0,0,0,0,1,0,0,0,0,0,0,0,0.2,0.1,0.7,0,0,0,0,0,0,0,0,1,0,0,0,0,0,0,17.78292042,12.73487717,945
C1177,1668,7,17,1,10,1670,0,0,0,0,0,0,1,0,0,0,0,0,0,0.1875,0.4375,0.1875,0.1875,0,1,0,0,0,0,0,0,0,0,0,0,0,0,0,17.02534564,12.0563538,1044
C1360,443,4,22,0,2,362,0,0,0,0,0,0,1,0,0,0,0,0,0,0.166666667,0,0.5,0.333333333,0,1,0,0,0,0,0,0,0,0,0,0,0,0,0,16.66511819,11.74973521,375
C2488,1215,5,28,0,4,1105,0,0,0,0,0,0,1,0,0,0,0,0,0,0,0.375,0.625,0,0,0.375,0,0,0,0.625,0,0,0,0,0,0,0,0,0,18.23779103,10.67775378,1023
C1406,1647,7,13,0,2,1670,0,0,0,0,0,0,1,0,0,0,0,0,0,0.285714286,0.214285714,0.214285714,0.285714286,0,1,0,0,0,0,0,0,0,0,0,0,0,0,0,17.22809837,11.96646802,1350
C1566,462,12,13,0,6,387,0,0,0,0,0,0,1,0,0,0,0,0,0,0,0.5,0.333333333,0.166666667,0,1,0,0,0,0,0,0,0,0,0,0,0,0,0,16.49652659,11.55289382,284
C1227,806,3,7,0,1,707,0,0,0,0,0,0,1,0,0,0,0,0,0.222222222,0,0.222222222,0.333333333,0.222222222,0,1,0,0,0,0,0,0,0,0,0,0,0,0,0,17.29499526,12.48502926,823
C2460,1017,2,17,0,3,879,0,0,0,0,0,0,1,0,0,0,0,0,0.166666667,0,0.166666667,0.5,0.166666667,0,0.666666667,0,0,0,0,0,0,0.333333333,0,0,0,0,0,0,17.63863677,12.65095076,793
C2486,589,3,2,0,4,515,0,0,0,0,0,0,1,0,0,0,0,0,0.2,0,0.3,0.3,0.2,0,1,0,0,0,0,0,0,0,0,0,0,0,0,0,16.88949162,12.3411567,587
C2106,504,16,18,0,2,434,0,0,0,0,0,0,1,0,0,0,0,0,0,0.2,0.4,0.4,0,0,1,0,0,0,0,0,0,0,0,0,0,0,0,0,16.26072305,11.53400179,353
C1572,937,3,32,0,3,770,0,0,0,0,0,0,1,0,0,0,0,0,0,0.333333333,0.333333333,0.166666667,0.166666667,0,0.666666667,0,0,0,0.333333333,0,0,0,0,0,0,0,0,0,16.32136297,11.44796019,479
C1773,840,2,15,0,4,772,0,0,0,0,0,0,1,0,0,0,0,0,0.111111111,0,0.222222222,0.444444444,0.222222222,0,1,0,0,0,0,0,0,0,0,0,0,0,0,0,17.54132446,12.69698124,614
C1677,1144,2,9,0,4,1039,0,0,0,0,0,0,1,0,0,0,0,0,0.181818182,0,0.272727273,0.272727273,0.272727273,0,0,0,0,0,0,0,0,1,0,0,0,0,0,0,17.40572923,12.61665796,1101
C1823,553,16,14,0,3,584,0,0,0,0,0,0,1,0,0,0,0,0,0,0,0.333333333,0.666666667,0,0,1,0,0,0,0,0,0,0,0,0,0,0,0,0,17.04330648,12.11969743,652
C1344,424,9,0,0,3,467,0,0,0.333333333,0,0,0.666666667,0,0,0,0,0,0,0,0,0,0,0.333333333,0.666666667,1,0,0,0,0,0,0,0,0,0,0,0,0,0,18.56030938,12.81041194,509
C2692,499,4,19,0,2,409,0,0,0,0,0,0,1,0,0,0,0,0,0,0,0.4,0.4,0.2,0,1,0,0,0,0,0,0,0,0,0,0,0,0,0,16.71544753,11.79184425,437
C2505,200,4,2,0,2,153,0,0,0,0,0,0,1,0,0,0,0,0,0,0,0.6,0.4,0,0,1,0,0,0,0,0,0,0,0,0,0,0,0,0,15.96704018,11.21868862,163
C2587,603,4,23,0,3,506,0,0,0,0,0,0,1,0,0,0,0,0,0,0,0.428571429,0.285714286,0.285714286,0,1,0,0,0,0,0,0,0,0,0,0,0,0,0,16.80607952,11.8145844,589
C2127,700,3,21,0,2,592,0,0,0,0,0,0,1,0,0,0,0,0,0,0,0.333333333,0.5,0.166666667,0,1,0,0,0,0,0,0,0,0,0,0,0,0,0,16.85055969,12.07214117,403
C1316,107,15,7,0,2,27,0,0,0,0,0,0,1,0,0,0,0,0,0,0.5,0,0,0.5,0,0.5,0,0,0,0.5,0,0,0,0,0,0,0,0,0,17.04264533,11.11731069,22
C1674,318,12,4,0,1,262,0,0,0,0,0,0,1,0,0,0,0,0,0,0,0.5,0.5,0,0,1,0,0,0,0,0,0,0,0,0,0,0,0,0,16.40082921,11.56725703,322
C1713,656,3,2,0,1,527,0,0,0,0,0,0,1,0,0,0,0,0,0,0,0.666666667,0.166666667,0.166666667,0,1,0,0,0,0,0,0,0,0,0,0,0,0,0,16.20638122,11.67223425,566
C1845,306,1,0,0,3,248,0,0,0,0,0,0,1,0,0,0,0,0,0,0,0.25,0.5,0.25,0,1,0,0,0,0,0,0,0,0,0,0,0,0,0,17.07379939,12.40766564,277
C2082,970,2,19,0,2,845,0,0,0,0,0,0,1,0,0,0,0,0,0.166666667,0,0.166666667,0.5,0.166666667,0,1,0,0,0,0,0,0,0,0,0,0,0,0,0,17.7041421,12.71442521,822
C1328,992,2,36,0,15,871,0,0,0,0,0,0,1,0,0,0,0,0,0.090909091,0,0.363636364,0.363636364,0.181818182,0,0.454545455,0,0,0,0.545454545,0,0,0,0,0,0,0,0,0,18.56030938,11.22857118,770
C2357,533,8,25,1,2,484,0,0,0,0,0,0,1,0,0,0,0,0,0,0.166666667,0.333333333,0.333333333,0.166666667,0,0.666666667,0,0,0,0.166666667,0,0.166666667,0,0,0,0,0,0,0,17.27706331,12.6435208,345
C2565,1006,4,33,0,3,915,0,0,0,0,0,0,1,0,0,0,0,0,0,0,0.25,0.5,0.25,0,1,0,0,0,0,0,0,0,0,0,0,0,0,0,16.82223223,12.07954524,1090
C1804,478,2,3,0,3,629,0,0,1,0,0,0,0,0,0,0,0,0,0,0,0,0,0,1,1,0,0,0,0,0,0,0,0,0,0,0,0,0,18.3179501,13.30104498,951
C2255,560,15,2,0,2,400,0,0,0,0,0,0,0.666666667,0.333333333,0,0,0,0.166666667,0.5,0,0.166666667,0.166666667,0,0,0.666666667,0,0,0,0.166666667,0,0,0,0.166666667,0,0,0,0,0,16.08727319,11.35872478,410
C1343,600,2,8,1,4,528,0,0,0,0,0,0,1,0,0,0,0,0,0,0,0.333333333,0.333333333,0.333333333,0,1,0,0,0,0,0,0,0,0,0,0,0,0,0,17.02691857,12.31133316,549
C1987,291,8,26,3,4,257,0,0,0,0,0,0,1,0,0,0,0,0,0,0,0,0.666666667,0.333333333,0,1,0,0,0,0,0,0,0,0,0,0,0,0,0,17.60845719,12.81849772,166
C2479,679,2,13,0,2,615,0,0,0,0,0,0,1,0,0,0,0,0,0,0,0.285714286,0.428571429,0.285714286,0,1,0,0,0,0,0,0,0,0,0,0,0,0,0,17.40166491,12.60786435,647
C2352,1065,9,7,0,4,879,0,0,0,0,0,0,0.7,0.3,0,0,0,0.1,0.2,0,0.3,0.4,0,0,0.7,0,0,0,0,0,0,0,0.3,0,0,0,0,0,16.86074703,12.47876798,793
C1310,1037,1,17,0,6,936,0,0,0,0,0,0,1,0,0,0,0,0,0.111111111,0,0.333333333,0.222222222,0.333333333,0,1,0,0,0,0,0,0,0,0,0,0,0,0,0,16.98043693,12.2266103,1084
C1738,715,3,13,0,3,582,0,0,0,0,0,0,1,0,0,0,0,0,0,0,0.5,0.25,0.25,0,1,0,0,0,0,0,0,0,0,0,0,0,0,0,16.56514779,11.71494763,682
C1039,790,9,13,0,3,673,0,0,0,0,0,0,0.545454545,0.181818182,0,0.272727273,0,0,0.181818182,0.090909091,0.272727273,0.181818182,0.272727273,0,0.818181818,0,0,0,0,0,0,0,0.181818182,0,0,0,0,0,16.8611752,12.16655189,645
C1863,1099,16,24,0,4,1154,0,0,0,0,0,0,1,0,0,0,0,0,0.125,0,0.375,0.5,0,0,1,0,0,0,0,0,0,0,0,0,0,0,0,0,16.80068127,12.00903742,733
C1426,374,4,2,0,2,321,0,0,0,0,0,0,1,0,0,0,0,0,0.2,0,0.6,0,0.2,0,1,0,0,0,0,0,0,0,0,0,0,0,0,0,16.11649437,11.88324687,262
C2659,504,2,3,1,3,438,0,0,0,0,0,0,0.545454545,0.454545455,0,0,0,0.181818182,0.454545455,0,0.272727273,0.090909091,0,0,0.545454545,0,0,0,0,0,0,0,0.454545455,0,0,0,0,0,16.57495072,12.02532984,365
C2489,1128,8,36,0,4,951,0,0,0,0,0,0,1,0,0,0,0,0,0,0,0,0.333333333,0.666666667,0,1,0,0,0,0,0,0,0,0,0,0,0,0,0,16.98237704,12.56199731,950
C2211,304,12,4,0,1,230,0,0,0,0,0,0,1,0,0,0,0,0,0,0,0.666666667,0.333333333,0,0,1,0,0,0,0,0,0,0,0,0,0,0,0,0,15.98775915,11.35720689,244
C2314,600,7,13,0,2,360,0,0,0,0,0,0,0.571428571,0.428571429,0,0,0,0.285714286,0.142857143,0.285714286,0.142857143,0.142857143,0,0,0.571428571,0,0,0,0,0,0,0,0.428571429,0,0,0,0,0,16.30780651,11.93832391,343
C1861,690,13,16,0,3,652,0,0,0,0,0,0,1,0,0,0,0,0,0.5,0,0,0.25,0.25,0,1,0,0,0,0,0,0,0,0,0,0,0,0,0,16.26508048,11.98343318,613
C2389,690,16,21,0,3,694,0,0,0,0,0,0,1,0,0,0,0,0,0,0.333333333,0,0.333333333,0.333333333,0,1,0,0,0,0,0,0,0,0,0,0,0,0,0,16.40590272,11.69716185,561
C1490,749,16,24,0,3,759,0,0,1,0,0,0,0,0,0,0,0,0,0,0,0,0,0,1,1,0,0,0,0,0,0,0,0,0,0,0,0,0,17.24975277,12.88267083,899
C1024,680,9,2,0,3,877,0,0,1,0,0,0,0,0,0,0,0,0,0,0,0,0,0.1,0.9,1,0,0,0,0,0,0,0,0,0,0,0,0,0,18.48678634,13.3488294,957
C1788,376,3,28,0,3,380,0,0,1,0,0,0,0,0,0,0,0,0,0,0,0,0,1,0,1,0,0,0,0,0,0,0,0,0,0,0,0,0,17.29091794,12.80530146,412
C1740,783,4,29,0,6,978,0,0,1,0,0,0,0,0,0,0,0,0,0,0,0,0,0.5,0.5,1,0,0,0,0,0,0,0,0,0,0,0,0,0,17.32147811,13.07805705,979
C2620,1029,12,28,0,6,1061,0,0,1,0,0,0,0,0,0,0,0,0,0,0,0,0,0.4,0.6,1,0,0,0,0,0,0,0,0,0,0,0,0,0,17.12144443,13.19002203,1709
C1286,919,12,27,0,2,988,0,0,1,0,0,0,0,0,0,0,0,0,0,0,0,0,0,1,1,0,0,0,0,0,0,0,0,0,0,0,0,0,17.39066125,13.28787782,881
C1089,368,12,14,0,2,285,0,0,0,0,0,0,1,0,0,0,0,0,0,0,0.333333333,0.333333333,0.333333333,0,1,0,0,0,0,0,0,0,0,0,0,0,0,0,16.47324944,11.70098055,309
C2237,70,15,7,0,2,50,0,0,0,0,0,0,1,0,0,0,0,0,0,0,0.666666667,0.333333333,0,0,1,0,0,0,0,0,0,0,0,0,0,0,0,0,15.96307793,10.97609804,55
C1341,922,5,7,0,1,731,0,0,0,0,0,0,0.777777778,0.222222222,0,0,0,0.222222222,0,0,0.666666667,0.111111111,0,0,0.777777778,0,0,0,0,0,0,0,0.222222222,0,0,0,0,0,16.37637466,11.99095927,442
C1338,622,8,13,1,3,551,0,0,0,0,0,0,1,0,0,0,0,0,0,0,0,0.8,0.2,0,1,0,0,0,0,0,0,0,0,0,0,0,0,0,17.1778285,12.39487317,551
C2405,600,3,22,0,8,728,0,0,1,0,0,0,0,0,0,0,0,0,0,0,0,0,0,1,1,0,0,0,0,0,0,0,0,0,0,0,0,0,17.40216347,13.31046818,1240
C1969,1366,6,29,0,2,1192,0,0,0,0,0,0,0.666666667,0.333333333,0,0,0,0,0.5,0,0.333333333,0.166666667,0,0,0.666666667,0,0.333333333,0,0,0,0,0,0,0,0,0,0,0,16.24114479,11.90978737,886
C2274,1122,16,34,0,3,1182,0,0,0,0,0,0,1,0,0,0,0,0,0.285714286,0,0.428571429,0.285714286,0,0,1,0,0,0,0,0,0,0,0,0,0,0,0,0,16.52662273,11.86132627,713
C1699,752,2,7,0,7,680,0,0,0,0,0,0,1,0,0,0,0,0,0,0,0.142857143,0.428571429,0.428571429,0,1,0,0,0,0,0,0,0,0,0,0,0,0,0,17.4308242,12.59513733,606
C2251,886,2,16,0,3,809,0,0,0,0,0,0,1,0,0,0,0,0,0.090909091,0,0.181818182,0.545454545,0.181818182,0,0,0,0,0,0,0,0,1,0,0,0,0,0,0,17.400029,12.55644779,870
C1340,552,13,21,0,3,523,0,0,0,0,0,0,1,0,0,0,0,0,0.4,0,0.4,0.2,0,0,1,0,0,0,0,0,0,0,0,0,0,0,0,0,16.03980973,12.10265469,410
C2373,850,14,9,0,5,948,0,0,0,0,0,0,1,0,0,0,0,0,0,0,0.5,0.333333333,0.166666667,0,1,0,0,0,0,0,0,0,0,0,0,0,0,0,16.76437694,12.28103009,800
C1455,432,1,2,0,5,349,0,0,0,0,0,0,1,0,0,0,0,0,0.333333333,0,0.333333333,0.333333333,0,0,1,0,0,0,0,0,0,0,0,0,0,0,0,0,15.83400711,12.0365291,420
C2137,960,4,30,0,8,876,0,0,0,0,0,0,1,0,0,0,0,0,0.333333333,0,0.333333333,0.333333333,0,0,0.666666667,0,0,0,0.333333333,0,0,0,0,0,0,0,0,0,16.0615253,11.94697803,752
C1985,874,12,28,0,4,722,0,0,0,0,0,0,1,0,0,0,0,0,0,0,0.5,0.25,0.25,0,1,0,0,0,0,0,0,0,0,0,0,0,0,0,16.3687739,12.15502833,630
C2583,1106,7,21,1,2,752,0,0,0,0,0,0,0.545454545,0.454545455,0,0,0,0.090909091,0.363636364,0,0.363636364,0.181818182,0,0,0.545454545,0,0,0,0,0,0,0,0.454545455,0,0,0,0,0,16.24886072,12.17329116,982
C2663,772,2,14,0,3,700,0,0,0,0,0,0,1,0,0,0,0,0,0.166666667,0,0.333333333,0.333333333,0.166666667,0,0,0,0,0,0,0,0,1,0,0,0,0,0,0,17.14692979,12.52153115,652
C2450,483,2,8,0,5,437,0,0,0,0,0,0,1,0,0,0,0,0,0,0,0.166666667,0.5,0.333333333,0,0,0,0,0,0,0,0,1,0,0,0,0,0,0,17.48798112,12.65271169,451
C2329,1028,6,24,0,5,973,0,0,0,0,0,0,1,0,0,0,0,0,0.25,0,0.25,0.25,0.25,0,1,0,0,0,0,0,0,0,0,0,0,0,0,0,16.77936373,12.52109229,821
C1834,326,1,4,0,1,268,0,0,0,0,0,0,1,0,0,0,0,0,0,0,0.333333333,0.333333333,0.333333333,0,1,0,0,0,0,0,0,0,0,0,0,0,0,0,16.59612945,12.06790194,255
C1848,532,5,9,0,3,660,0,0,1,0,0,0,0,0,0,0,0,0,0,0,0,0,1,0,1,0,0,0,0,0,0,0,0,0,0,0,0,0,17.5352344,13.14316551,625
C1743,791,6,16,1,1,944,0,0,1,0,0,0,0,0,0,0,0,0,0,0,0,0,0,1,1,0,0,0,0,0,0,0,0,0,0,0,0,0,17.31201812,13.11231304,1653
C1350,1401,7,2,0,6,1636,0,0.538461538,0.230769231,0,0,0.230769231,0,0,0,0,0,0,0,0,0,0,0.461538462,0.538461538,0.461538462,0,0,0.538461538,0,0,0,0,0,0,0,0,0,0,17.14817925,12.26349214,2315
C1402,344,16,16,0,2,344,0,0,1,0,0,0,0,0,0,0,0,0,0,0,0,0,0.4,0.6,1,0,0,0,0,0,0,0,0,0,0,0,0,0,17.62217305,13.08154138,498
C1103,935,1,31,0,2,939,0,0,0,0,0,0,1,0,0,0,0,0,0.25,0,0.25,0.25,0.25,0,1,0,0,0,0,0,0,0,0,0,0,0,0,0,16.48452926,12.29584452,787
C1129,1444,2,2,1,10,1275,0,0,1,0,0,0,0,0,0,0,0,0,0,0,0,0,1,0,1,0,0,0,0,0,0,0,0,0,0,0,0,0,17.80693607,13.16254517,1668
C1027,452,3,21,0,5,461,0,0,0,0,0,0,1,0,0,0,0,0,0,0.2,0.2,0.6,0,0,1,0,0,0,0,0,0,0,0,0,0,0,0,0,17.10581362,12.63280989,207
C2377,1105,3,22,0,3,1110,0,0,0,0,0,0,1,0,0,0,0,0,0,0.166666667,0.166666667,0.333333333,0.333333333,0,1,0,0,0,0,0,0,0,0,0,0,0,0,0,17.09916238,12.62927944,579
C2661,354,14,12,0,6,297,0,0,0,0,0,0,1,0,0,0,0,0,0.333333333,0,0.333333333,0.333333333,0,0,1,0,0,0,0,0,0,0,0,0,0,0,0,0,16.13936779,12.13355571,330
C1263,268,16,4,0,5,214,0,0,0,0,0,0,1,0,0,0,0,0,0.4,0,0.4,0.2,0,0,1,0,0,0,0,0,0,0,0,0,0,0,0,0,15.79014699,11.7338265,217
C1136,984,2,31,0,15,865,0,0,0,0,0,0,1,0,0,0,0,0,0.25,0,0.25,0.25,0.25,0,0.5,0,0,0,0.5,0,0,0,0,0,0,0,0,0,17.62888371,11.54289697,763
C2605,624,1,6,0,3,535,0,0,0,0,0,0,1,0,0,0,0,0,0,0,0.333333333,0.666666667,0,0,1,0,0,0,0,0,0,0,0,0,0,0,0,0,16.9326194,12.48158092,572
C2393,1546,2,1,1,2,1176,0,0,0,0,0,0,0.615384615,0.384615385,0,0,0,0,0.230769231,0.153846154,0.307692308,0.307692308,0,0,0.307692308,0,0,0,0,0,0,0.307692308,0.384615385,0,0,0,0,0,16.71830484,12.27862584,922
C1673,640,16,22,0,1,549,0,0,0,0,0,0,1,0,0,0,0,0,0.4,0,0.2,0.4,0,0,1,0,0,0,0,0,0,0,0,0,0,0,0,0,16.06268864,11.98424073,526
C1017,1460,7,27,0,2,1534,0,0,0,0,0,0,1,0,0,0,0,0,0.333333333,0,0.333333333,0.333333333,0,0,1,0,0,0,0,0,0,0,0,0,0,0,0,0,16.5366744,12.33696932,1246
C2539,396,15,8,0,2,237,0,0,0,0,0,0,0.833333333,0.166666667,0,0,0,0,0.5,0,0.333333333,0.166666667,0,0,0.833333333,0,0,0,0.166666667,0,0,0,0,0,0,0,0,0,15.8495624,11.71483863,228
C1933,1022,5,8,0,3,1202,0,0,1,0,0,0,0,0,0,0,0,0,0,0,0,0,0,1,1,0,0,0,0,0,0,0,0,0,0,0,0,0,17.37085862,13.16158409,1730
C2316,1126,6,36,0,4,983,0,0,0,0,0,0,1,0,0,0,0,0,0.5,0,0.25,0.25,0,0,1,0,0,0,0,0,0,0,0,0,0,0,0,0,15.98173809,12.01534647,712
C2414,924,16,13,0,4,986,0,0,1,0,0,0,0,0,0,0,0,0,0,0,0,0,1,0,1,0,0,0,0,0,0,0,0,0,0,0,0,0,17.24006633,12.5086187,1200
C1301,340,6,19,0,4,320,0,0,0,0,0,0,1,0,0,0,0,0,0.666666667,0.333333333,0,0,0,0,1,0,0,0,0,0,0,0,0,0,0,0,0,0,16.16821826,11.88957949,202
C1700,922,6,39,0,2,804,0,0,1,0,0,0,0,0,0,0,0,0,0,0,0,0,1,0,1,0,0,0,0,0,0,0,0,0,0,0,0,0,17.21670794,12.97154049,979
C1636,632,2,7,0,15,750,0,0,1,0,0,0,0,0,0,0,0,0,0,0,0,0,0,1,1,0,0,0,0,0,0,0,0,0,0,0,0,0,18.19126758,13.3488294,946
C2612,1684,10,27,0,2,1670,0,0,0,0,0,0,1,0,0,0,0,0,0.5,0,0.25,0.25,0,0,1,0,0,0,0,0,0,0,0,0,0,0,0,0,16.23142434,12.06783344,1832
C1757,794,8,13,2,4,676,0,0,0,0,0,0,1,0,0,0,0,0,0,0.25,0.25,0.5,0,0,1,0,0,0,0,0,0,0,0,0,0,0,0,0,17.27230654,12.52833792,508
C2507,1454,2,4,0,4,880,0,0,0,0,0,0,0.722222222,0.277777778,0,0,0,0.055555556,0.388888889,0,0.222222222,0.277777778,0.055555556,0,0.833333333,0,0,0,0,0,0,0,0.166666667,0,0,0,0,0,16.60931023,12.23616529,763
C1163,316,4,20,0,2,239,0,0,0,0,0,0,1,0,0,0,0,0,0.333333333,0,0.333333333,0.333333333,0,0,1,0,0,0,0,0,0,0,0,0,0,0,0,0,16.06743374,12.21021406,326
C2627,580,12,18,0,2,378,0,0,0,0,0,0,0.666666667,0.333333333,0,0,0,0.333333333,0.333333333,0,0.166666667,0.166666667,0,0,0.666666667,0,0,0,0,0,0,0,0.333333333,0,0,0,0,0,15.78569511,11.40221734,404
C2040,198,16,11,0,2,200,0,0,1,0,0,0,0,0,0,0,0,0,0,0,0,0,0,1,1,0,0,0,0,0,0,0,0,0,0,0,0,0,17.78133257,13.15861672,336
C2609,556,14,17,0,2,490,0,0,0,0,0,0,1,0,0,0,0,0.333333333,0,0.333333333,0,0.333333333,0,0,1,0,0,0,0,0,0,0,0,0,0,0,0,0,16.16821826,12.12404881,555
C2001,540,2,10,0,8,500,0,0,0,0,0,0,1,0,0,0,0,0,0.4,0.4,0,0.2,0,0,0,0,0,0,0,0,0,1,0,0,0,0,0,0,16.25175204,11.91170158,417
C1065,938,4,37,0,3,1117,0,0,0,0,0,0,1,0,0,0,0,0,0.333333333,0.333333333,0,0.333333333,0,0,0,0,0,0,0,0,0,1,0,0,0,0,0,0,16.08959329,12.03552154,1255
C1363,2200,2,11,0,6,1670,0,0,0,0,0,0,0.785714286,0.214285714,0,0,0,0.071428571,0.5,0,0.214285714,0.214285714,0,0,0,0,0,0,0,0,0,0.785714286,0.214285714,0,0,0,0,0,16.78340904,12.07402586,2550
C2579,1058,2,16,0,4,956,0,0,0,0,0,0,1,0,0,0,0,0.333333333,0,0,0.166666667,0.166666667,0.333333333,0,0,0,0,0,0,0,0,1,0,0,0,0,0,0,17.46399489,12.48471488,751
C1048,368,2,15,0,3,333,0,0,0,0,0,0,1,0,0,0,0,0,0.333333333,0,0.333333333,0.333333333,0,0,0,0,0,0,0,0,0,1,0,0,0,0,0,0,17.24717248,12.38162132,243
C1210,1088,6,39,0,4,773,0,0,0,0,0,0,0,0,0,0,1,0.6,0.2,0,0.2,0,0,0,0,0,0,0,0,0,0,0,0,1,0,0,0,0,16.84467761,11.62634343,586
C1320,1696,3,35,0,4,1648,0,0,0,0,0,0,1,0,0,0,0,0,0.25,0.25,0,0.5,0,0,0,0,0,0,0,0,0,1,0,0,0,0,0,0,16.54476089,12.35016362,924
C1941,404,3,19,0,3,490,0,0,1,0,0,0,0,0,0,0,0,0,0,0,0,0,0,1,1,0,0,0,0,0,0,0,0,0,0,0,0,0,17.67176712,13.3488294,600
C1326,1934,8,43,0,4,1670,0,0,0,0,0,0,1,0,0,0,0,0.4,0.2,0,0.2,0.2,0,0,0,0,0,0,0,0,0,1,0,0,0,0,0,0,16.96696371,12.22778521,1153
C1685,295,16,28,0,1,167,0,0,0,0,0,0,0,0,0,0,1,0,0.555555556,0.111111111,0,0.333333333,0,0,0,0,0,0,0,0,0,0,0,0,0.555555556,0.444444444,0,0,17.51858873,10.26731367,164
C2618,1550,2,40,0,7,1319,0,0,0,0,0,0,0.6,0.4,0,0,0,0.6,0,0,0.2,0.2,0,0,0,0,0,0,0.4,0,0,0.2,0.4,0,0,0,0,0,16.6031726,11.25622513,783
C1451,1618,2,38,0,3,1382,0,0,0,0,0,0,0.6,0.4,0,0,0,0.4,0.2,0.2,0,0.2,0,0,0,0,0,0,0.4,0,0,0.2,0.4,0,0,0,0,0,16.58759916,11.28940684,1044
C2143,363,1,2,0,2,434,0,0,1,0,0,0,0,0,0,0,0,0,0,0,0,0,0,1,1,0,0,0,0,0,0,0,0,0,0,0,0,0,17.53122332,13.21108736,719
C1968,514,1,0,0,3,309,0,0,0,0,0,0,0.8,0.2,0,0,0,0.2,0.4,0,0.2,0.2,0,0,0.8,0,0,0,0,0,0,0,0.2,0,0,0,0,0,15.94100041,11.60823564,220
C2470,636,7,1,1,2,772,0,0,0,0,1,0,0,0,0,0,0,0,0,0,0.333333333,0.333333333,0.333333333,0,1,0,0,0,0,0,0,0,0,0,0,0,0,0,17.0736071,12.84792653,887
C1258,840,3,0,0,3,658,0,0,0,0,0,0,0.666666667,0.333333333,0,0,0,0.333333333,0.333333333,0,0.166666667,0.166666667,0,0,0,0,0,0,0,0,0,0.666666667,0.333333333,0,0,0,0,0,16.08474567,11.75978554,616
C2453,659,2,7,2,3,573,0,0,0,0,0,0,0.571428571,0.428571429,0,0,0,0.428571429,0.285714286,0,0.142857143,0.142857143,0,0,0,0,0,0,0,0,0,0.571428571,0.428571429,0,0,0,0,0,16.73263243,12.04778007,559
C1659,902,5,32,0,2,635,0,0,0,0,0,0,0,0,0,0,1,0.153846154,0.461538462,0,0.230769231,0.153846154,0,0,0,0,0,0,0,0,0,0,0,0,0,0,0.230769231,0.769230769,16.96696371,11.79380948,416
C1724,1256,3,1,0,6,878,0,0,0,0,0,0,0.1,0.1,0,0,0.8,0.5,0.2,0.1,0.2,0,0,0,0,0,0,0,0,0,0,0.1,0.1,0,0,0.8,0,0,16.8522185,11.627846,701
C1802,1438,10,3,0,2,1500,0,0,1,0,0,0,0,0,0,0,0,0,0,0,0,0,1,0,1,0,0,0,0,0,0,0,0,0,0,0,0,0,17.57671067,13.06048797,1983
C1939,2200,2,13,0,3,1670,0,0,0,0,0,0,1,0,0,0,0,0,0.444444444,0,0.444444444,0.111111111,0,0,0,0,0,0,0,0,0,1,0,0,0,0,0,0,17.36991532,12.26112885,1896
C1284,528,3,0,0,5,543,0,0,1,0,0,0,0,0,0,0,0,0,0,0,0,0,1,0,1,0,0,0,0,0,0,0,0,0,0,0,0,0,17.30886163,12.1283273,780
C2595,867,3,2,0,5,897,0,0,1,0,0,0,0,0,0,0,0,0,0,0,0,0,0.4,0.6,1,0,0,0,0,0,0,0,0,0,0,0,0,0,17.59970019,13.21767356,1359
C2351,542,2,6,0,4,542,0,0,1,0,0,0,0,0,0,0,0,0,0,0,0,0,1,0,1,0,0,0,0,0,0,0,0,0,0,0,0,0,17.50439001,12.87390202,646
C2506,1124,6,14,0,3,1201,0,0,1,0,0,0,0,0,0,0,0,0,0,0,0,0.176470588,0.411764706,0.411764706,1,0,0,0,0,0,0,0,0,0,0,0,0,0,17.57671067,13.01700286,1433
C1697,526,2,4,0,3,727,0,0,1,0,0,0,0,0,0,0,0,0,0,0,0,0,0,1,1,0,0,0,0,0,0,0,0,0,0,0,0,0,18.04582198,12.83388066,854
C2259,947,2,5,0,2,1306,0,0,1,0,0,0,0,0,0,0,0,0,0,0,0,0,0,1,1,0,0,0,0,0,0,0,0,0,0,0,0,0,18.04582198,12.83388066,1378
C1786,480,1,25,0,3,338,0,0,0,0,0,0,0,0,0,0,1,0.2,0.6,0,0.2,0,0,0,0,0,0,0,0,0,0,0,0,0.2,0.8,0,0,0,17.23520252,12.19070517,345
C1357,908,8,27,0,1,1001,0,0,1,0,0,0,0,0,0,0,0,0,0,0,0,0,0,1,1,0,0,0,0,0,0,0,0,0,0,0,0,0,17.85856183,13.21767356,995
C2570,450,12,14,0,2,318,0,0,0,0,0,0,0,0,0,0,1,0.375,0.5,0,0.125,0,0,0,0,0,0,0,0,0,0,0,0,0,0,0,0,1,16.5614986,11.35040654,205
C1652,890,9,20,1,8,423,0,0,0,0,0,0,0,0,0,0,1,0.083333333,0.5,0,0.333333333,0.083333333,0,0,0,0,0,0,0,0,0,0,0,1,0,0,0,0,18.05827513,12.35449265,509
C1565,1020,6,42,0,3,719,0,0,0,0,0,0,0,0,0,0,1,0.75,0,0,0.25,0,0,0,0,0,0,0,0,0,0,0,0,1,0,0,0,0,16.57161811,11.27330074,588
C1910,616,13,21,0,2,350,0,0,0,0,0,0,0,0,0,0,1,0.2,0.5,0,0.3,0,0,0,0,0,0,0,0,0,0,0,0,1,0,0,0,0,16.79714391,11.6811481,396
C2359,820,12,9,0,3,629,0,0,0,0,0,0,0.6,0.4,0,0,0,0.4,0.2,0.2,0,0.2,0,0,0,0,0,0,0,0,0,0.6,0.4,0,0,0,0,0,15.77926063,11.41266304,693
C2139,311,3,11,0,4,232,0,0,0,0,0,0,1,0,0,0,0,0,0.333333333,0.333333333,0,0.333333333,0,0,0,0,0,0,0,0,0,1,0,0,0,0,0,0,16.01949005,11.89818787,155
C1979,270,2,17,0,4,183,0,0,0,0,0,0,0,0,0,0,1,0.111111111,0.444444444,0,0.444444444,0,0,0,0,0,0,0,0,0,0,0,0,0,0,1,0,0,17.43768915,12.01054426,133
C1803,100,11,13,0,2,57,0,0,0,0,0,0,0,0,0,0,1,0.1,0.5,0,0.4,0,0,0,0,0,0,0,0,0,0,0,0,1,0,0,0,0,17.35356712,12.00566858,78
C2508,847,13,13,0,3,496,0,0,0,0,0,0,0.714285714,0.285714286,0,0,0,0.285714286,0.285714286,0,0.285714286,0.142857143,0,0,0,0,0,0,0,0,0,0.714285714,0.285714286,0,0,0,0,0,16.01273514,11.57119437,568
C2531,540,14,22,0,6,397,0,0,0,0,0,0,0.5,0,0,0,0.5,0.166666667,0.5,0,0.166666667,0.166666667,0,0,0,0,0,0,0,0,0,0.5,0,0.5,0,0,0,0,16.83459683,11.85651517,358
C1695,203,12,12,0,4,109,0,0,0,0,0,0,0,0,0,0,1,0.2,0.6,0,0.2,0,0,0,0,0,0,0,0,0,0,0,0,1,0,0,0,0,16.92635564,11.79637359,123
C2556,303,11,21,0,2,249,0,0,0,0,0,0,1,0,0,0,0,0,0,0,0.666666667,0.333333333,0,0,0,0,0,0,0,0,0,1,0,0,0,0,0,0,15.78959158,11.68687877,148
C2086,1080,10,7,0,2,1142,0,0,1,0,0,0,0,0,0,0,0,0,0,0,0,0,0.555555556,0.444444444,1,0,0,0,0,0,0,0,0,0,0,0,0,0,17.4790722,13.03898177,1524
C1544,442,6,10,0,2,533,0,0,1,0,0,0,0,0,0,0,0,0,0,0,0,0,0,1,1,0,0,0,0,0,0,0,0,0,0,0,0,0,17.78580247,13.10216067,713
C2154,178,1,2,0,1,131,0,0,0,0,0,0,1,0,0,0,0,0,0.5,0,0.25,0.25,0,0,1,0,0,0,0,0,0,0,0,0,0,0,0,0,16.12622914,11.90942172,124
C2496,818,13,0,0,3,995,0,0,1,0,0,0,0,0,0,0,0,0,0,0,0,0,0,1,1,0,0,0,0,0,0,0,0,0,0,0,0,0,18.04961706,13.28787782,1400
C1756,404,11,1,0,3,486,0,0,1,0,0,0,0,0,0,0,0,0,0,0,0,0,0,1,1,0,0,0,0,0,0,0,0,0,0,0,0,0,17.82284374,13.33747476,609
C2362,1509,2,46,0,2,1055,0,0,0,0,0,0,0,0,0,0,1,0.357142857,0.428571429,0,0.214285714,0,0,0,0,0,0,0,0,0,0,0,0,1,0,0,0,0,16.97336168,11.50287513,196
C2568,412,4,31,0,2,287,0,0,0,0,0,0,0,0,0,0,1,0.2,0.4,0,0.4,0,0,0,0,0,0,0,0,0,0,0,0,1,0,0,0,0,16.52887992,11.38463744,189
C2245,212,3,22,0,1,114,0,0,0,0,0,0,0,0,0,0,1,0.285714286,0.428571429,0,0.285714286,0,0,0,0,0,0,0,0,0,0,0,0,0,1,0,0,0,17.74058798,10.26731367,98
C2059,26,2,1,1,3,13,0,0,0,0,0,0,0,0,0,0,1,0.666666667,0,0,0.333333333,0,0,0,0,0,0,0,0,0,0,0,0,0,0,1,0,0,17.14632124,11.66134547,13
C2549,202,14,17,0,2,141,0,0,0,0,0,0,0,0,0,0,1,0.2,0.4,0,0.4,0,0,0,0,0,0,0,0,0,0,0,0,1,0,0,0,0,17.04235455,11.58151826,165
C1584,1227,2,40,0,3,857,0,0,0,0,0,0,0,0,0,0,1,0.333333333,0.333333333,0,0.333333333,0,0,0,0,0,0,0,0,0,0,0,0,1,0,0,0,0,17.56924098,12.18075484,507
C2298,581,7,21,0,3,408,0,0,0,0,0,0,0,0,0,0,1,0.2,0.4,0,0.4,0,0,0,0,0,0,0,0,0,0,0,0,1,0,0,0,0,17.01499967,11.6784399,444
C2225,1206,3,46,0,3,842,0,0,0,0,0,0,0,0,0,0,1,0.333333333,0.333333333,0,0.333333333,0,0,0,0,0,0,0,0,0,0,0,0,0,1,0,0,0,17.766004,10.26731367,448
C2328,1077,16,4,0,2,1239,0,0,1,0,0,0,0,0,0,0,0,0,0,0,0,0,1,0,1,0,0,0,0,0,0,0,0,0,0,0,0,0,17.59970019,12.87390202,1374
C1045,464,1,13,0,2,288,0,0,0,0,0,0,1,0,0,0,0,0,0.5,0,0.25,0.25,0,0,0,0,0,0,0,0,0,1,0,0,0,0,0,0,16.4302353,11.8870035,266
C1207,100,5,10,0,6,54,0,0,0,0,0,0,0,0,0,0,1,0.666666667,0,0,0.333333333,0,0,0,0,0,0,0,0,0,0,0,0,1,0,0,0,0,16.94367362,11.67810086,59
C1970,214,5,16,0,6,108,0,0,0,0,0,0,0,0,0,0,1,0.2,0.6,0,0.2,0,0,0,0,0,0,0,0,0,0,0,0,1,0,0,0,0,17.05434586,11.78881326,159
C1732,266,5,17,0,3,188,0,0,0,0,0,0,0,0,0,0,1,0.666666667,0.166666667,0,0,0.166666667,0,0,0,0,0,0,0,0,0,0,0,0,0,1,0,0,16.76124138,11.51164891,267
C2433,511,2,19,0,2,389,0,0,0,0,0,0,0,0,0,0,1,0.4,0.4,0,0.2,0,0,0,0,0,0,0,0,0,0,0,0,1,0,0,0,0,17.13477456,11.68687877,130
C1156,1004,16,46,0,3,700,0,0,0,0,0,0,0,0,0,0,1,0.25,0.5,0,0.25,0,0,0,0,0,0,0,0,0,0,0,0,0,1,0,0,0,18.03086258,10.47078802,505
C2142,954,11,41,0,5,772,0,0,0,0,0,0,1,0,0,0,0,0,0.5,0,0.25,0.25,0,0,0,0,0,0,0,0,0,1,0,0,0,0,0,0,16.37973572,12.03931434,396
C2153,362,12,20,0,3,345,0,0,0,0,0,0,1,0,0,0,0,0,0.5,0,0.25,0.25,0,0,0,0,0,0,0,0,0,1,0,0,0,0,0,0,16.14841464,11.98750909,280
C2186,924,6,0,0,8,664,0,0,0,0,0,0,0.666666667,0.333333333,0,0,0,0,0.666666667,0,0.166666667,0.166666667,0,0,0,0,0.333333333,0,0,0,0,0.666666667,0,0,0,0,0,0,16.53395195,11.57147621,744
C1176,1486,16,46,0,3,1493,0,0,0,0,0,0,1,0,0,0,0,0,0.25,0,0.5,0.25,0,0,0,0,0,0,0,0,0,1,0,0,0,0,0,0,16.71363,12.09664833,619
C2446,2200,2,32,0,5,1570,0,0,0,0,0,0,0,0,0,0,1,0.333333333,0.166666667,0,0.25,0.25,0,0,0,0,0,0,0,0,0,0,0,0,0,0,0,1,17.64450193,12.16384276,1204
C2586,90,14,7,0,3,66,0,0,0,0,0,0,0,0,0,0,1,0.2,0.6,0,0.2,0,0,0,0,0,0,0,0,0,0,0,0,1,0,0,0,0,17.0736071,11.6127708,57
C2035,492,1,24,0,1,521,0,0,0,0,0,0,1,0,0,0,0,0,0.4,0,0.4,0.2,0,0,1,0,0,0,0,0,0,0,0,0,0,0,0,0,16.55635058,12.10071213,246
C2020,40,8,7,1,2,25,0,0,0,0,0,0,0,0,0,0,1,0.333333333,0.333333333,0,0.333333333,0,0,0,0,0,0,0,0,0,0,0,0,0,0,1,0,0,17.14771507,11.81547152,19
C2437,90,16,12,0,1,30,0,0,0,0,0,0,0,1,0,0,0,1,0,0,0,0,0,0,0,0,1,0,0,0,0,0,0,0,0,0,0,0,16.15211053,11.58552516,16
C2532,239,1,7,0,1,166,0,0,0,0,0,0,1,0,0,0,0,0,0,0,0,0.333333333,0.666666667,0,1,0,0,0,0,0,0,0,0,0,0,0,0,0,16.45492497,11.86576306,146
