"code","tot_pop","region","num_empty","sub","bus","num_park","type_new","prop_type_im1","prop_type_im2","prop_type_im3","prop_type_im4","prop_type_im5","prop_type_im6","prop_type_im7","prop_type_im8","prop_type_im9","prop_type_im10","prop_type_qual1","prop_type_qual2","prop_type_qual3","prop_type_qual4","prop_type_qual5","prop_type_qual6","prop_type_qual7","prop_type_qual8","prop_type_qual9","prop_type_qual10","prop_type_qual11","prop_type_qual12","prop_type_qual13","prop_type_qual14","prop_areaL21","prop_areaL29","prop_areaL36","prop_areaL39","prop_areaL46","prop_areaL59","prop_areaU59","M_fee_deposit","M_fee_rent","target"
"C1000",0.21243115656963,1,10,0,0.0666666666666667,0.238095238095238,0,0,0,0,0,0,1,0,0,0,0,1,0,0,0,0,0,0,0,0,0,0,0,0,0,0,0,0,0.428571429,0.285714286,0.285714286,0,0.0573481786161738,0.110613921534651,481
"C1004",0.194728560188828,0.933333333333333,3,0,0.133333333333333,0.0784313725490196,1,0,0,0,0,0,0,0.105263158,0.894736842,0,0,0,0,0.105263158,0.894736842,0,0,0,0,0,0,0,0,0,0,0.526315789,0.052631579,0.157894737,0.157894737,0,0.052631579,0.052631579,0.0935631042715647,0.10064521389911,93
"C1004",0.194728560188828,0.933333333333333,3,0,0.133333333333333,0.0784313725490196,1,0,0,0,0,0,0,0.105263158,0.894736842,0,0,0,0,0.105263158,0.894736842,0,0,0,0,0,0,0,0,0,0,0.526315789,0.052631579,0.157894737,0.157894737,0,0.052631579,0.052631579,0.0935631042715647,0.10064521389911,93
"C1005",0.439811172305271,0.933333333333333,16,0,0.533333333333333,0.524929971988796,0,0,0,0,0,0,1,0,0,0,0,1,0,0,0,0,0,0,0,0,0,0,0,0,0,0,0,0,0,0,1,0,0.0726662411649292,0.193441854301936,376
"C1013",0.504327301337529,0.266666666666667,16,0,0.4,0.619607843137255,0,0,0,0,0,0,1,0,0,0,0,1,0,0,0,0,0,0,0,0,0,0,0,0,0,0,0,0,0.2,0.6,0.2,0,0.13820138839641,0.11705586757316,1665
"C1014",0.381589299763965,0.8,5,0,0.133333333333333,0.453781512605042,0,0,0,0,0,0,1,0,0,0,0,1,0,0,0,0,0,0,0,0,0,0,0,0,0,0,0,0.142857143,0,0.428571429,0.428571429,0,0.114270855494882,0.131560439112398,708
"C1015",0.367820613690008,0.466666666666667,28,0,0.2,0.512605042016807,0,0,0,0,0,0,1,0,0,0,0,1,0,0,0,0,0,0,0,0,0,0,0,0,0,0,0,0,0.375,0.375,0.25,0,0.066638299884169,0.12199944958056,579
"C1017",0.564122738001574,0.4,27,0,0.133333333333333,0.852100840336134,0,0,0,0,0,0,1,0,0,0,0,1,0,0,0,0,0,0,0,0,0,0,0,0,0,0,0.333333333,0,0.333333333,0.333333333,0,0,0.0636046300892766,0.210841224377465,1246
"C1022",0.142800944138474,0.0666666666666667,4,0,0.266666666666667,0.189915966386555,0,0,0,0,0,0,1,0,0,0,0,1,0,0,0,0,0,0,0,0,0,0,0,0,0,0,0,0,0,1,0,0,0.13820138839641,0.204735645774512,450
"C1024",0.257277734067663,0.533333333333333,2,0,0.2,0.484033613445378,0,0,1,0,0,0,0,0,0,0,0,1,0,0,0,0,0,0,0,0,0,0,0,0,0,0,0,0,0,0,0.1,0.9,0.788206510176583,1,957
"C1026",0.103855232100708,0.2,10,0,0.133333333333333,0.107563025210084,0,0,0,0,0,0,1,0,0,0,0,1,0,0,0,0,0,0,0,0,0,0,0,0,0,0,0,0,0,0,1,0,0.134123663412366,0.0898610700561632,422
"C1027",0.167584579071597,0.133333333333333,21,0,0.333333333333333,0.250980392156863,0,0,0,0,0,0,1,0,0,0,0,1,0,0,0,0,0,0,0,0,0,0,0,0,0,0,0,0.2,0.2,0.6,0,0,0.155426329101955,0.290835516324014,207
"C1032",0.36191974822974,0.4,6,0.333333333333333,0.133333333333333,0.545098039215686,0,0,0,0,0,0,1,0,0,0,0,1,0,0,0,0,0,0,0,0,0,0,0,0,0,0,0,0,0.166666667,0.166666667,0.666666667,0,0.170106139044512,0.169345714373082,316
"C1039",0.300550747442958,0.533333333333333,13,0,0.2,0.369747899159664,0,0,0,0,0,0,0.545454545,0.181818182,0,0.272727273,0,0.818181818,0,0,0,0,0,0,0,0.181818182,0,0,0,0,0,0,0.181818182,0.090909091,0.272727273,0.181818182,0.272727273,0,0.109511539764713,0.174431997716779,645
"C1045",0.172305271439811,0,13,0,0.133333333333333,0.15406162464986,0,0,0,0,0,0,1,0,0,0,0,0,0,0,0,0,0,0,1,0,0,0,0,0,0,0,0.5,0,0.25,0.25,0,0,0.0518008967055134,0.131366773013139,266
"C1046",0.0810385523210071,0,9,0,0.266666666666667,0.101960784313725,0,0,0,0,0,0,1,0,0,0,0,1,0,0,0,0,0,0,0,0,0,0,0,0,0,0,0,0,0.666666667,0,0.333333333,0,0.0512099220701447,0.142599406770159,156
"C1048",0.134539732494099,0.0666666666666667,15,0,0.2,0.179271708683473,0,0,0,0,0,0,1,0,0,0,0,0,0,0,0,0,0,0,1,0,0,0,0,0,0,0,0.333333333,0,0.333333333,0.333333333,0,0,0.187551710280595,0.221452088026339,243
"C1049",0.255704169944925,0.266666666666667,18,0,0.2,0.361344537815126,0,0,0,0,0,0,1,0,0,0,0,1,0,0,0,0,0,0,0,0,0,0,0,0,0,0,0,0,0.4,0,0.6,0,0.190025924087338,0.157267065550878,762
"C1056",0.151062155782848,0.866666666666667,0,0,0.666666666666667,0.0599439775910364,1,0,0,0,0,0,0,0.166666667,0.833333333,0,0,0,0,0.166666667,0.833333333,0,0,0,0,0,0,0,0,0,0,0,0.083333333,0.916666667,0,0,0,0,0.0636440283983011,0.19594932063971,125
"C1057",0.194728560188828,0.2,24,0,0.266666666666667,0.284593837535014,0,0,0,0,0,0,1,0,0,0,0,1,0,0,0,0,0,0,0,0,0,0,0,0,0,0,0,0,0.25,0.25,0.5,0,0.108120779456146,0.158515702243469,521
"C1059",0.191974822974036,0.8,7,0,0.533333333333333,0.195518207282913,0,0,0,0,0,0,1,0,0,0,0,1,0,0,0,0,0,0,0,0,0,0,0,0,0,0,0,0,0.5,0.5,0,0,0.0774413162187079,0.0838778068843202,246
"C1065",0.358772619984264,0.2,37,0,0.2,0.618487394957983,0,0,0,0,0,0,1,0,0,0,0,0,0,0,0,0,0,0,1,0,0,0,0,0,0,0,0.333333333,0.333333333,0,0.333333333,0,0,0.0204319630601455,0.150366436645703,1255
"C1068",0.30684500393391,0.933333333333333,11,0,0.133333333333333,0.443137254901961,0,0,0,0,0,0,1,0,0,0,0,1,0,0,0,0,0,0,0,0,0,0,0,0,0,0,0,0,0.333333333,0.5,0.166666667,0,0.0766494102073139,0.11844210912575,510
"C1077",0.328481510621558,0.133333333333333,21,0,0.333333333333333,0.335574229691877,0,0,0,0,0,0,1,0,0,0,0,1,0,0,0,0,0,0,0,0,0,0,0,0,0,0,0,0,0.333333333,0.333333333,0.333333333,0,0.101230015207747,0.128614675813143,236
"C1084",0.0999213217938631,0.2,2,0,0.133333333333333,0.149579831932773,0,0,0,0,0,0,1,0,0,0,0,1,0,0,0,0,0,0,0,0,0,0,0,0,0,0,0,0,0.333333333,0.333333333,0.333333333,0,0.0707436036845299,0.0904318754013475,226
"C1085",0.196302124311566,0.0666666666666667,4,0,0.133333333333333,0.229131652661064,0,0,0,0,0,0,1,0,0,0,0,1,0,0,0,0,0,0,0,0,0,0,0,0,0,0,0,0,0.5,0.5,0,0,0.0681590746125176,0.114660523713904,521
"C1089",0.134539732494099,0.733333333333333,14,0,0.133333333333333,0.152380952380952,0,0,0,0,0,0,1,0,0,0,0,1,0,0,0,0,0,0,0,0,0,0,0,0,0,0,0,0,0.333333333,0.333333333,0.333333333,0,0.0562450259634856,0.101491228964294,309
"C1102",0.195121951219512,0,21,0,0.466666666666667,0.286834733893557,0,0,0,0,0,0,1,0,0,0,0,1,0,0,0,0,0,0,0,0,0,0,0,0,0,0,0,0,0.333333333,0.333333333,0.333333333,0,0.080498624999015,0.190598020528607,417
"C1103",0.357592446892211,0,31,0,0.133333333333333,0.518767507002801,0,0,0,0,0,0,1,0,0,0,0,1,0,0,0,0,0,0,0,0,0,0,0,0,0,0,0.25,0,0.25,0.25,0.25,0,0.0667013371786083,0.203155738122662,787
"C1109",0.75963808025177,0.466666666666667,1,0.333333333333333,0.133333333333333,0.189355742296919,1,0,0,0,0,0,0,0.090909091,0.909090909,0,0,0,0,0.090909091,0.909090909,0,0,0,0,0,0,0,0,0,0,0.363636364,0.227272727,0.272727273,0.045454545,0,0.045454545,0.045454545,0.10309355522461,0.103382021670217,313
"C1122",0.307631785995279,0.333333333333333,7,0.666666666666667,0.133333333333333,0.400560224089636,0,0,0,0,0,0,1,0,0,0,0,1,0,0,0,0,0,0,0,0,0,0,0,0,0,0,0,0,0.428571429,0.571428571,0,0,0.133694221843998,0.146421763992376,1077
"C1129",0.557828481510622,0.0666666666666667,2,0.333333333333333,0.666666666666667,0.707002801120448,0,0,1,0,0,0,0,0,0,0,0,1,0,0,0,0,0,0,0,0,0,0,0,0,0,0,0,0,0,0,1,0,0.37039138280185,0.509015666568135,1668
"C1131",0.344217151848938,0.266666666666667,10,0,0.466666666666667,0.366946778711485,0,0,0,0,0,0,1,0,0,0,0,1,0,0,0,0,0,0,0,0,0,0,0,0,0,0,0,0,0,0,1,0,0.10652514794065,0.169753432476786,1019
"C1133",0.326514555468135,0.8,10,0,0.2,0.428011204481793,0,0,0,0,0,0,1,0,0,0,0,1,0,0,0,0,0,0,0,0,0,0,0,0,0,0,0,0.166666667,0.333333333,0.333333333,0.166666667,0,0.119542349242371,0.111036929067243,842
"C1136",0.376868607395751,0.0666666666666667,31,0,1,0.477310924369748,0,0,0,0,0,0,1,0,0,0,0,0.5,0,0,0,0.5,0,0,0,0,0,0,0,0,0,0,0.25,0,0.25,0.25,0.25,0,0.506532239636275,0.0900037713924593,763
"C1141",0.237608182533438,0.133333333333333,28,0,0.133333333333333,0.349579831932773,0,0,0,0,0,0,1,0,0,0,0,1,0,0,0,0,0,0,0,0,0,0,0,0,0,0,0,0,0.333333333,0.333333333,0.333333333,0,0.0534477460227407,0.0790055755450681,620
"C1143",0.262391817466562,0.0666666666666667,3,0.333333333333333,0.733333333333333,0.394397759103641,0,0,0,0,0,0,1,0,0,0,0,1,0,0,0,0,0,0,0,0,0,0,0,0,0,0,0,0,0.666666667,0.333333333,0,0,0.0640143725031322,0.146860060953857,632
"C1155",0.137293469708891,0.4,9,0.333333333333333,0.666666666666667,0.247058823529412,0,0,0,0,0,0,1,0,0,0,0,1,0,0,0,0,0,0,0,0,0,0,0,0,0,0,0,0,0,0,1,0,0.207408458028981,0.174177173901964,373
"C1156",0.384736428009441,1,47,0,0.2,0.384873949579832,0,0,0,0,0,0,0,0,0,0,1,0,0,0,0,0,0,0,0,0,0,1,0,0,0,0.25,0.5,0,0.25,0,0,0,0.47744446808343,0.0144230279184972,505
"C1163",0.114083398898505,0.2,20,0,0.133333333333333,0.126610644257703,0,0,0,0,0,0,1,0,0,0,0,1,0,0,0,0,0,0,0,0,0,0,0,0,0,0,0.333333333,0,0.333333333,0.333333333,0,0,0.0187535950956985,0.18317755104121,326
"C1171",0.235247836349331,0.4,13,0,0.333333333333333,0.347899159663866,0,0,0,0,0,0,1,0,0,0,0,1,0,0,0,0,0,0,0,0,0,0,0,0,0,0,0,0.083333333,0.25,0.5,0.166666667,0,0.223278096904081,0.171251796507894,700
"C1173",0.214398111723053,0.933333333333333,7,0,0.133333333333333,0.263305322128852,0,0,0,0,0,0,1,0,0,0,0,1,0,0,0,0,0,0,0,0,0,0,0,0,0,0,0,0,0.222222222,0.555555556,0.222222222,0,0.0914040769370179,0.13117310691388,609
"C1175",0.173878835562549,0.933333333333333,15,0,0.133333333333333,0.259943977591036,0,0,0,0,0,0,1,0,0,0,0,1,0,0,0,0,0,0,0,0,0,0,0,0,0,0,0,0,0,0.333333333,0.666666667,0,0.15075368965164,0.141661655131642,430
"C1176",0.574350904799371,1,55,0,0.2,0.829131652661064,0,0,0,0,0,0,1,0,0,0,0,0,0,0,0,0,0,0,1,0,0,0,0,0,0,0,0.25,0,0.5,0.25,0,0,0.0867865951193375,0.161201545251613,619
"C1177",0.64594807238395,0.4,17,0.333333333333333,0.666666666666667,0.976470588235294,0,0,0,0,0,0,1,0,0,0,0,1,0,0,0,0,0,0,0,0,0,0,0,0,0,0,0,0.1875,0.4375,0.1875,0.1875,0,0.139068151194951,0.153984934816068,1044
"C1180",0.113296616837136,0.8,15,0,0.0666666666666667,0.127731092436975,0,0,0,0,0,0,1,0,0,0,0,1,0,0,0,0,0,0,0,0,0,0,0,0,0,0,0,0,0,0,1,0,0.0761411720208969,0.0738071697228536,311
"C1184",0.169944925255704,0.0666666666666667,4,0,0.2,0.218487394957983,0,0,0,0,0,0,1,0,0,0,0,1,0,0,0,0,0,0,0,0,0,0,0,0,0,0,0,0,0.285714286,0.428571429,0.285714286,0,0.218140557407276,0.241104100624828,488
"C1194",0.190794649881983,0.866666666666667,3,0,0.266666666666667,0.224089635854342,0,0,0,0,0,0,1,0,0,0,0,1,0,0,0,0,0,0,0,0,0,0,0,0,0,0,0,0,0,0,1,0,0.0933109550938074,0.19243275199527,585
"C1206",0.286782061369001,0,1,0,0.266666666666667,0.0420168067226891,1,0,0,0,0,0,0,0.166666667,0.833333333,0,0,0,0,0.166666667,0.833333333,0,0,0,0,0,0,0,0,0,0,0,0.083333333,0.75,0,0,0,0.166666667,0.0717837190427787,0.0897795264354225,90
"C1207",0.029110936270653,0.266666666666667,10,0,0.4,0.02296918767507,0,0,0,0,0,0,0,0,0,0,1,0,0,0,0,0,0,0,0,0,1,0,0,0,0,0.666666667,0,0,0.333333333,0,0,0,0.123757968308,0.0987085529065204,59
"C1210",0.417781274586939,0.333333333333333,39,0,0.266666666666667,0.425770308123249,0,0,0,0,0,0,0,0,0,0,1,0,0,0,0,0,0,0,0,0,1,0,0,0,0,0.6,0.2,0,0.2,0,0,0,0.106800936103822,0.0926437461139368,586
"C1213",0.112509834775767,0.8,8,0,0.4,0.118207282913165,0,0,0,0,0,0,1,0,0,0,0,1,0,0,0,0,0,0,0,0,0,0,0,0,0,0,0,0,0.5,0.5,0,0,0.0687224704315691,0.0719724382561897,148
"C1227",0.30684500393391,0.133333333333333,7,0,0.0666666666666667,0.388795518207283,0,0,0,0,0,0,1,0,0,0,0,1,0,0,0,0,0,0,0,0,0,0,0,0,0,0,0.222222222,0,0.222222222,0.333333333,0.222222222,0,0.199489397915041,0.247923185909262,823
"C1234",0.110542879622345,0,1,0,0.133333333333333,0.115406162464986,0,0,0,0,0,0,1,0,0,0,0,1,0,0,0,0,0,0,0,0,0,0,0,0,0,0,0,0,0,0,1,0,0.131621870789306,0.135204419664244,311
"C1236",0.431943351691581,0.0666666666666667,29,0,0.133333333333333,0.625210084033613,0,0,0,0,0,0,1,0,0,0,0,1,0,0,0,0,0,0,0,0,0,0,0,0,0,0,0,0,0.25,0.75,0,0,0.118565271178561,0.132498190750915,657
"C1244",0.667191188040913,0.0666666666666667,10,0,0.666666666666667,0.823529411764706,0,0,0,0,0,0,1,0,0,0,0,1,0,0,0,0,0,0,0,0,0,0,0,0,0,0,0,0,0.307692308,0.461538462,0.230769231,0,0.290475852776399,0.288888662378831,1804
"C1258",0.320220298977183,0.133333333333333,0,0,0.2,0.361344537815126,0,0,0,0,0,0,0.666666667,0.333333333,0,0,0,0,0,0,0,0,0,0,0.666666667,0.333333333,0,0,0,0,0,0.333333333,0.333333333,0,0.166666667,0.166666667,0,0,0.0200616189553144,0.108942277309468,616
"C1263",0.0952006294256491,1,4,0,0.333333333333333,0.112605042016807,0,0,0,0,0,0,1,0,0,0,0,1,0,0,0,0,0,0,0,0,0,0,0,0,0,0,0.4,0,0.4,0.2,0,0,0.000614613620783396,0.105598988859103,217
"C1268",0.396931549960661,0.0666666666666667,21,0,1,0.503081232492997,0,0,0,0,0,0,1,0,0,0,0,1,0,0,0,0,0,0,0,0,0,0,0,0,0,0,0,0,0.333333333,0.333333333,0.333333333,0,0.0870623832825095,0.176949657007145,934
"C1269",0.210464201416208,0.0666666666666667,1,0,0.2,0.313165266106443,0,0,0,0,0,0,1,0,0,0,0,1,0,0,0,0,0,0,0,0,0,0,0,0,0,0,0,0,0.25,0.5,0.25,0,0.101072421971649,0.175379942307888,643
"C1281",0.24390243902439,0.8,4,0,0.2,0.319327731092437,0,0,0,0,0,0,1,0,0,0,0,1,0,0,0,0,0,0,0,0,0,0,0,0,0,0,0,0.2,0.4,0.4,0,0,0.080498624999015,0.0857838890191322,484
"C1284",0.197482297403619,0.133333333333333,0,0,0.333333333333333,0.296918767507003,0,0,1,0,0,0,0,0,0,0,0,1,0,0,0,0,0,0,0,0,0,0,0,0,0,0,0,0,0,0,1,0,0.203058884712668,0.16708287889753,780
"C1286",0.351298190401259,0.733333333333333,27,0,0.133333333333333,0.546218487394958,0,0,1,0,0,0,0,0,0,0,0,1,0,0,0,0,0,0,0,0,0,0,0,0,0,0,0,0,0,0,0,1,0.225153456413651,0.579856687086548,881
"C1301",0.123524783634933,0.333333333333333,19,0,0.266666666666667,0.171988795518207,0,0,0,0,0,0,1,0,0,0,0,1,0,0,0,0,0,0,0,0,0,0,0,0,0,0,0.666666667,0.333333333,0,0,0,0,0.0266962941950531,0.127024575208701,202
"C1307",0.18882769472856,0.0666666666666667,9,0,0.2,0.236974789915966,0,0,0,0,0,0,1,0,0,0,0,1,0,0,0,0,0,0,0,0,0,0,0,0,0,0,0,0,0.25,0.375,0.375,0,0.194690683875848,0.224051290937446,504
"C1309",0.140440597954367,0.733333333333333,15,0,0.266666666666667,0.208403361344538,0,0,0,0,0,0,1,0,0,0,0,1,0,0,0,0,0,0,0,0,0,0,0,0,0,0,0,0,0.142857143,0.571428571,0.285714286,0,0.0914040769370179,0.0811053237791391,446
"C1310",0.39771833202203,0,17,0,0.4,0.517086834733894,0,0,0,0,0,0,1,0,0,0,0,1,0,0,0,0,0,0,0,0,0,0,0,0,0,0,0.111111111,0,0.333333333,0.222222222,0.333333333,0,0.130495079151203,0.186561611301946,1084
"C1312",0.193548387096774,0.933333333333333,12,0,0.2,0.287955182072829,0,0,0,0,0,0,1,0,0,0,0,1,0,0,0,0,0,0,0,0,0,0,0,0,0,0,0,0,0.5,0.5,0,0,0.0912543633627245,0.107489781565026,359
"C1316",0.0318646734854445,0.933333333333333,7,0,0.133333333333333,0.00784313725490196,0,0,0,0,0,0,1,0,0,0,0,0.5,0,0,0,0.5,0,0,0,0,0,0,0,0,0,0,0,0.5,0,0,0.5,0,0.156945527897943,0.0685272202798985,22
"C1319",0.184893784421715,0.133333333333333,16,0,0.0666666666666667,0.23249299719888,0,0,0,0,0,0,1,0,0,0,0,1,0,0,0,0,0,0,0,0,0,0,0,0,0,0,0.166666667,0,0.333333333,0.166666667,0.333333333,0,0.0520451662214658,0.103799932726513,398
"C1320",0.656963021243116,0.133333333333333,35,0,0.266666666666667,0.915966386554622,0,0,0,0,0,0,1,0,0,0,0,0,0,0,0,0,0,0,1,0,0,0,0,0,0,0,0.25,0.25,0,0.5,0,0,0.0761096533736772,0.220045460568563,924
"C1326",0.750590086546027,0.466666666666667,43,0,0.266666666666667,0.928291316526611,0,0,0,0,0,0,1,0,0,0,0,0,0,0,0,0,0,0,1,0,0,0,0,0,0,0.4,0.2,0,0.2,0.2,0,0,0.127997226359045,0.186806242164168,1153
"C1328",0.380015735641227,0.0666666666666667,36,0,1,0.480672268907563,0,0,0,0,0,0,1,0,0,0,0,0.454545455,0,0,0,0.545454545,0,0,0,0,0,0,0,0,0,0,0.090909091,0,0.363636364,0.363636364,0.181818182,0,0.918650371526054,0.055174452383622,770
"C1329",0.383949645948072,0.466666666666667,30,0,0.133333333333333,0.426890756302521,0,0,0,0,0,0,1,0,0,0,0,1,0,0,0,0,0,0,0,0,0,0,0,0,0,0,0,0,0.375,0.375,0.25,0,0.0962658282706506,0.125434474604259,554
"C1338",0.234461054287962,0.466666666666667,13,0.333333333333333,0.2,0.30140056022409,0,0,0,0,0,0,1,0,0,0,0,1,0,0,0,0,0,0,0,0,0,0,0,0,0,0,0,0,0,0.8,0.2,0,0.17122505102081,0.224693446950778,551
"C1340",0.206923682140047,0.8,21,0,0.2,0.285714285714286,0,0,0,0,0,0,1,0,0,0,0,1,0,0,0,0,0,0,0,0,0,0,0,0,0,0,0.4,0,0.4,0.2,0,0,0.0167127626882254,0.162302384131611,410
"C1341",0.352478363493312,0.266666666666667,7,0,0.0666666666666667,0.402240896358543,0,0,0,0,0,0,0.777777778,0.222222222,0,0,0,0.777777778,0,0,0,0,0,0,0,0.222222222,0,0,0,0,0,0.222222222,0,0,0.666666667,0.111111111,0,0,0.0458675113664122,0.142874616490159,442
"C1343",0.225806451612903,0.0666666666666667,8,0.333333333333333,0.266666666666667,0.288515406162465,0,0,0,0,0,0,1,0,0,0,0,1,0,0,0,0,0,0,0,0,0,0,0,0,0,0,0,0,0.333333333,0.333333333,0.333333333,0,0.139375458005342,0.204959890731548,549
"C1344",0.156569630212431,0.533333333333333,0,0,0.2,0.254341736694678,0,0,0.333333333,0,0,0.666666667,0,0,0,0,0,1,0,0,0,0,0,0,0,0,0,0,0,0,0,0,0,0,0,0,0.333333333,0.666666667,1,0.351549838441701,509
"C1350",0.540912667191188,0.4,2,0,0.4,0.909243697478992,0,0.538461538,0.230769231,0,0,0.230769231,0,0,0,0,0,0.461538462,0,0,0.538461538,0,0,0,0,0,0,0,0,0,0,0,0,0,0,0,0.461538462,0.538461538,0.164582496119267,0.194379605940453,2315
"C1350",0.540912667191188,0.4,2,0,0.4,0.909243697478992,0,0.538461538,0.230769231,0,0,0.230769231,0,0,0,0,0,0.461538462,0,0,0.538461538,0,0,0,0,0,0,0,0,0,0,0,0,0,0,0,0.461538462,0.538461538,0.164582496119267,0.194379605940453,2315
"C1357",0.346970889063729,0.466666666666667,27,0,0.0666666666666667,0.553501400560224,0,0,1,0,0,0,0,0,0,0,0,1,0,0,0,0,0,0,0,0,0,0,0,0,0,0,0,0,0,0,0,1,0.392990252858347,0.539084876716238,995
"C1360",0.164044059795437,0.2,22,0,0.133333333333333,0.195518207282913,0,0,0,0,0,0,1,0,0,0,0,1,0,0,0,0,0,0,0,0,0,0,0,0,0,0,0,0.166666667,0,0.5,0.333333333,0,0.0800179656289152,0.107637579377618,375
"C1363",1,0.0666666666666667,11,0,0.4,1,0,0,0,0,0,0,0.785714286,0.214285714,0,0,0,0,0,0,0,0,0,0,0.785714286,0.214285714,0,0,0,0,0,0.071428571,0.5,0,0.214285714,0.214285714,0,0,0.0971168317455815,0.157114171261989,2550
"C1365",0.333988985051141,0.0666666666666667,5,0,0.133333333333333,0.49859943977591,0,0,0,0,0,0,1,0,0,0,0,0,0,0,0,0,0,0,1,0,0,0,0,0,0,0,0,0,0.2,0.1,0.7,0,0.364785003427653,0.325975720386924,945
"C1368",0.342250196695515,0.2,29,0,0.666666666666667,0.496918767507003,0,0,0,0,0,0,1,0,0,0,0,1,0,0,0,0,0,0,0,0,0,0,0,0,0,0,0,0,0.25,0.25,0.5,0,0.108120779456146,0.158515702243469,861
"C1375",0.28756884343037,0.133333333333333,21,0,0.8,0.419047619047619,0,0,0,0,0,0,1,0,0,0,0,1,0,0,0,0,0,0,0,0,0,0,0,0,0,0,0,0,0,0.571428571,0.428571429,0,0.120913410396426,0.118431916173158,754
"C1379",0.117230527143981,0.0666666666666667,10,0,0.133333333333333,0.143977591036415,0,0,0,0,0,0,1,0,0,0,0,1,0,0,0,0,0,0,0,0,0,0,0,0,0,0,0,0,0.25,0.75,0,0,0.10001654728979,0.117351463198345,294
"C1386",0.5786782061369,0.733333333333333,15,0,0.333333333333333,0.608963585434174,0,0,0,0,0,0,1,0,0,0,0,1,0,0,0,0,0,0,0,0,0,0,0,0,0,0,0,0,0.538461538,0.461538462,0,0,0.0414942990646841,0.0532072125332545,1145
"C1394",0.17309205350118,0.8,0,0,0.0666666666666667,0.17703081232493,0,0,0,0,0,0,1,0,0,0,0,1,0,0,0,0,0,0,0,0,0,0,0,0,0,0,0,0,0.5,0.5,0,0,0.0428023229243001,0.0735268635265577,271
"C1402",0.125098347757671,1,16,0,0.133333333333333,0.185434173669468,0,0,1,0,0,0,0,0,0,0,0,1,0,0,0,0,0,0,0,0,0,0,0,0,0,0,0,0,0,0,0.4,0.6,0.298434311199363,0.467734208568196,498
"C1406",0.637686860739575,0.4,13,0,0.133333333333333,0.968067226890756,0,0,0,0,0,0,1,0,0,0,0,1,0,0,0,0,0,0,0,0,0,0,0,0,0,0,0,0.285714286,0.214285714,0.214285714,0.285714286,0,0.187878716245499,0.139444687942756,1350
"C1407",0.468135326514555,0.4,13,0.333333333333333,0.0666666666666667,0.712605042016807,0,0,0,0,0,0,1,0,0,0,0,1,0,0,0,0,0,0,0,0,0,0,0,0,0,0,0,0.272727273,0,0.545454545,0.181818182,0,0.161619743280618,0.146258676750894,1064
"C1410",0.129819040125885,1,10,0,0.2,0.300840336134454,0,0,0,0,0,0,1,0,0,0,0,1,0,0,0,0,0,0,0,0,0,0,0,0,0,0,0,0,0.666666667,0,0.333333333,0,0.0159799541403683,0.0562039405954723,815
"C1424",0.235641227380016,0.4,2,0,0.466666666666667,0.282352941176471,0,0,0,1,0,0,0,0,0,0,0,1,0,0,0,0,0,0,0,0,0,0,0,0,0,0,0,0,0.333333333,0.666666667,0,0,0.10280594756873,0.207915846983396,179
"C1424",0.235641227380016,0.4,2,0,0.466666666666667,0.282352941176471,0,0,0,1,0,0,0,0,0,0,0,1,0,0,0,0,0,0,0,0,0,0,0,0,0,0,0,0,0.333333333,0.666666667,0,0,0.10280594756873,0.207915846983396,179
"C1426",0.136900078678206,0.2,2,0,0.133333333333333,0.172549019607843,0,0,0,0,0,0,1,0,0,0,0,1,0,0,0,0,0,0,0,0,0,0,0,0,0,0,0.2,0,0.6,0,0.2,0,0.022520073438448,0.126086823570184,262
"C1428",0.137293469708891,0,6,0,0.133333333333333,0.194397759103641,0,0,0,0,0,0,1,0,0,0,0,1,0,0,0,0,0,0,0,0,0,0,0,0,0,0,0,0,0.142857143,0.571428571,0.285714286,0,0.111063833140282,0.150244121214592,333
"C1430",0.592840283241542,0.466666666666667,32,0,0.2,0.718767507002801,0,0,0,0,0,0,1,0,0,0,0,1,0,0,0,0,0,0,0,0,0,0,0,0,0,0,0,0,0,0,1,0,0.194698563537653,0.168051209393825,839
"C1439",0.680173092053501,0.466666666666667,29,0.333333333333333,0.2,0.143977591036415,1,0,0,0,0,0,0,0.0625,0.9375,0,0,0,0,0.0625,0.9375,0,0,0,0,0,0,0,0,0,0,0.458333333,0.166666667,0.25,0,0.0625,0,0.0625,0.0884216249438574,0.124236802674631,172
"C1448",0.428796223446105,0.266666666666667,25,0,0.133333333333333,0.580952380952381,0,0,0,0,0,0,1,0,0,0,0,1,0,0,0,0,0,0,0,0,0,0,0,0,0,0,0,0,0,0.444444444,0.555555556,0,0.197637677390886,0.157766520227914,1284
"C1451",0.626278520849725,0.0666666666666667,38,0,0.2,0.766946778711485,0,0,0,0,0,0,0.6,0.4,0,0,0,0,0,0,0,0.4,0,0,0.2,0.4,0,0,0,0,0,0.4,0.2,0.2,0,0.2,0,0,0.0698610815623793,0.0599855260073185,1044
"C1455",0.159716758457907,0,2,0,0.333333333333333,0.188235294117647,0,0,0,0,0,0,1,0,0,0,0,1,0,0,0,0,0,0,0,0,0,0,0,0,0,0,0.333333333,0,0.333333333,0.333333333,0,0,0.00315974438377105,0.150539716839777,420
"C1465",0.328481510621558,1,26,0,0.266666666666667,0.447619047619048,0,0,0,0,0,0,1,0,0,0,0,1,0,0,0,0,0,0,0,0,0,0,0,0,0,0,0,0,0.5,0.5,0,0,0.105875075841745,0.13692702865239,557
"C1468",0.310385523210071,0.266666666666667,17,0,0.0666666666666667,0.314285714285714,0,0,0,0,0,0,1,0,0,0,0,1,0,0,0,0,0,0,0,0,0,0,0,0,0,0,0,0,0.6,0.4,0,0,0.0766375907146065,0.0762840572028499,810
"C1470",0.263571990558615,0.8,14,0,0.133333333333333,0.35406162464986,0,0,0,0,0,0,1,0,0,0,0,1,0,0,0,0,0,0,0,0,0,0,0,0,0,0,0,0,0.5,0.25,0.25,0,0.0763972610295566,0.0978778272702254,553
"C1476",0.167977970102282,0.133333333333333,6,0,0.333333333333333,0.0526610644257703,1,0,0,0,0,0,0,0.25,0.75,0,0,0,0,0.25,0.75,0,0,0,0,0,0,0,0,0,0,0,0.125,0.75,0,0,0,0.125,0.097396559739656,0.125760649087221,70
"C1487",0.206136900078678,0.0666666666666667,15,0,0.533333333333333,0.243697478991597,0,0,0,0,0,0,1,0,0,0,0,1,0,0,0,0,0,0,0,0,0,0,0,0,0,0,0,0,0,0,1,0,0.145509774720469,0.12271295626204,505
"C1490",0.284421715184894,1,24,0,0.2,0.417927170868347,0,0,1,0,0,0,0,0,0,0,0,1,0,0,0,0,0,0,0,0,0,0,0,0,0,0,0,0,0,0,0,1,0.190817830098732,0.379819992457215,899
"C1492",0.143194335169158,0.0666666666666667,15,0,0.133333333333333,0.179831932773109,0,0,0,0,0,0,1,0,0,0,0,1,0,0,0,0,0,0,0,0,0,0,0,0,0,0,0,0,0.428571429,0.571428571,0,0,0.0539993223490848,0.0587725646488018,296
"C1497",0.305271439811172,0.466666666666667,7,0.333333333333333,0.933333333333333,0.202801120448179,0,0,0,1,0,0,0,0,0,0,0,1,0,0,0,0,0,0,0,0,0,0,0,0,0,0,0,0,1,0,0,0,0.0482826277096187,0.150300182453851,382
"C1516",0.169158143194335,0.733333333333333,8,0,0.0666666666666667,0.198319327731092,0,0,0,0,0,0,1,0,0,0,0,0,1,0,0,0,0,0,0,0,0,0,0,0,0,0,0,0,0.6,0.4,0,0,0.00728080750774177,0.0453688319895624,475
"C1519",0.154996066089693,0.866666666666667,0,0,0,0.212885154061625,0,0,0,0,0,0,1,0,0,0,0,1,0,0,0,0,0,0,0,0,0,0,0,0,0,0,0,0,0.5,0.5,0,0,0.0657636574238234,0.0746684742169264,235
"C1527",0.381589299763965,0.2,23,0,0.266666666666667,0.459943977591036,0,0,0,0,0,0,1,0,0,0,0,1,0,0,0,0,0,0,0,0,0,0,0,0,0,0,0,0,0,0.4,0.6,0,0.0951705552797674,0.135719163770169,1150
"C1537",0.250196695515342,0.933333333333333,17,0,0.2,0.29859943977591,0,0,0,0,0,0,1,0,0,0,0,1,0,0,0,0,0,0,0,0,0,0,0,0,0,0,0,0,0,0,1,0,0.153779479784728,0.0995851468294821,669
"C1544",0.163650668764752,0.333333333333333,10,0,0.133333333333333,0.291316526610644,0,0,1,0,0,0,0,0,0,0,0,1,0,0,0,0,0,0,0,0,0,0,0,0,0,0,0,0,0,0,0,1,0.361471605638686,0.477927161160773,713
"C1565",0.391030684500393,0.333333333333333,42,0,0.2,0.395518207282913,0,0,0,0,0,0,0,0,0,0,1,0,0,0,0,0,0,0,0,0,1,0,0,0,0,0.75,0,0,0.25,0,0,0,0.0678754067875407,0.0586910210280612,588
"C1566",0.171518489378442,0.733333333333333,13,0,0.4,0.20952380952381,0,0,0,0,0,0,1,0,0,0,0,1,0,0,0,0,0,0,0,0,0,0,0,0,0,0,0,0,0.5,0.333333333,0.166666667,0,0.0620838553609279,0.0861151599783909,284
"C1569",0.238001573564123,0.133333333333333,8,0,0.2,0.240336134453782,0,0,0,0,0,0,1,0,0,0,0,1,0,0,0,0,0,0,0,0,0,0,0,0,0,0,0,0,0.714285714,0.285714286,0,0,0.042904758527764,0.0681500810339731,528
"C1572",0.35837922895358,0.133333333333333,32,0,0.2,0.424089635854342,0,0,0,0,0,0,1,0,0,0,0,0.666666667,0,0,0,0.333333333,0,0,0,0,0,0,0,0,0,0,0,0.333333333,0.333333333,0.166666667,0.166666667,0,0.0404069057356058,0.07399064286952,479
"C1579",0.385129819040126,0.0666666666666667,12,0,0.133333333333333,0.486834733893557,0,0,0,0,0,0,1,0,0,0,0,1,0,0,0,0,0,0,0,0,0,0,0,0,0,0,0,0,0.333333333,0.333333333,0.333333333,0,0.218140557407276,0.241104100624828,1158
"C1584",0.472462627852085,0.0666666666666667,40,0,0.2,0.472829131652661,0,0,0,0,0,0,0,0,0,0,1,0,0,0,0,0,0,0,0,0,1,0,0,0,0,0.333333333,0.333333333,0,0.333333333,0,0,0,0.28015349581196,0.177235059679737,507
"C1585",0.267112509834776,0.333333333333333,12,0.333333333333333,0.2,0.273949579831933,0,0,0,0,0,0,1,0,0,0,0,1,0,0,0,0,0,0,0,0,0,0,0,0,0,0,0,0,0.5,0.5,0,0,0.114503305518127,0.163739590447165,718
"C1592",0.332022029897718,0,13,0,0.333333333333333,0.420168067226891,0,0,0,0,0,0,1,0,0,0,0,1,0,0,0,0,0,0,0,0,0,0,0,0,0,0,0,0.142857143,0.428571429,0.285714286,0.142857143,0,0.0414549007556596,0.153984934816068,739
"C1601",0.119590873328088,0.0666666666666667,13,0,0.266666666666667,0.180392156862745,0,0,0,0,0,0,1,0,0,0,0,1,0,0,0,0,0,0,0,0,0,0,0,0,0,0,0,0,0,0.666666667,0.333333333,0,0.123450661497609,0.136809809697575,308
"C1613",0.320220298977183,0.466666666666667,7,0.333333333333333,0.0666666666666667,0.325490196078431,0,0,0,0,0,0,1,0,0,0,0,1,0,0,0,0,0,0,0,0,0,0,0,0,0,0,0,0,0,0,1,0,0.104161249399176,0.24107352176705,498
"C1616",0.582612116443745,0.4,1,0,0.133333333333333,0.220728291316527,1,0,0,0,0,0,0,0.136363636,0.863636364,0,0,0,0,0.090909091,0.863636364,0.045454545,0,0,0,0,0,0,0,0,0,0,0.045454545,0.045454545,0.590909091,0.045454545,0.136363636,0.136363636,0.115236114065984,0.121734432813153,98
"C1616",0.582612116443745,0.4,1,0,0.133333333333333,0.220728291316527,1,0,0,0,0,0,0,0.136363636,0.863636364,0,0,0,0,0.090909091,0.863636364,0.045454545,0,0,0,0,0,0,0,0,0,0,0.045454545,0.045454545,0.590909091,0.045454545,0.136363636,0.136363636,0.115236114065984,0.121734432813153,98
"C1620",0.474429583005507,0.266666666666667,22,0,0.266666666666667,0.654341736694678,0,0,0,0,0,0,1,0,0,0,0,1,0,0,0,0,0,0,0,0,0,0,0,0,0,0,0,0,0.4,0.6,0,0,0.142677036301602,0.122977973029447,1101
"C1636",0.238394964594807,0.0666666666666667,7,0,1,0.412885154061625,0,0,1,0,0,0,0,0,0,0,0,1,0,0,0,0,0,0,0,0,0,0,0,0,0,0,0,0,0,0,0,1,0.570282643468942,0.620628497456858,946
"C1638",0.184107002360346,0.8,10,0,0.4,0.19327731092437,0,0,0,0,0,0,1,0,0,0,0,1,0,0,0,0,0,0,0,0,0,0,0,0,0,0,0,0,0,0.4,0.6,0,0.10240408481668,0.0790157684976607,413
"C1641",0.101101494885917,0.133333333333333,8,0,0.0666666666666667,0.119887955182073,0,0,0,0,0,0,1,0,0,0,0,1,0,0,0,0,0,0,0,0,0,0,0,0,0,0,0,0,0.25,0.25,0.5,0,0.0461275402059744,0.0949014851131927,268
"C1642",0.0959874114870181,0.733333333333333,14,0,0.4,0.117086834733894,0,0,0,0,0,0,1,0,0,0,0,1,0,0,0,0,0,0,0,0,0,0,0,0,0,0,0,0,0.285714286,0.714285714,0,0,0.0815623793426786,0.0877409359169071,297
"C1652",0.339889850511408,0.533333333333333,20,0.333333333333333,0.533333333333333,0.2296918767507,0,0,0,0,0,0,0,0,0,0,1,0,0,0,0,0,0,0,0,0,1,0,0,0,0,0.083333333,0.5,0,0.333333333,0.083333333,0,0,0.492273991600281,0.214948984272274,509
"C1655",0.185680566483084,0,23,0,0.4,0.217927170868347,0,0,0,0,0,0,1,0,0,0,0,1,0,0,0,0,0,0,0,0,0,0,0,0,0,0,0,0,0.25,0.5,0.25,0,0.101230015207747,0.113345632829462,236
"C1656",0.198662470495673,0.733333333333333,7,0,0.133333333333333,0.261624649859944,0,0,0,0,0,0,1,0,0,0,0,1,0,0,0,0,0,0,0,0,0,0,0,0,0,0,0,0,0.375,0.5,0.125,0,0.07072784436092,0.0946211789168969,257
"C1659",0.344610542879622,0.266666666666667,32,0,0.133333333333333,0.348459383753501,0,0,0,0,0,0,0,0,0,0,1,0,0,0,0,0,0,0,0,0,0,0,0,0.230769231,0.769230769,0.153846154,0.461538462,0,0.230769231,0.153846154,0,0,0.127997226359045,0.11345775530798,416
"C1660",0.272226593233674,0.133333333333333,13,0,0.2,0.300840336134454,0,0,0,0,0,0,1,0,0,0,0,1,0,0,0,0,0,0,0,0,0,0,0,0,0,0,0,0,0.375,0.375,0.25,0,0.055843163211435,0.0750507099391481,512
"C1663",0.242328874901652,0.4,3,0.333333333333333,0.333333333333333,0.310364145658263,0,0,0,0,0,0,1,0,0,0,0,1,0,0,0,0,0,0,0,0,0,0,0,0,0,0,0,0,0,0,1,0,0.0806562182351133,0.214480108453016,700
"C1666",0.268292682926829,0.733333333333333,20,0,0.266666666666667,0.350140056022409,0,0,0,0,0,0,1,0,0,0,0,1,0,0,0,0,0,0,0,0,0,0,0,0,0,0,0,0,0.333333333,0.444444444,0.222222222,0,0.0855967661867953,0.104895675130215,465
"C1668",0.183713611329662,0.733333333333333,7,0,0.266666666666667,0.228571428571429,0,0,0,0,0,0,1,0,0,0,0,1,0,0,0,0,0,0,0,0,0,0,0,0,0,0,0,0,0.571428571,0.285714286,0.142857143,0,0.0195809595852146,0.0556229422976954,288
"C1672",0.520849724626279,0.466666666666667,15,0,0.0666666666666667,0.57703081232493,0,0,0,0,0,0,1,0,0,0,0,1,0,0,0,0,0,0,0,0,0,0,0,0,0,0,0,0,0,0,1,0,0.0913370998116761,0.212732017083389,873
"C1673",0.241542092840283,1,22,0,0.0666666666666667,0.300280112044818,0,0,0,0,0,0,1,0,0,0,0,1,0,0,0,0,0,0,0,0,0,0,0,0,0,0,0.4,0,0.2,0.4,0,0,0.0183990103144773,0.14177377761016,526
"C1674",0.114870180959874,0.733333333333333,4,0,0.0666666666666667,0.139495798319328,0,0,0,0,0,0,1,0,0,0,0,1,0,0,0,0,0,0,0,0,0,0,0,0,0,0,0,0,0.5,0.5,0,0,0.050953833061485,0.089310650616164,322
"C1677",0.439811172305271,0.0666666666666667,9,0,0.266666666666667,0.574789915966387,0,0,0,0,0,0,1,0,0,0,0,0,0,0,0,0,0,0,1,0,0,0,0,0,0,0,0.181818182,0,0.272727273,0.272727273,0.272727273,0,0.229424233111915,0.285830776601058,1101
"C1681",0.199842643587726,0.0666666666666667,9,0,0.466666666666667,0.253221288515406,0,0,0,0,0,0,1,0,0,0,0,1,0,0,0,0,0,0,0,0,0,0,0,0,0,0,0,0,0.25,0.375,0.375,0,0.218140557407276,0.241104100624828,520
"C1685",0.105822187254131,1,28,0,0.0666666666666667,0.0862745098039216,0,0,0,0,0,0,0,0,0,0,1,0,0,0,0,0,0,0,0,0,0,0.555555556,0.444444444,0,0,0,0.555555556,0.111111111,0,0.333333333,0,0,0.263543168727198,0,164
"C1687",0.293863099921322,0.0666666666666667,26,0,0.2,0.429131652661064,0,0,0,0,0,0,1,0,0,0,0,1,0,0,0,0,0,0,0,0,0,0,0,0,0,0,0,0,0.272727273,0.727272727,0,0,0.118565271178561,0.132498190750915,349
"C1689",0.42918961447679,0.0666666666666667,4,0.333333333333333,0.2,0.54453781512605,0,0,0,0,0,0,1,0,0,0,0,1,0,0,0,0,0,0,0,0,0,0,0,0,0,0,0.1,0,0.2,0.5,0.2,0,0.281957938365285,0.276076120969961,960
"C1693",0.325334382376082,0.4,20,0,0.4,0.47563025210084,0,0,0,0,0,0,1,0,0,0,0,1,0,0,0,0,0,0,0,0,0,0,0,0,0,0,0,0,0,0.25,0.75,0,0.189773774909581,0.169345714373082,1087
"C1695",0.0696302124311566,0.733333333333333,12,0,0.266666666666667,0.053781512605042,0,0,0,0,0,0,0,0,0,0,1,0,0,0,0,0,0,0,0,0,1,0,0,0,0,0.2,0.6,0,0.2,0,0,0,0.120669140880473,0.113804315696128,123
"C1697",0.19669551534225,0.0666666666666667,4,0,0.2,0.4,0,0,1,0,0,0,0,0,0,0,0,1,0,0,0,0,0,0,0,0,0,0,0,0,0,0,0,0,0,0,0,1,0.487546194517331,0.360708206346132,854
"C1698",0.170731707317073,0.133333333333333,1,0,0.2,0.0795518207282913,1,0,0,0,0,0,0,0.5,0.5,0,0,0,0,0.5,0.5,0,0,0,0,0,0,0,0,0,0,0,0,0.5,0.5,0,0,0,0.0452134994366042,0.143628894982009,65
"C1699",0.285601888276947,0.0666666666666667,7,0,0.466666666666667,0.373669467787115,0,0,0,0,0,0,1,0,0,0,0,1,0,0,0,0,0,0,0,0,0,0,0,0,0,0,0,0,0.142857143,0.428571429,0.428571429,0,0.236681401634242,0.279286901036623,606
"C1700",0.352478363493312,0.333333333333333,39,0,0.133333333333333,0.443137254901961,0,0,1,0,0,0,0,0,0,0,0,1,0,0,0,0,0,0,0,0,0,0,0,0,0,0,0,0,0,0,1,0,0.180239384125633,0.416769445605308,979
"C1704",0.241148701809599,0.4,34,0,0.466666666666667,0.0834733893557423,1,0,0,0,0,0,0,0.117647059,0.882352941,0,0,0,0,0.117647059,0.882352941,0,0,0,0,0,0,0,0,0,0,0,0,0.823529412,0.117647059,0,0,0.058823529,0.0815623793426786,0.133894625256098,131
"C1704",0.241148701809599,0.4,34,0,0.466666666666667,0.0834733893557423,1,0,0,0,0,0,0,0.117647059,0.882352941,0,0,0,0,0.117647059,0.882352941,0,0,0,0,0,0,0,0,0,0,0,0,0.823529412,0.117647059,0,0,0.058823529,0.0815623793426786,0.133894625256098,131
"C1706",0.173485444531865,0.0666666666666667,7,0.333333333333333,0.333333333333333,0.218487394957983,0,0,0,0,0,0,1,0,0,0,0,1,0,0,0,0,0,0,0,0,0,0,0,0,0,0,0,0,0.4,0,0.6,0,0.173037373235941,0.232409512063359,362
"C1713",0.247836349331235,0.133333333333333,2,0,0.0666666666666667,0.287955182072829,0,0,0,0,0,0,1,0,0,0,0,1,0,0,0,0,0,0,0,0,0,0,0,0,0,0,0,0,0.666666667,0.166666667,0.166666667,0,0.0299190758732635,0.0980052391776326,566
"C1718",0.285995279307632,0.666666666666667,23,0,0.133333333333333,0.374789915966387,0,0,0,0,0,0,1,0,0,0,0,1,0,0,0,0,0,0,0,0,0,0,0,0,0,0,0,0,0,0.5,0.5,0,0.160268381281075,0.201163015890813,496
"C1722",0.308025177025964,0,1,0,0.4,0.140616246498599,1,0,0,0.272727273,0,0,0,0.181818182,0.545454545,0,0,0.272727273,0,0.181818182,0.545454545,0,0,0,0,0,0,0,0,0,0,0,0.090909091,0.545454545,0.090909091,0.181818182,0,0.090909091,0.0867865951193375,0.171363918986413,649
"C1724",0.483870967741935,0.133333333333333,1,0,0.4,0.484593837535014,0,0,0,0,0,0,0.1,0.1,0,0,0.8,0,0,0,0,0,0,0,0.1,0.1,0,0,0.8,0,0,0.5,0.2,0.1,0.2,0,0,0,0.108061681992609,0.0931432007909731,701
"C1732",0.0944138473642801,0.266666666666667,17,0,0.2,0.0980392156862745,0,0,0,0,0,0,0,0,0,0,1,0,0,0,0,0,0,0,0,0,0,0,1,0,0,0.666666667,0.166666667,0,0,0.166666667,0,0,0.0937679754784925,0.0802796946191403,267
"C1738",0.271046420141621,0.133333333333333,13,0,0.2,0.318767507002801,0,0,0,0,0,0,1,0,0,0,0,1,0,0,0,0,0,0,0,0,0,0,0,0,0,0,0,0,0.5,0.25,0.25,0,0.0721934614566343,0.105680532479843,682
"C1740",0.297797010228167,0.2,29,0,0.4,0.540616246498599,0,0,1,0,0,0,0,0,0,0,0,1,0,0,0,0,0,0,0,0,0,0,0,0,0,0,0,0,0,0,0.5,0.5,0.207030234262345,0.470792094345969,979
"C1743",0.300944138473643,0.333333333333333,16,0.333333333333333,0.0666666666666667,0.52156862745098,0,0,1,0,0,0,0,0,0,0,0,1,0,0,0,0,0,0,0,0,0,0,0,0,0,0,0,0,0,0,0,1,0.203878369540379,0.483023637457062,1653
"C1744",0.313139260424862,0.0666666666666667,13,0,0.133333333333333,0.456022408963585,0,0,0,0,0,0,1,0,0,0,0,1,0,0,0,0,0,0,0,0,0,0,0,0,0,0,0,0,0,0,1,0,0.166166308142055,0.176429816424924,979
"C1756",0.148701809598741,0.666666666666667,1,0,0.2,0.264985994397759,0,0,1,0,0,0,0,0,0,0,0,1,0,0,0,0,0,0,0,0,0,0,0,0,0,0,0,0,0,0,0,1,0.377230929248517,0.610435544864281,609
"C1757",0.302124311565696,0.466666666666667,13,0.666666666666667,0.266666666666667,0.371428571428571,0,0,0,0,0,0,1,0,0,0,0,1,0,0,0,0,0,0,0,0,0,0,0,0,0,0,0,0.25,0.25,0.5,0,0,0.196900929012127,0.261250471424057,508
"C1761",0.226593233674272,0,18,0,0.133333333333333,0.39327731092437,0,0,0,0,0,0,1,0,0,0,0,1,0,0,0,0,0,0,0,0,0,0,0,0,0,0,0,0,0.166666667,0.5,0.333333333,0,0.0987715607246137,0.195419287104896,730
"C1762",0.171518489378442,0.8,4,0,0.133333333333333,0.174789915966387,0,0,0,0,0,0,1,0,0,0,0,1,0,0,0,0,0,0,0,0,0,0,0,0,0,0,0,0,0,0,1,0,0.0914040769370179,0.0853353991050588,460
"C1768",0.189614476789929,1,4,0,0.0666666666666667,0.2,0,0,0,0,0,0,1,0,0,0,0,1,0,0,0,0,0,0,0,0,0,0,0,0,0,0,0,0,0,0,1,0,0.0677847906767842,0.130525854424251,670
"C1773",0.320220298977183,0.0666666666666667,15,0,0.266666666666667,0.425210084033613,0,0,0,0,0,0,1,0,0,0,0,1,0,0,0,0,0,0,0,0,0,0,0,0,0,0,0.111111111,0,0.222222222,0.444444444,0.222222222,0,0.270894893191184,0.311537403039538,614
"C1775",0.269472856018883,0.866666666666667,5,0,0.533333333333333,0.0661064425770308,1,0,0,0,0,0,0,0.117647059,0.882352941,0,0,0,0,0.117647059,0.882352941,0,0,0,0,0,0,0,0,0,0,0,0.058823529,0.882352941,0,0,0,0.058823529,0.0870623832825095,0.0946211789168969,96
"C1783",0.223446105428796,0.333333333333333,16,0.333333333333333,0.4,0.326610644257703,0,0,0,0,0,0,1,0,0,0,0,1,0,0,0,0,0,0,0,0,0,0,0,0,0,0,0,0,0.2,0.6,0.2,0,0.128990063746464,0.142538249054604,570
"C1786",0.178599527930763,0,25,0,0.2,0.182072829131653,0,0,0,0,0,0,0,0,0,0,1,0,0,0,0,0,0,0,0,0,0.2,0.8,0,0,0,0.2,0.6,0,0.2,0,0,0,0.184651994736386,0.17922268543529,345
"C1788",0.137686860739575,0.133333333333333,28,0,0.2,0.205602240896359,0,0,1,0,0,0,0,0,0,0,0,1,0,0,0,0,0,0,0,0,0,0,0,0,0,0,0,0,0,0,1,0,0.199938538637922,0.350515253753555,412
"C1790",0.24822974036192,0.133333333333333,2,0,0.266666666666667,0.0857142857142857,1,0,0,0,0,0,0,0.090909091,0.909090909,0,0,0,0,0.090909091,0.909090909,0,0,0,0,0,0,0,0,0,0,0.303030303,0.515151515,0.060606061,0,0.03030303,0.03030303,0.060606061,0.0980702708239762,0.136289969115354,120
"C1802",0.555468135326515,0.6,3,0,0.133333333333333,0.833053221288515,0,0,1,0,0,0,0,0,0,0,0,1,0,0,0,0,0,0,0,0,0,0,0,0,0,0,0,0,0,0,1,0,0.282674987589533,0.457541255975618,1983
"C1803",0.029110936270653,0.666666666666667,13,0,0.133333333333333,0.0246498599439776,0,0,0,0,0,0,0,0,0,0,1,0,0,0,0,0,0,0,0,0,1,0,0,0,0,0.1,0.5,0,0.4,0,0,0,0.214909896067261,0.145310732159785,78
"C1804",0.177812745869394,0.0666666666666667,3,0,0.2,0.345098039215686,0,0,1,0,0,0,0,0,0,0,0,1,0,0,0,0,0,0,0,0,0,0,0,0,0,0,0,0,0,0,0,1,0.654886572268318,0.587827576013944,951
"C1819",0.119590873328088,0.733333333333333,15,0,0.0666666666666667,0.134453781512605,0,0,0,0,0,0,1,0,0,0,0,1,0,0,0,0,0,0,0,0,0,0,0,0,0,0,0,0,0,0,1,0,0.0716024868212656,0.0915734860917162,272
"C1823",0.207317073170732,1,14,0,0.2,0.319887955182073,0,0,0,0,0,0,1,0,0,0,0,1,0,0,0,0,0,0,0,0,0,0,0,0,0,0,0,0,0.333333333,0.666666667,0,0,0.142606119345358,0.16546219943531,652
"C1833",0.526357199055862,0.866666666666667,19,0,0.333333333333333,0.835854341736695,0,0,0,0,0,0,1,0,0,0,0,1,0,0,0,0,0,0,0,0,0,0,0,0,0,0,0,0.285714286,0.285714286,0.285714286,0.142857143,0,0.0669298473709508,0.104610272457623,1001
"C1834",0.11801730920535,0,4,0,0.0666666666666667,0.142857142857143,0,0,0,0,0,0,1,0,0,0,0,1,0,0,0,0,0,0,0,0,0,0,0,0,0,0,0,0,0.333333333,0.333333333,0.333333333,0,0.0709405952296527,0.156023525334584,255
"C1837",0.173485444531865,0.133333333333333,21,0,0.266666666666667,0.197759103641457,0,0,0,0,0,0,1,0,0,0,0,1,0,0,0,0,0,0,0,0,0,0,0,0,0,0,0,0.333333333,0,0.333333333,0.333333333,0,0.086274417102018,0.125852385660554,398
"C1845",0.11014948859166,0,0,0,0.2,0.131652661064426,0,0,0,0,0,0,1,0,0,0,0,1,0,0,0,0,0,0,0,0,0,0,0,0,0,0,0,0,0.25,0.5,0.25,0,0.148760135214997,0.22786345520707,277
"C1848",0.199055861526357,0.266666666666667,9,0,0.2,0.362464985994398,0,0,1,0,0,0,0,0,0,0,0,1,0,0,0,0,0,0,0,0,0,0,0,0,0,0,0,0,0,0,1,0,0.268909218416346,0.49883290692815,625
"C1850",0.142407553107789,0.133333333333333,0,0,0.266666666666667,0.119327731092437,0,0,0,1,0,0,0,0,0,0,0,1,0,0,0,0,0,0,0,0,0,0,0,0,0,0,0,0,0.333333333,0.666666667,0,0,0.0574584938814426,0.227608631392255,254
"C1859",0.943351691581432,0.4,1,0.333333333333333,0.266666666666667,0.265546218487395,1,0,0,0,0,0,0,0.125,0.875,0,0,0,0,0.125,0.875,0,0,0,0,0,0,0,0,0,0,0,0.075,0.375,0.325,0,0.15,0.075,0.0659094311672143,0.143231369830899,116
"C1861",0.261211644374508,0.8,16,0,0.2,0.357983193277311,0,0,0,0,0,0,1,0,0,0,0,1,0,0,0,0,0,0,0,0,0,0,0,0,0,0,0.5,0,0,0.25,0.25,0,0.0420301160674184,0.148373714413854,613
"C1863",0.422108575924469,1,24,0,0.266666666666667,0.63921568627451,0,0,0,0,0,0,1,0,0,0,0,1,0,0,0,0,0,0,0,0,0,0,0,0,0,0,0.125,0,0.375,0.5,0,0,0.105327439346303,0.147537892301263,733
"C1866",0.122738001573564,0.133333333333333,1,0,0.2,0.12436974789916,0,0,0,0,0,0,1,0,0,0,0,1,0,0,0,0,0,0,0,0,0,0,0,0,0,0,0,0,0.5,0.5,0,0,0.0338431474521114,0.0826597490495072,135
"C1867",0.256490952006294,0.133333333333333,26,0,0.133333333333333,0.317086834733894,0,0,0,0,0,0,1,0,0,0,0,1,0,0,0,0,0,0,0,0,0,0,0,0,0,0,0,0,0.666666667,0.166666667,0.166666667,0,0.022425517496789,0.0813397616887684,374
"C1871",0.206136900078678,0.733333333333333,15,0,0.266666666666667,0.208403361344538,0,0,0,0,0,0,1,0,0,0,0,1,0,0,0,0,0,0,0,0,0,0,0,0,0,0,0,0,0.5,0.5,0,0,0.046064502911535,0.0588795906510239,408
"C1874",0.233280881195909,0.933333333333333,2,0,0.133333333333333,0.0470588235294118,1,0,0,0,0,0,0,0.1,0.9,0,0,0,0,0.1,0.9,0,0,0,0,0,0,0,0,0,0,0.233333333,0.466666667,0.1,0,0.1,0.1,0,0.0827522082752208,0.110221492859837,62
"C1874",0.233280881195909,0.933333333333333,2,0,0.133333333333333,0.0470588235294118,1,0,0,0,0,0,0,0.1,0.9,0,0,0,0,0.1,0.9,0,0,0,0,0,0,0,0,0,0,0.233333333,0.466666667,0.1,0,0.1,0.1,0,0.0827522082752208,0.110221492859837,62
"C1875",0.384343036978757,0.933333333333333,5,0,0.533333333333333,0.100280112044818,1,0,0,0,0,0,0,0.136363636,0.863636364,0,0,0,0,0.136363636,0.863636364,0,0,0,0,0,0,0,0,0,0,0.545454545,0.181818182,0.136363636,0.045454545,0,0.045454545,0.045454545,0.116532318432893,0.11349852711835,209
"C1875",0.384343036978757,0.933333333333333,5,0,0.533333333333333,0.100280112044818,1,0,0,0,0,0,0,0.136363636,0.863636364,0,0,0,0,0.136363636,0.863636364,0,0,0,0,0,0,0,0,0,0,0.545454545,0.181818182,0.136363636,0.045454545,0,0.045454545,0.045454545,0.116532318432893,0.11349852711835,209
"C1879",0.269472856018883,0.266666666666667,12,0,0.133333333333333,0.313725490196078,0,0,0,0,0,0,1,0,0,0,0,1,0,0,0,0,0,0,0,0,0,0,0,0,0,0,0,0,0,0.6,0.4,0,0.10001654728979,0.0914613636131978,713
"C1880",0.239575137686861,0.133333333333333,15,0,1,0.277310924369748,0,0,0,0,0,0,1,0,0,0,0,1,0,0,0,0,0,0,0,0,0,0,0,0,0,0,0,0,0,0,1,0,0.122150517299797,0.112999072441314,761
"C1885",0.316286388670338,0.733333333333333,14,0,0.266666666666667,0.442016806722689,0,0,0,0,0,0,1,0,0,0,0,1,0,0,0,0,0,0,0,0,0,0,0,0,0,0,0,0,0.625,0.375,0,0,0.0574584938814426,0.0813397616887684,616
"C1889",0.390243902439024,0.0666666666666667,14,0,0.133333333333333,0.434173669467787,0,0,0,0,0,0,1,0,0,0,0,1,0,0,0,0,0,0,0,0,0,0,0,0,0,0,0,0,0.25,0.25,0.5,0,0.0750616583536235,0.0940350841428236,808
"C1896",0.269866247049567,0.0666666666666667,3,0,0.133333333333333,0.361344537815126,0,0,0,0,0,0,1,0,0,0,0,1,0,0,0,0,0,0,0,0,0,0,0,0,0,0,0,0,0.333333333,0.5,0.166666667,0,0.13820138839641,0.204735645774512,845
"C1898",0.21243115656963,0.8,9,0,0.4,0.282352941176471,0,0,0,0,0,0,1,0,0,0,0,1,0,0,0,0,0,0,0,0,0,0,0,0,0,0,0,0,0.5,0.333333333,0.166666667,0,0.0763972610295566,0.0978778272702254,415
"C1899",0.167191188040913,0.133333333333333,0,0,0.266666666666667,0.053781512605042,1,0,0,0,0,0,0,0.333333333,0.666666667,0,0,0,0,0.333333333,0.666666667,0,0,0,0,0,0,0,0,0,0,0,0.166666667,0.833333333,0,0,0,0,0.126657683852209,0.129394436686475,31
"C1900",0.22029897718332,0.8,2,0,0.133333333333333,0.257142857142857,0,0,0,0,0,0,1,0,0,0,0,1,0,0,0,0,0,0,0,0,0,0,0,0,0,0,0,0,0.375,0.375,0.25,0,0.0815623793426786,0.0866095181791309,596
"C1907",0.0731707317073171,0.866666666666667,7,0,0.2,0.0840336134453782,0,0,0,0,0,0,1,0,0,0,0,1,0,0,0,0,0,0,0,0,0,0,0,0,0,0,0,0,0.5,0.5,0,0,0.0414470210938547,0.0841988848909864,207
"C1910",0.232100708103855,0.8,21,0,0.133333333333333,0.188795518207283,0,0,0,0,0,0,0,0,0,0,1,0,0,0,0,0,0,0,0,0,1,0,0,0,0,0.2,0.5,0,0.3,0,0,0,0.0992364607711037,0.0990754991998532,396
"C1911",0.339889850511408,0.466666666666667,21,0.333333333333333,0.133333333333333,0.54453781512605,0,0,0,0,0,0,1,0,0,0,0,1,0,0,0,0,0,0,0,0,0,0,0,0,0,0,0,0,0,0,1,0,0.168348974462016,0.21837381634338,831
"C1916",0.310778914240755,0.0666666666666667,2,0.333333333333333,0.266666666666667,0.453221288515406,0,0,0,0,0,0,1,0,0,0,0,1,0,0,0,0,0,0,0,0,0,0,0,0,0,0,0,0,0.25,0.5,0.25,0,0.109093917689053,0.18444147716269,752
"C1925",0.226199842643588,0,9,0,0.266666666666667,0.0582633053221289,1,0,0,0,0,0,0,0.333333333,0.666666667,0,0,0,0,0.333333333,0.666666667,0,0,0,0,0,0,0,0,0,0,0,0.166666667,0.666666667,0,0,0,0.166666667,0.0627024088126138,0.143195694496825,75
"C1929",0.183320220298977,0.933333333333333,19,0,0.266666666666667,0.231372549019608,0,0,0,0,0,0,1,0,0,0,0,1,0,0,0,0,0,0,0,0,0,0,0,0,0,0,0,0,0.166666667,0.5,0.333333333,0,0.0853840153180625,0.129970338507956,413
"C1933",0.391817466561762,0.266666666666667,8,0,0.2,0.666106442577031,0,0,1,0,0,0,0,0,0,0,0,1,0,0,0,0,0,0,0,0,0,0,0,0,0,0,0,0,0,0,0,1,0.21963769315021,0.508506018938506,1730
"C1936",0.0841856805664831,0.266666666666667,8,0,0.666666666666667,0.0868347338935574,0,0,0,0,0,0,1,0,0,0,0,1,0,0,0,0,0,0,0,0,0,0,0,0,0,0,0,0,0,0,1,0,0.199489397915041,0.174431997716779,234
"C1939",0.907946498819827,0.0666666666666667,13,0,0.2,0.952380952380952,0,0,0,0,0,0,1,0,0,0,0,0,0,0,0,0,0,0,1,0,0,0,0,0,0,0,0.444444444,0,0.444444444,0.111111111,0,0,0.219377664310648,0.193869958310824,1896
"C1940",0.231707317073171,0.0666666666666667,16,0,0.133333333333333,0.287955182072829,0,0,0,0,0,0,1,0,0,0,0,1,0,0,0,0,0,0,0,0,0,0,0,0,0,0,0,0,0.166666667,0.666666667,0.166666667,0,0.193721485473843,0.198181577257484,709
"C1941",0.148701809598741,0.133333333333333,19,0,0.2,0.267226890756303,0,0,1,0,0,0,0,0,0,0,0,1,0,0,0,0,0,0,0,0,0,0,0,0,0,0,0,0,0,0,0,1,0.31646297740901,0.617652155299826,600
"C1945",0.286782061369001,0.0666666666666667,6,0.333333333333333,0.2,0.403921568627451,0,0,0,0,0,0,1,0,0,0,0,0,1,0,0,0,0,0,0,0,0,0,0,0,0,0,0,0,0.333333333,0,0.666666667,0,0.126177024482109,0.175430907070851,730
"C1962",0.153422501966955,0,9,0,0.2,0.158543417366947,0,0,0,0,0,0,1,0,0,0,0,1,0,0,0,0,0,0,0,0,0,0,0,0,0,0,0,0,0,0,1,0,0.109086038027248,0.183146972183432,401
"C1965",0.185680566483084,1,13,0,0.333333333333333,0.261624649859944,0,0,0,0,0,0,1,0,0,0,0,1,0,0,0,0,0,0,0,0,0,0,0,0,0,0,0,0,0.4,0.4,0.2,0,0.080498624999015,0.112295758712426,500
"C1967",0.218332022029898,0.0666666666666667,6,0,0.2,0.289635854341737,0,0,0,0,0,0,1,0,0,0,0,1,0,0,0,0,0,0,0,0,0,0,0,0,0,0,0,0,0.25,0.75,0,0,0.0809162470746756,0.184094916774542,639
"C1968",0.191974822974036,0,0,0,0.2,0.165826330532213,0,0,0,0,0,0,0.8,0.2,0,0,0,0.8,0,0,0,0,0,0,0,0.2,0,0,0,0,0,0.2,0.4,0,0.2,0.2,0,0,0.00985745691794908,0.0905949626428287,220
"C1969",0.52714398111723,0.333333333333333,29,0,0.133333333333333,0.660504201680672,0,0,0,0,0,0,0.666666667,0.333333333,0,0,0,0.666666667,0,0.333333333,0,0,0,0,0,0,0,0,0,0,0,0,0.5,0,0.333333333,0.166666667,0,0,0.0331497372132788,0.131101756245732,886
"C1970",0.0739575137686861,0.266666666666667,16,0,0.4,0.0532212885154062,0,0,0,0,0,0,0,0,0,0,1,0,0,0,0,0,0,0,0,0,1,0,0,0,0,0.2,0.6,0,0.2,0,0,0,0.144812424650734,0.11278502043687,159
"C1973",0.140833988985051,0.266666666666667,15,0,0.2,0.207843137254902,0,0,0,0,0,0,1,0,0,0,0,1,0,0,0,0,0,0,0,0,0,0,0,0,0,0,0,0,0.666666667,0,0.333333333,0,0.10001654728979,0.0907070851213471,457
"C1979",0.0959874114870181,0.0666666666666667,17,0,0.266666666666667,0.0952380952380952,0,0,0,0,0,0,0,0,0,0,1,0,0,0,0,0,0,0,0,0,0,0,1,0,0,0.111111111,0.444444444,0,0.444444444,0,0,0,0.2386985950563,0.146126168367191,133
"C1983",0.345003933910307,0.933333333333333,3,0,0.266666666666667,0.104761904761905,1,0,0,0.2,0,0,0,0.133333333,0.666666667,0,0,0.2,0,0.133333333,0.666666667,0,0,0,0,0,0,0,0,0,0,0,0.066666667,0.733333333,0.066666667,0,0,0.133333333,0.0859986289388459,0.126565892342035,253
"C1983",0.345003933910307,0.933333333333333,3,0,0.266666666666667,0.104761904761905,1,0,0,0.2,0,0,0,0.133333333,0.666666667,0,0,0.2,0,0.133333333,0.666666667,0,0,0,0,0,0,0,0,0,0,0,0.066666667,0.733333333,0.066666667,0,0,0.133333333,0.0859986289388459,0.126565892342035,253
"C1985",0.333595594020456,0.733333333333333,28,0,0.266666666666667,0.397198879551821,0,0,0,0,0,0,1,0,0,0,0,1,0,0,0,0,0,0,0,0,0,0,0,0,0,0,0,0,0.5,0.25,0.25,0,0.0514502517551947,0.176847727481219,630
"C1987",0.104248623131393,0.466666666666667,26,1,0.266666666666667,0.136694677871148,0,0,0,0,0,0,1,0,0,0,0,1,0,0,0,0,0,0,0,0,0,0,0,0,0,0,0,0,0,0.666666667,0.333333333,0,0.29360407851295,0.354572048885401,166
"C1994",0.159323367427223,0.133333333333333,3,0,0.0666666666666667,0.171428571428571,0,0,0,0,0,0,1,0,0,0,0,1,0,0,0,0,0,0,0,0,0,0,0,0,0,0,0,0,0,0.5,0.5,0,0.0720004097424139,0.0862170895043167,496
"C2000",0.501180173092054,0.133333333333333,21,0,0.133333333333333,0.598879551820728,0,0,0,0,0,0,1,0,0,0,0,1,0,0,0,0,0,0,0,0,0,0,0,0,0,0,0,0,0.428571429,0.428571429,0.142857143,0,0.0953360281776706,0.151161486947924,795
"C2001",0.202202989771833,0.0666666666666667,10,0,0.533333333333333,0.272829131652661,0,0,0,0,0,0,1,0,0,0,0,0,0,0,0,0,0,0,1,0,0,0,0,0,0,0,0.4,0.4,0,0.2,0,0,0.0339140644083556,0.130347477753881,417
"C2008",0.297010228166798,0.0666666666666667,7,0.666666666666667,0.333333333333333,0.364145658263305,0,0,0,0,0,0,1,0,0,0,0,1,0,0,0,0,0,0,0,0,0,0,0,0,0,0,0,0,0.4,0.3,0.3,0,0.128808831524951,0.221819034319671,548
"C2010",0.328481510621558,0.266666666666667,15,0,0.2,0.333333333333333,0,0,0,0,0,0,1,0,0,0,0,1,0,0,0,0,0,0,0,0,0,0,0,0,0,0,0,0,0.6,0.4,0,0,0.0710272715095068,0.0658872455584209,690
"C2013",0.223839496459481,0.133333333333333,3,0,0.2,0.277871148459384,0,0,0,0,0,0,1,0,0,0,0,1,0,0,0,0,0,0,0,0,0,0,0,0,0,0,0,0,0.666666667,0.333333333,0,0,0.0536132189206439,0.0165533550103458,91
"C2016",0.0924468922108576,1,15,0,0.133333333333333,0.103641456582633,0,0,0,0,0,0,1,0,0,0,0,1,0,0,0,0,0,0,0,0,0,0,0,0,0,0,0,0,0.5,0.5,0,0,0.0402493124995075,0.084351779179875,220
"C2020",0.00550747442958301,0.466666666666667,7,0.333333333333333,0.133333333333333,0.00672268907563025,0,0,0,0,0,0,0,0,0,0,1,0,0,0,0,0,0,0,0,0,0,0,1,0,0,0.333333333,0.333333333,0,0.333333333,0,0,0,0.164480060515803,0.116413711559828,19
"C2021",0.324547600314713,0.0666666666666667,7,0,0.2,0.424649859943978,0,0,0,0,0,0,1,0,0,0,0,1,0,0,0,0,0,0,0,0,0,0,0,0,0,0,0,0,0.083333333,0.666666667,0.25,0,0.0677887305076866,0.17036500963234,902
"C2032",0.361132966168371,0.133333333333333,23,0,0.0666666666666667,0.529411764705882,0,0,0,0,0,0,1,0,0,0,0,1,0,0,0,0,0,0,0,0,0,0,0,0,0,0,0,0,0,0,1,0,0.189773774909581,0.169345714373082,1162
"C2034",0.574350904799371,0.466666666666667,2,0.333333333333333,0.2,0.219607843137255,1,0,0,0,0,0,0,0.103448276,0.896551724,0,0,0,0,0.103448276,0.896551724,0,0,0,0,0,0,0,0,0,0,0.344827586,0.137931034,0.379310345,0.034482759,0,0.034482759,0.068965517,0.0740215429953746,0.114833803907978,132
"C2035",0.183320220298977,0,24,0,0.0666666666666667,0.284593837535014,0,0,0,0,0,0,1,0,0,0,0,1,0,0,0,0,0,0,0,0,0,0,0,0,0,0,0.4,0,0.4,0.2,0,0,0.065984287954361,0.161945630790871,246
"C2036",0.0904799370574351,0,2,0,0.0666666666666667,0.104201680672269,0,0,0,0,0,0,1,0,0,0,0,1,0,0,0,0,0,0,0,0,0,0,0,0,0,0,0,0,0,0.75,0.25,0,0.0815623793426786,0.0866095181791309,258
"C2038",0.298583792289536,0.4,7,0.333333333333333,0.666666666666667,0.076750700280112,1,0,0,0,0,0,0,0.15,0.85,0,0,0,0,0.15,0.85,0,0,0,0,0,0,0,0,0,0,0.5,0.1,0.2,0.05,0.05,0.05,0.05,0.0684742610847142,0.135352217476837,108
"C2040",0.0676632572777341,1,11,0,0.133333333333333,0.104761904761905,0,0,1,0,0,0,0,0,0,0,0,1,0,0,0,0,0,0,0,0,0,0,0,0,0,0,0,0,0,0,0,1,0.361471605638686,0.508506018938506,336
"C2042",0.269866247049567,0.333333333333333,13,0.666666666666667,0.466666666666667,0.351820728291317,0,0,0,0,0,0,1,0,0,0,0,1,0,0,0,0,0,0,0,0,0,0,0,0,0,0,0,0,0.2,0.8,0,0,0.133694221843998,0.146421763992376,757
"C2046",0.433910306845004,0.0666666666666667,10,0,0.266666666666667,0.6296918767507,0,0,0,0,0,0,1,0,0,0,0,1,0,0,0,0,0,0,0,0,0,0,0,0,0,0,0,0,0,0.5,0.5,0,0.132725023441994,0.182387597215285,1306
"C2049",0.260424862313139,0,0,0,0.333333333333333,0.346218487394958,0,0,0,0,0,0,1,0,0,0,0,1,0,0,0,0,0,0,0,0,0,0,0,0,0,0,0,0,0,0,1,0,0.0652514794065039,0.0685781850428614,841
"C2055",0.293863099921322,1,22,0,0.266666666666667,0.450420168067227,0,0,0,0,0,0,1,0,0,0,0,1,0,0,0,0,0,0,0,0,0,0,0,0,0,0,0,0,0.333333333,0.333333333,0.333333333,0,0.135719294927862,0.152751587552366,723
"C2059",0,0.0666666666666667,1,0.333333333333333,0.2,0,0,0,0,0,0,0,0,0,0,0,1,0,0,0,0,0,0,0,0,0,0,0,1,0,0,0.666666667,0,0,0.333333333,0,0,0,0.164172753705411,0.0967107341983752,13
"C2066",0.28756884343037,0.333333333333333,22,0,0.133333333333333,0.362464985994398,0,0,0,0,0,0,1,0,0,0,0,0,1,0,0,0,0,0,0,0,0,0,0,0,0,0,0,0,0.5,0.5,0,0,0.0829334404967339,0.123671093805743,503
"C2068",0.160503540519276,0,3,0,0.0666666666666667,0.207843137254902,0,0,0,0,0,0,1,0,0,0,0,1,0,0,0,0,0,0,0,0,0,0,0,0,0,0,0,0,0,0,1,0,0.105567769031353,0.22723149214633,594
"C2070",0.343036978756884,0.0666666666666667,6,0,0.2,0.501960784313725,0,0,0,0,0,0,1,0,0,0,0,1,0,0,0,0,0,0,0,0,0,0,0,0,0,0,0,0,0.2,0.4,0.4,0,0.11263188583946,0.188865218587868,735
"C2071",0.571597167584579,0.0666666666666667,21,0,0.2,0.826330532212885,0,0,0,0,0,0,1,0,0,0,0,1,0,0,0,0,0,0,0,0,0,0,0,0,0,0,0,0,0.222222222,0.555555556,0.222222222,0,0.113695640183123,0.161558298592353,1398
"C2073",0.131785995279308,0,13,0,0.333333333333333,0.15406162464986,0,0,0,0,0,0,1,0,0,0,0,1,0,0,0,0,0,0,0,0,0,0,0,0,0,0,0,0,0.333333333,0.5,0.166666667,0,0.0763933211986541,0.187896888091573,301
"C2082",0.371361132966168,0.0666666666666667,19,0,0.133333333333333,0.466106442577031,0,0,0,0,0,0,1,0,0,0,0,1,0,0,0,0,0,0,0,0,0,0,0,0,0,0,0.166666667,0,0.166666667,0.5,0.166666667,0,0.328723731177458,0.317398350780271,822
"C2086",0.414634146341463,0.6,7,0,0.133333333333333,0.63249299719888,0,0,1,0,0,0,0,0,0,0,0,1,0,0,0,0,0,0,0,0,0,0,0,0,0,0,0,0,0,0,0.555555556,0.444444444,0.251156340369871,0.447348303383041,1524
"C2089",0.368214004720692,0.133333333333333,27,0,0.0666666666666667,0.481792717086835,0,0,0,0,0,0,1,0,0,0,0,1,0,0,0,0,0,0,0,0,0,0,0,0,0,0,0,0,0.5,0.166666667,0.333333333,0,0.0756132346799675,0.111042025543539,572
"C2094",0.151062155782848,0.133333333333333,16,0,1,0.217927170868347,0,0,0,0,0,0,1,0,0,0,0,1,0,0,0,0,0,0,0,0,0,0,0,0,0,0,0,0,0.571428571,0.428571429,0,0,0.0600115043062352,0.087598234580611,318
"C2096",0.183320220298977,0.266666666666667,11,0,0.133333333333333,0.187114845938375,0,0,0,0,0,0,1,0,0,0,0,1,0,0,0,0,0,0,0,0,0,0,0,0,0,0,0,0,0.714285714,0.285714286,0,0,0.0464584860017808,0.0615858195643532,525
"C2097",0.382376081825334,0.2,29,0,0.133333333333333,0.687394957983193,0,0,0,0,0,0,1,0,0,0,0,0.714285714,0,0,0,0.285714286,0,0,0,0,0,0,0,0,0,0,0,0.142857143,0.428571429,0.285714286,0.142857143,0,0.0757314296070413,0.0914002058976424,995
"C2099",0.120377655389457,0,3,0,0.133333333333333,0.137254901960784,0,0,0,0,0,0,1,0,0,0,0,1,0,0,0,0,0,0,0,0,0,0,0,0,0,0,0,0,0.2,0.6,0.2,0,0.0422113482889314,0.082797353909507,383
"C2100",0.335955940204563,0.4,4,0,0.333333333333333,0.405042016806723,0,0,0,0,0,0,1,0,0,0,0,1,0,0,0,0,0,0,0,0,0,0,0,0,0,0,0,0,0,0,1,0,0.141597522634329,0.0807740528198803,671
"C2100",0.335955940204563,0.4,4,0,0.333333333333333,0.405042016806723,0,0,0,0,0,0,1,0,0,0,0,1,0,0,0,0,0,0,0,0,0,0,0,0,0,0,0,0,0,0,1,0,0.141597522634329,0.0807740528198803,671
"C2106",0.188040912667191,1,18,0,0.133333333333333,0.235854341736695,0,0,0,0,0,0,1,0,0,0,0,1,0,0,0,0,0,0,0,0,0,0,0,0,0,0,0,0.2,0.4,0.4,0,0,0.0347256695742619,0.0825731089524703,353
"C2109",0.184500393391031,0.133333333333333,2,0,0.266666666666667,0.0582633053221289,1,0,0,0,0,0,0,0.117647059,0.882352941,0,0,0,0,0.117647059,0.882352941,0,0,0,0,0,0,0,0,0,0,0,0.058823529,0.882352941,0,0,0,0.058823529,0.12611398718767,0.160426880854577,60
"C2127",0.265145554681353,0.133333333333333,21,0,0.133333333333333,0.32436974789916,0,0,0,0,0,0,1,0,0,0,0,1,0,0,0,0,0,0,0,0,0,0,0,0,0,0,0,0,0.333333333,0.5,0.166666667,0,0.107762254844022,0.156777803826434,403
"C2132",0.94492525570417,0.466666666666667,1,0,0.0666666666666667,0.41624649859944,1,0,0,0,0,0,0,0.085106383,0.914893617,0,0,0,0,0.021276596,0.914893617,0,0.063829787,0,0,0,0,0,0,0,0,0.234042553,0.127659574,0.170212766,0.276595745,0.021276596,0.106382979,0.063829787,0.0574584938814426,0.101878561162812,359
"C2133",0.129425649095201,0.266666666666667,10,0,0.2,0.177591036414566,0,0,0,0,0,0,1,0,0,0,0,1,0,0,0,0,0,0,0,0,0,0,0,0,0,0,0,0,0.333333333,0.333333333,0.333333333,0,0.150430623517639,0.123528392469447,328
"C2135",0.428796223446105,0.466666666666667,10,0.333333333333333,0.2,0.139495798319328,1,0,0,0,0,0,0,0.15,0.85,0,0,0,0,0.15,0.85,0,0,0,0,0,0,0,0,0,0,0.5,0.2,0.15,0.05,0,0.05,0.05,0.0927160406275363,0.128150896470181,127
"C2137",0.367427222659323,0.2,30,0,0.533333333333333,0.483473389355742,0,0,0,0,0,0,1,0,0,0,0,0.666666667,0,0,0,0.333333333,0,0,0,0,0,0,0,0,0,0,0.333333333,0,0.333333333,0.333333333,0,0,0.0183123340346232,0.13580070739091,752
"C2139",0.112116443745083,0.133333333333333,11,0,0.266666666666667,0.122689075630252,0,0,0,0,0,0,1,0,0,0,0,0,0,0,0,0,0,0,1,0,0,0,0,0,0,0,0.333333333,0.333333333,0,0.333333333,0,0,0.0152471455925112,0.128308887235365,155
"C2141",0.188040912667191,0.133333333333333,2,0,0.4,0.242016806722689,0,0,0,0,0,0,1,0,0,0,0,1,0,0,0,0,0,0,0,0,0,0,0,0,0,0,0,0,0.25,0.75,0,0,0.163471463804774,0.199435310426371,495
"C2142",0.365066876475216,0.666666666666667,41,0,0.333333333333333,0.425210084033613,0,0,0,0,0,0,1,0,0,0,0,0,0,0,0,0,0,0,1,0,0,0,0,0,0,0,0.5,0,0.25,0.25,0,0,0.0513675153062431,0.15328162108718,396
"C2143",0.132572777340677,0,2,0,0.133333333333333,0.235854341736695,0,0,1,0,0,0,0,0,0,0,0,1,0,0,0,0,0,0,0,0,0,0,0,0,0,0,0,0,0,0,0,1,0.269886296480155,0.536444901994761,719
"C2153",0.132179386309992,0.733333333333333,20,0,0.2,0.185994397759104,0,0,0,0,0,0,1,0,0,0,0,0,0,0,0,0,0,0,1,0,0,0,0,0,0,0,0.5,0,0.25,0.25,0,0,0.0290168545966007,0.144469813570897,280
"C2154",0.0597954366640441,0,2,0,0.0666666666666667,0.0661064425770308,0,0,0,0,0,0,1,0,0,0,0,1,0,0,0,0,0,0,0,0,0,0,0,0,0,0,0.5,0,0.25,0.25,0,0,0.0261919958395386,0.131366773013139,124
"C2156",0.11014948859166,0.933333333333333,0,0,0.0666666666666667,0.130532212885154,0,0,0,0,0,0,1,0,0,0,0,1,0,0,0,0,0,0,0,0,0,0,0,0,0,0,0,0,0.666666667,0,0.333333333,0,0.0316841201175646,0.0706269685139694,204
"C2162",0.136900078678206,0.8,7,0,0.0666666666666667,0.150140056022409,0,0,0,0,0,0,1,0,0,0,0,1,0,0,0,0,0,0,0,0,0,0,0,0,0,0,0,0,0,0,1,0,0.0890322987337383,0.082797353909507,347
"C2173",0.294649881982691,0.0666666666666667,4,0.333333333333333,0.133333333333333,0.365266106442577,0,0,0,0,0,0,1,0,0,0,0,1,0,0,0,0,0,0,0,0,0,0,0,0,0,0,0,0,0.25,0.5,0.25,0,0.265970104563112,0.261306532663317,745
"C2181",0.332808811959087,1,15,0,0.4,0.403361344537815,0,0,0,0,0,0,1,0,0,0,0,1,0,0,0,0,0,0,0,0,0,0,0,0,0,0,0,0,0.333333333,0.333333333,0.333333333,0,0.0609649433846299,0.114833803907978,683
"C2186",0.353265145554681,0.333333333333333,0,0,0.533333333333333,0.364705882352941,0,0,0,0,0,0,0.666666667,0.333333333,0,0,0,0,0,0.333333333,0,0,0,0,0.666666667,0,0,0,0,0,0,0,0.666666667,0,0.166666667,0.166666667,0,0,0.0644674530569148,0.0865483604635755,744
"C2188",0.043273013375295,0.0666666666666667,3,0,0.133333333333333,0.0689075630252101,0,0,0,0,0,0,1,0,0,0,0,1,0,0,0,0,0,0,0,0,0,0,0,0,0,0,0,0,1,0,0,0,0.095304509530451,0.157644204796803,125
"C2190",0.388276947285602,0.133333333333333,7,0,0.133333333333333,0.092436974789916,1,0,0,0,0,0,0,0.19047619,0.80952381,0,0,0,0,0.19047619,0.80952381,0,0,0,0,0,0,0,0,0,0,0.476190476,0.285714286,0.095238095,0.047619048,0.095238095,0,0,0.0574584938814426,0.112295758712426,129
"C2192",0.191974822974036,1,16,0,0.133333333333333,0.240336134453782,0,0,0,0,0,0,1,0,0,0,0,1,0,0,0,0,0,0,0,0,0,0,0,0,0,0,0,0.2,0.4,0.4,0,0,0.0316841201175646,0.0807281845332137,324
"C2202",0.234854445318647,0,0,0,0.133333333333333,0.117086834733894,0,0,0,1,0,0,0,0,0,0,0,1,0,0,0,0,0,0,0,0,0,0,0,0,0,0,0,0,0.333333333,0.666666667,0,0,0.024568785507726,0.133690766204246,226
"C2208",0.336742722265932,0.0666666666666667,16,0,0.133333333333333,0.415686274509804,0,0,0,0,0,0,1,0,0,0,0,1,0,0,0,0,0,0,0,0,0,0,0,0,0,0,0,0,0.25,0.5,0.25,0,0.195667761939658,0.199873607387852,840
"C2211",0.109362706530291,0.733333333333333,4,0,0.0666666666666667,0.12156862745098,0,0,0,0,0,0,1,0,0,0,0,1,0,0,0,0,0,0,0,0,0,0,0,0,0,0,0,0,0.666666667,0.333333333,0,0,0.0130172013017201,0.0657037724117545,244
"C2212",0.2639653815893,0,0,0,0.266666666666667,0.0644257703081232,1,0,0,0,0,0,0,0.214285714,0.785714286,0,0,0,0,0.214285714,0.785714286,0,0,0,0,0,0,0,0,0,0,0,0.071428571,0.571428571,0,0,0,0.357142857,0.0586483228139848,0.112433363572426,86
"C2216",0.143194335169158,0.933333333333333,2,0,0.0666666666666667,0.0470588235294118,0,0,0,1,0,0,0,0,0,0,0,1,0,0,0,0,0,0,0,0,0,0,0,0,0,0,0,0,1,0,0,0,0.0182886950492085,0.113947017032424,149
"C2221",0.221872541306058,0.866666666666667,1,0,0.2,0.203361344537815,0,0,0,1,0,0,0,0,0,0,0,1,0,0,0,0,0,0,0,0,0,0,0,0,0,0,0,0,0,1,0,0,0.0652475395756014,0.229907142201882,359
"C2225",0.46420141620771,0.133333333333333,49,0,0.2,0.464425770308123,0,0,0,0,0,0,0,0,0,0,1,0,0,0,0,0,0,0,0,0,0,1,0,0,0,0.333333333,0.333333333,0,0.333333333,0,0,0,0.353284637023379,0.00605461383999103,448
"C2227",0.17741935483871,0.0666666666666667,9,0,0.533333333333333,0.224089635854342,0,0,0,0,0,0,1,0,0,0,0,1,0,0,0,0,0,0,0,0,0,0,0,0,0,0,0,0,0.285714286,0.428571429,0.285714286,0,0.193721485473843,0.198181577257484,505
"C2232",0.129425649095201,0.266666666666667,13,0,0.2,0.191036414565826,0,0,0,0,0,0,1,0,0,0,0,1,0,0,0,0,0,0,0,0,0,0,0,0,0,0,0,0,0.5,0.25,0.25,0,0.119542349242371,0.102770444514663,248
"C2237",0.017309205350118,0.933333333333333,7,0,0.133333333333333,0.0207282913165266,0,0,0,0,0,0,1,0,0,0,0,1,0,0,0,0,0,0,0,0,0,0,0,0,0,0,0,0,0.666666667,0.333333333,0,0,0.0113309536754682,0.0380604849806844,55
"C2245",0.0731707317073171,0.133333333333333,22,0,0.0666666666666667,0.0565826330532213,0,0,0,0,0,0,0,0,0,0,1,0,0,0,0,0,0,0,0,0,0,1,0,0,0,0.285714286,0.428571429,0,0.285714286,0,0,0,0.343009558029769,0.00536149306369576,98
"C2251",0.33831628638867,0.0666666666666667,16,0,0.2,0.44593837535014,0,0,0,0,0,0,1,0,0,0,0,0,0,0,0,0,0,0,1,0,0,0,0,0,0,0,0.090909091,0,0.181818182,0.545454545,0.181818182,0,0.227801022780102,0.267870794132936,870
"C2255",0.210070810385523,0.933333333333333,2,0,0.133333333333333,0.216806722689076,0,0,0,0,0,0,0.666666667,0.333333333,0,0,0,0.666666667,0,0,0,0.166666667,0,0,0,0.166666667,0,0,0,0,0,0.166666667,0.5,0,0.166666667,0.166666667,0,0,0.0207195707160249,0.065836280795458,410
"C2256",0.150668764752164,0.133333333333333,7,0,0.0666666666666667,0.169747899159664,0,0,0,0,0,0,1,0,0,0,0,1,0,0,0,0,0,0,0,0,0,0,0,0,0,0,0.2,0,0.2,0.2,0.4,0,0.0666934575168034,0.117820339017603,344
"C2258",0.369394177812746,0.4,13,0,0.2,0.153501400560224,1,0,0,0,0,0,0,0.15,0.85,0,0,0,0,0.15,0.85,0,0,0,0,0,0,0,0,0,0,0.5,0.1,0.2,0.05,0.05,0.05,0.05,0.0899030013631815,0.139164381746461,78
"C2258",0.369394177812746,0.4,13,0,0.2,0.153501400560224,1,0,0,0,0,0,0,0.15,0.85,0,0,0,0,0.15,0.85,0,0,0,0,0,0,0,0,0,0,0.5,0.1,0.2,0.05,0.05,0.05,0.05,0.0899030013631815,0.139164381746461,78
"C2259",0.362313139260425,0.0666666666666667,5,0,0.133333333333333,0.72436974789916,0,0,1,0,0,0,0,0,0,0,0,1,0,0,0,0,0,0,0,0,0,0,0,0,0,0,0,0,0,0,0,1,0.487546194517331,0.360708206346132,1378
"C2262",0.273013375295043,0.666666666666667,30,0,0.266666666666667,0.318207282913165,0,0,0,0,0,0,1,0,0,0,0,1,0,0,0,0,0,0,0,0,0,0,0,0,0,0,0,0,0.375,0.375,0.25,0,0.139068151194951,0.167867736247159,540
"C2274",0.431156569630212,1,34,0,0.2,0.654901960784314,0,0,0,0,0,0,1,0,0,0,0,1,0,0,0,0,0,0,0,0,0,0,0,0,0,0,0.285714286,0,0.428571429,0.285714286,0,0,0.0624069214949294,0.122886236456114,713
"C2276",0.411487018095987,0.4,18,0,0.266666666666667,0.493557422969188,0,0,0,0,0,0,1,0,0,0,0,1,0,0,0,0,0,0,0,0,0,0,0,0,0,0,0,0,0,0,1,0,0.0833510625723944,0.14730855086793,1159
"C2287",0.150668764752164,1,18,0,0.2,0.177591036414566,0,0,0,0,0,0,1,0,0,0,0,1,0,0,0,0,0,0,0,0,0,0,0,0,0,0,0,0,0.285714286,0.428571429,0.285714286,0,0.0522657967520034,0.0942236537657863,284
"C2289",0.590479937057435,0.466666666666667,2,0,0.2,0.127170868347339,1,0,0,0,0,0,0,0.166666667,0.833333333,0,0,0,0,0.166666667,0.833333333,0,0,0,0,0,0,0,0,0,0,0,0.083333333,0.083333333,0.541666667,0,0.208333333,0.083333333,0.0742579328495221,0.116673631850938,364
"C2298",0.218332022029898,0.4,21,0,0.2,0.221288515406162,0,0,0,0,0,0,0,0,0,0,1,0,0,0,0,0,0,0,0,0,1,0,0,0,0,0.2,0.4,0,0.4,0,0,0,0.137058837434697,0.0987493247168907,444
"C2308",0.101888276947286,0,3,0,0.0666666666666667,0.104761904761905,0,0,0,0,0,0,1,0,0,0,0,1,0,0,0,0,0,0,0,0,0,0,0,0,0,0,0,0,0,0,1,0,0.0434957331631326,0.169233591894564,244
"C2310",0.77183320220299,0.466666666666667,1,0,0.133333333333333,0.114285714285714,1,0,0,0,0,0,0,0.130434783,0.869565217,0,0,0,0,0.130434783,0.869565217,0,0,0,0,0,0,0,0,0,0,0,0.086956522,0.043478261,0.565217391,0,0.217391304,0.086956522,0.099764398112033,0.119420632574638,189
"C2314",0.225806451612903,0.4,13,0,0.133333333333333,0.194397759103641,0,0,0,0,0,0,0.571428571,0.428571429,0,0,0,0.571428571,0,0,0,0,0,0,0,0.428571429,0,0,0,0,0,0.285714286,0.142857143,0.285714286,0.142857143,0.142857143,0,0,0.0391067615377948,0.134445044696097,343
"C2316",0.43273013375295,0.333333333333333,36,0,0.266666666666667,0.543417366946779,0,0,0,0,0,0,1,0,0,0,0,1,0,0,0,0,0,0,0,0,0,0,0,0,0,0,0.5,0,0.25,0.25,0,0,0.0128950665437439,0.148353328508669,712
"C2319",0.22816679779701,0.4,1,0.333333333333333,0.8,0.299719887955182,0,0,0,0,0,0,1,0,0,0,0,1,0,0,0,0,0,0,0,0,0,0,0,0,0,0,0,0,0,0,1,0,0.0810659606489689,0.219627549512267,266
"C2325",0.138473642800944,0.8,3,0,0.0666666666666667,0.141176470588235,0,0,0,0,0,0,1,0,0,0,0,1,0,0,0,0,0,0,0,0,0,0,0,0,0,0,0,0,0.2,0.4,0.4,0,0.0648811353016728,0.0655814569806436,293
"C2326",0.238394964594807,1,15,0,0.266666666666667,0.260504201680672,0,0,0,0,0,0,1,0,0,0,0,1,0,0,0,0,0,0,0,0,0,0,0,0,0,0,0,0,0.8,0.2,0,0,0.0479871403919344,0.0948148450161558,557
"C2328",0.41345397324941,1,4,0,0.133333333333333,0.686834733893557,0,0,1,0,0,0,0,0,0,0,0,1,0,0,0,0,0,0,0,0,0,0,0,0,0,0,0,0,0,0,1,0,0.290554649394448,0.375997635234999,1374
"C2329",0.394177812745869,0.333333333333333,24,0,0.333333333333333,0.53781512605042,0,0,0,0,0,0,1,0,0,0,0,1,0,0,0,0,0,0,0,0,0,0,0,0,0,0,0.25,0,0.25,0.25,0.25,0,0.108298071846756,0.260149632544059,821
"C2336",0.169944925255704,0.2,13,0,0.133333333333333,0.21624649859944,0,0,0,0,0,0,1,0,0,0,0,1,0,0,0,0,0,0,0,0,0,0,0,0,0,0,0,0,0.428571429,0.428571429,0.142857143,0,0.099764398112033,0.115363837442792,562
"C2340",0.191188040912667,0.533333333333333,15,0,0.2,0.195518207282913,0,0,0,1,0,0,0,0,0,0,0,1,0,0,0,0,0,0,0,0,0,0,0,0,0,0,0,0,1,0,0,0,0.199576074194896,0.265607958657384,382
"C2346",0.209284028324154,1,12,0,0.2,0.244257703081232,0,0,0,0,0,0,1,0,0,0,0,1,0,0,0,0,0,0,0,0,0,0,0,0,0,0,0,0,0,0.4,0.6,0,0.0712479020400444,0.12227465930056,553
"C2351",0.202989771833202,0.0666666666666667,6,0,0.266666666666667,0.296358543417367,0,0,1,0,0,0,0,0,0,0,0,1,0,0,0,0,0,0,0,0,0,0,0,0,0,0,0,0,0,0,1,0,0.259036002174787,0.375997635234999,646
"C2352",0.408733280881196,0.533333333333333,7,0,0.266666666666667,0.48515406162465,0,0,0,0,0,0,0.7,0.3,0,0,0,0.7,0,0,0,0,0,0,0,0.3,0,0,0,0,0,0.1,0.2,0,0.3,0.4,0,0,0.109440622808469,0.246241348731487,793
"C2357",0.199449252557042,0.466666666666667,25,0.333333333333333,0.133333333333333,0.263865546218487,0,0,0,0,0,0,1,0,0,0,0,0.666666667,0,0,0,0.166666667,0,0.166666667,0,0,0,0,0,0,0,0,0,0.166666667,0.333333333,0.333333333,0.166666667,0,0.198264110504377,0.294199190679564,345
"C2358",0.485444531864674,0.133333333333333,24,0,0.533333333333333,0.519887955182073,0,0,0,0,0,0,1,0,0,0,0,1,0,0,0,0,0,0,0,0,0,0,0,0,0,0,0,0,0.5,0.5,0,0,0.102396205154875,0.108126841102062,1010
"C2359",0.312352478363493,0.733333333333333,9,0,0.2,0.345098039215686,0,0,0,0,0,0,0.6,0.4,0,0,0,0,0,0,0,0,0,0,0.6,0.4,0,0,0,0,0,0.4,0.2,0.2,0,0.2,0,0,0,0.0706779332769323,693
"C2361",0.451612903225806,0.0666666666666667,9,0,0.266666666666667,0.56750700280112,0,0,0,0,0,0,1,0,0,0,0,0.545454545,0,0,0,0,0,0,0.454545455,0,0,0,0,0,0,0,0,0,0.272727273,0.454545455,0.272727273,0,0.238974383219472,0.243142691143343,1117
"C2362",0.583398898505114,0.0666666666666667,46,0,0.133333333333333,0.58375350140056,0,0,0,0,0,0,0,0,0,0,1,0,0,0,0,0,0,0,0,0,1,0,0,0,0,0.357142857,0.428571429,0,0.214285714,0,0,0,0.129179175629782,0.0793827147909935,196
"C2368",0.294649881982691,0.733333333333333,10,0,0.266666666666667,0.406162464985994,0,0,0,0,0,0,1,0,0,0,0,1,0,0,0,0,0,0,0,0,0,0,0,0,0,0,0,0,0.875,0,0.125,0,0.0574584938814426,0.0813397616887684,548
"C2371",0.176239181746656,0.2,20,0,0.0666666666666667,0.202240896358543,0,0,0,0,0,0,1,0,0,0,0,1,0,0,0,0,0,0,0,0,0,0,0,0,0,0,0,0,0.375,0.375,0.25,0,0.0801834385268184,0.0886888805080168,451
"C2373",0.324154209284028,0.866666666666667,9,0,0.333333333333333,0.523809523809524,0,0,0,0,0,0,1,0,0,0,0,1,0,0,0,0,0,0,0,0,0,0,0,0,0,0,0,0,0.5,0.333333333,0.166666667,0,0.103562395102002,0.200408737398962,800
"C2377",0.424468922108576,0.133333333333333,22,0,0.2,0.614565826330532,0,0,0,0,0,0,1,0,0,0,0,1,0,0,0,0,0,0,0,0,0,0,0,0,0,0,0,0.166666667,0.166666667,0.333333333,0.333333333,0,0.15402374930068,0.289734677444015,579
"C2378",0.311565696302124,0.0666666666666667,25,0,0.8,0.351260504201681,0,0,0,0,0,0,1,0,0,0,0,1,0,0,0,0,0,0,0,0,0,0,0,0,0,0,0,0,0,0,1,0,0.0965928342355546,0.230839797364102,901
"C2383",0.289535798583792,0.0666666666666667,14,0,0.2,0.363025210084034,0,0,0,0,0,0,1,0,0,0,0,1,0,0,0,0,0,0,0,0,0,0,0,0,0,0,0,0,0.222222222,0.333333333,0.444444444,0,0.218140557407276,0.241104100624828,832
"C2385",0.164830841856806,0.0666666666666667,4,0,0.266666666666667,0.219047619047619,0,0,0,0,0,0,1,0,0,0,0,1,0,0,0,0,0,0,0,0,0,0,0,0,0,0,0,0,0,0.5,0.5,0,0.164448541868583,0.173545210841224,552
"C2389",0.261211644374508,1,21,0,0.2,0.381512605042017,0,0,0,0,0,0,1,0,0,0,0,1,0,0,0,0,0,0,0,0,0,0,0,0,0,0,0,0.333333333,0,0.333333333,0.333333333,0,0.0489248201467193,0.101022353145036,561
"C2390",0.14162077104642,0.0666666666666667,4,0,0.266666666666667,0.160224089635854,0,0,0,0,0,0,1,0,0,0,0,1,0,0,0,0,0,0,0,0,0,0,0,0,0,0,0,0,0,0,1,0,0.197153078189884,0.2528158031537,422
"C2393",0.597954366640441,0.0666666666666667,1,0.333333333333333,0.133333333333333,0.651540616246499,0,0,0,0,0,0,0.615384615,0.384615385,0,0,0,0.307692308,0,0,0,0,0,0,0.307692308,0.384615385,0,0,0,0,0,0,0.230769231,0.153846154,0.307692308,0.307692308,0,0,0.0874563663727553,0.197671929627855,922
"C2394",0.0987411487018096,0.933333333333333,20,0,0.133333333333333,0.117086834733894,0,0,0,0,0,0,1,0,0,0,0,0.375,0,0,0,0.625,0,0,0,0,0,0,0,0,0,0,0,0,0.375,0.375,0.25,0,0.46277726559976,0.0215886735910791,254
"C2401",0.0735641227380016,0,21,0,0.2,0.084593837535014,0,0,0,0,0,0,1,0,0,0,0,0.666666667,0,0,0,0.333333333,0,0,0,0,0,0,0,0,0,0,0,0,0.333333333,0.333333333,0.333333333,0,0.148437069080995,0.0525344776621444,19
"C2405",0.225806451612903,0.133333333333333,22,0,0.533333333333333,0.400560224089636,0,0,1,0,0,0,0,0,0,0,0,1,0,0,0,0,0,0,0,0,0,0,0,0,0,0,0,0,0,0,0,1,0.228407756739081,0.593596787181343,1240
"C2412",0.214398111723053,0.733333333333333,10,0,0.133333333333333,0.268347338935574,0,0,0,0,0,0,1,0,0,0,0,1,0,0,0,0,0,0,0,0,0,0,0,0,0,0,0,0,0.4,0.4,0.2,0,0.12425438700171,0.119716228199823,487
"C2414",0.353265145554681,1,13,0,0.266666666666667,0.545098039215686,0,0,1,0,0,0,0,0,0,0,0,1,0,0,0,0,0,0,0,0,0,0,0,0,0,0,0,0,0,0,1,0,0.185826064345318,0.254354938995179,1200
"C2416",0.210070810385523,0.133333333333333,0,0,0.333333333333333,0.0789915966386555,1,0,0,0,0,0,0,0.2,0.8,0,0,0,0,0.2,0.8,0,0,0,0,0,0,0,0,0,0,0.1,0.2,0.2,0.1,0.2,0.1,0.1,0.0872869536439496,0.124435565250186,63
"C2420",0.16955153422502,0.333333333333333,3,0.333333333333333,0.533333333333333,0.293557422969188,0,0,0,0,0,0,1,0,0,0,0,1,0,0,0,0,0,0,0,0,0,0,0,0,0,0,0,0,0.285714286,0.285714286,0.428571429,0,0.144528756825757,0.156614716584953,505
"C2433",0.190794649881983,0.0666666666666667,19,0,0.133333333333333,0.210644257703081,0,0,0,0,0,0,0,0,0,0,1,0,0,0,0,0,0,0,0,0,1,0,0,0,0,0.4,0.4,0,0.2,0,0,0,0.161643382266033,0.0997686199761485,130
"C2437",0.025177025963808,1,12,0,0.0666666666666667,0.00952380952380952,0,0,0,0,0,0,0,1,0,0,0,0,0,1,0,0,0,0,0,0,0,0,0,0,0,1,0,0,0,0,0,0,0.0253725110118274,0.0880773033524621,16
"C2445",0.304484657749803,1,16,0,0.266666666666667,0.368627450980392,0,0,0,0,0,0,1,0,0,0,0,1,0,0,0,0,0,0,0,0,0,0,0,0,0,0,0,0,0.333333333,0.333333333,0.333333333,0,0.0669298473709508,0.122977973029447,334
"C2446",0.855232100708104,0.0666666666666667,32,0,0.333333333333333,0.872268907563025,0,0,0,0,0,0,0,0,0,0,1,0,0,0,0,0,0,0,0,0,0,0,0,0,1,0.333333333,0.166666667,0,0.25,0.25,0,0,0.310647786996982,0.176169896133813,1204
"C2450",0.179779701022817,0.0666666666666667,8,0,0.333333333333333,0.237535014005602,0,0,0,0,0,0,1,0,0,0,0,0,0,0,0,0,0,0,1,0,0,0,0,0,0,0,0,0,0.166666667,0.5,0.333333333,0,0.253906342339787,0.297114375121041,451
"C2453",0.249016522423289,0.0666666666666667,7,0.666666666666667,0.2,0.313725490196078,0,0,0,0,0,0,0.571428571,0.428571429,0,0,0,0,0,0,0,0,0,0,0.571428571,0.428571429,0,0,0,0,0,0.428571429,0.285714286,0,0.142857143,0.142857143,0,0,0.089528717427448,0.152486570784959,559
"C2458",0.325334382376082,0.266666666666667,28,0,0.2,0.470588235294118,0,0,0,0,0,0,1,0,0,0,0,0.428571429,0,0,0,0.571428571,0,0,0,0,0,0,0,0,0,0,0,0,0,0.571428571,0.428571429,0,0.559093523705963,0.019927222318489,910
"C2460",0.38985051140834,0.0666666666666667,17,0,0.2,0.48515406162465,0,0,0,0,0,0,1,0,0,0,0,0.666666667,0,0,0,0,0,0,0.333333333,0,0,0,0,0,0,0,0.166666667,0,0.166666667,0.5,0.166666667,0,0.304320418567635,0.29655376272845,793
"C2470",0.239968528717545,0.4,1,0.333333333333333,0.133333333333333,0.425210084033613,0,0,0,0,1,0,0,0,0,0,0,1,0,0,0,0,0,0,0,0,0,0,0,0,0,0,0,0,0.333333333,0.333333333,0.333333333,0,0.148720736905972,0.365804682642421,887
"C2479",0.256884343036979,0.0666666666666667,13,0,0.133333333333333,0.337254901960784,0,0,0,0,0,0,1,0,0,0,0,1,0,0,0,0,0,0,0,0,0,0,0,0,0,0,0,0,0.285714286,0.428571429,0.285714286,0,0.228265922826592,0.283139837116618,647
"C2481",0.262391817466562,0.666666666666667,2,0,0.133333333333333,0.264985994397759,0,0,0,0,0,0,1,0,0,0,0,1,0,0,0,0,0,0,0,0,0,0,0,0,0,0,0,0,0.333333333,0.666666667,0,0,0.048026538700959,0.0818188304606195,302
"C2486",0.221479150275374,0.133333333333333,2,0,0.266666666666667,0.281232492997199,0,0,0,0,0,0,1,0,0,0,0,1,0,0,0,0,0,0,0,0,0,0,0,0,0,0,0.2,0,0.3,0.3,0.2,0,0.128473945898242,0.214235477590794,587
"C2488",0.467741935483871,0.266666666666667,28,0,0.266666666666667,0.611764705882353,0,0,0,0,0,0,1,0,0,0,0,0.375,0,0,0,0.625,0,0,0,0,0,0,0,0,0,0,0,0,0.375,0.625,0,0,0.600115043062352,0.0226895124710775,1023
"C2489",0.433516915814319,0.466666666666667,36,0,0.266666666666667,0.525490196078431,0,0,0,0,0,0,1,0,0,0,0,1,0,0,0,0,0,0,0,0,0,0,0,0,0,0,0,0,0,0.333333333,0.666666667,0,0.130857543594229,0.269481280642564,950
"C2490",0.108575924468922,0.333333333333333,4,0,0.133333333333333,0.114285714285714,0,0,0,0,0,0,1,0,0,0,0,1,0,0,0,0,0,0,0,0,0,0,0,0,0,0,0,0,0,0,1,0,0.137996517189482,0.199527046999704,340
"C2492",0.223446105428796,0.2,23,0,0.333333333333333,0.261624649859944,0,0,0,0,0,0,1,0,0,0,0,1,0,0,0,0,0,0,0,0,0,0,0,0,0,0,0,0,0.4,0,0.6,0,0.0864792883089458,0.108249156533173,585
"C2496",0.311565696302124,0.8,0,0,0.2,0.550140056022409,0,0,1,0,0,0,0,0,0,0,0,1,0,0,0,0,0,0,0,0,0,0,0,0,0,0,0,0,0,0,0,1,0.487546194517331,0.579856687086548,1400
"C2503",0.140047206923682,0.866666666666667,7,0,0.133333333333333,0.164145658263305,0,0,0,0,0,0,1,0,0,0,0,1,0,0,0,0,0,0,0,0,0,0,0,0,0,0,0,0,0.5,0.5,0,0,0.0640104326722297,0.104758070270215,327
"C2505",0.0684500393391031,0.2,2,0,0.133333333333333,0.0784313725490196,0,0,0,0,0,0,1,0,0,0,0,1,0,0,0,0,0,0,0,0,0,0,0,0,0,0,0,0,0.6,0.4,0,0,0.0115988621768354,0.0544201738917712,163
"C2506",0.431943351691581,0.333333333333333,14,0,0.2,0.665546218487395,0,0,1,0,0,0,0,0,0,0,0,1,0,0,0,0,0,0,0,0,0,0,0,0,0,0,0,0,0,0.176470588,0.411764706,0.411764706,0.282674987589533,0.437155350790463,1433
"C2507",0.561762391817467,0.0666666666666667,4,0,0.266666666666667,0.485714285714286,0,0,0,0,0,0,0.722222222,0.277777778,0,0,0,0.833333333,0,0,0,0,0,0,0,0.166666667,0,0,0,0,0,0.055555556,0.388888889,0,0.222222222,0.277777778,0.055555556,0,0.0726268428559046,0.188559430010091,763
"C2508",0.322974036191975,0.8,13,0,0.2,0.270588235294118,0,0,0,0,0,0,0.714285714,0.285714286,0,0,0,0,0,0,0,0,0,0,0.714285714,0.285714286,0,0,0,0,0,0.285714286,0.285714286,0,0.285714286,0.142857143,0,0,0.0147664862224113,0.0865177816057977,568
"C2513",0.286388670338316,0.266666666666667,15,0,0.4,0.289635854341737,0,0,0,0,0,0,1,0,0,0,0,1,0,0,0,0,0,0,0,0,0,0,0,0,0,0,0,0,0,0,1,0,0.199489397915041,0.174431997716779,820
"C2514",0.186860739575138,0.133333333333333,10,0,0.0666666666666667,0.219607843137255,0,0,0,0,0,0,1,0,0,0,0,1,0,0,0,0,0,0,0,0,0,0,0,0,0,0,0,0,0,0.5,0.5,0,0.0658542735345799,0.131234264629435,648
"C2515",0.204169944925256,0.133333333333333,17,0,0.2,0.342296918767507,0,0,0,0,0,0,1,0,0,0,0,1,0,0,0,0,0,0,0,0,0,0,0,0,0,0,0,0.142857143,0.285714286,0.285714286,0.285714286,0,0.0890953360281777,0.131122142150917,205
"C2518",0.123918174665618,0,11,0,0.133333333333333,0.127170868347339,0,0,0,0,0,0,1,0,0,0,0,1,0,0,0,0,0,0,0,0,0,0,0,0,0,0,0,0,0,0,1,0,0.112627946008557,0.163714108065683,305
"C2520",0.371361132966168,0.4,2,0,0.133333333333333,0.228011204481793,0,0,0,1,0,0,0,0,0,0,0,1,0,0,0,0,0,0,0,0,0,0,0,0,0,0,0,0,1,0,0,0,0.0475064810218345,0.159397392642727,386
"C2522",0.283634933123525,0,13,0,0.133333333333333,0.38375350140056,0,0,0,0,0,0,1,0,0,0,0,1,0,0,0,0,0,0,0,0,0,0,0,0,0,0,0,0,0.285714286,0.428571429,0.285714286,0,0.120913410396426,0.150244121214592,610
"C2526",0.129425649095201,0.2,16,0,0.133333333333333,0.155742296918768,0,0,0,0,0,0,1,0,0,0,0,1,0,0,0,0,0,0,0,0,0,0,0,0,0,0,0,0,0.4,0,0.6,0,0.0796003435532547,0.0980663968931881,321
"C2527",0.140440597954367,0.0666666666666667,8,0,0.2,0.1703081232493,0,0,0,0,0,0,1,0,0,0,0,1,0,0,0,0,0,0,0,0,0,0,0,0,0,0,0,0,0.2,0.4,0.4,0,0.212404163613298,0.215152843324126,375
"C2530",0.110542879622345,0,19,0,0.333333333333333,0.158543417366947,0,0,0,0,0,0,1,0,0,0,0,1,0,0,0,0,0,0,0,0,0,0,0,0,0,0,0,0,0.333333333,0.333333333,0.333333333,0,0.168348974462016,0.205744748081177,302
"C2531",0.202202989771833,0.866666666666667,22,0,0.4,0.215126050420168,0,0,0,0,0,0,0.5,0,0,0,0.5,0,0,0,0,0,0,0,0.5,0,0.5,0,0,0,0,0.166666667,0.5,0,0.166666667,0.166666667,0,0,0.108329590493976,0.122193115679819,358
"C2532",0.0837922895357986,0,7,0,0.0666666666666667,0.0857142857142857,0,0,0,0,0,0,1,0,0,0,0,1,0,0,0,0,0,0,0,0,0,0,0,0,0,0,0,0,0,0.333333333,0.666666667,0,0.0542041935560126,0.123528392469447,146
"C2536",0.018095987411487,0.8,7,0,0.0666666666666667,0.02296918767507,0,0,0,0,0,0,1,0,0,0,0,1,0,0,0,0,0,0,0,0,0,0,0,0,0,0,0,0.666666667,0,0.333333333,0,0,0.0153495811959751,0.0298449651910669,47
"C2538",0.569236821400472,0.0666666666666667,13,0,0.2,0.720448179271709,0,0,0,0,0,0,1,0,0,0,0,0.473684211,0,0,0,0,0,0.421052632,0.105263158,0,0,0,0,0,0,0,0.052631579,0.210526316,0.157894737,0.210526316,0.368421053,0,0.256419954455555,0.295585432232155,799
"C2539",0.145554681353265,0.933333333333333,8,0,0.133333333333333,0.125490196078431,0,0,0,0,0,0,0.833333333,0.166666667,0,0,0,0.833333333,0,0,0,0.166666667,0,0,0,0,0,0,0,0,0,0,0.5,0,0.333333333,0.166666667,0,0,0.00408954447675106,0.103957923491698,228
"C2549",0.0692368214004721,0.866666666666667,17,0,0.133333333333333,0.0717086834733894,0,0,0,0,0,0,0,0,0,0,1,0,0,0,0,0,0,0,0,0,1,0,0,0,0,0.2,0.4,0,0.4,0,0,0,0.14241700746204,0.0876390063909813,165
"C2556",0.108969315499607,0.666666666666667,21,0,0.133333333333333,0.132212885154062,0,0,0,0,0,0,1,0,0,0,0,0,0,0,0,0,0,0,1,0,0,0,0,0,0,0,0,0,0.666666667,0.333333333,0,0,0.000583094973563735,0.0997686199761485,148
"C2560",0.136113296616837,0,3,0,0.0666666666666667,0.202240896358543,0,0,0,0,0,0,1,0,0,0,0,1,0,0,0,0,0,0,0,0,0,0,0,0,0,0,0,0,0,0,1,0,0.0808532097802362,0.205326837024881,481
"C2561",0.169158143194335,0.0666666666666667,7,0.333333333333333,0.266666666666667,0.21624649859944,0,0,0,0,0,0,1,0,0,0,0,1,0,0,0,0,0,0,0,0,0,0,0,0,0,0,0,0,0.25,0.5,0.25,0,0.0880552206699289,0.189609304127127,441
"C2563",0.184893784421715,0.0666666666666667,9,0,0.133333333333333,0.230812324929972,0,0,0,0,0,0,1,0,0,0,0,1,0,0,0,0,0,0,0,0,0,0,0,0,0,0,0,0,0.5,0.5,0,0,0.0590068474261085,0.153352971755328,449
"C2565",0.38552321007081,0.2,33,0,0.2,0.505322128851541,0,0,0,0,0,0,1,0,0,0,0,1,0,0,0,0,0,0,0,0,0,0,0,0,0,0,0,0,0.25,0.5,0.25,0,0.103184171335366,0.158102887663469,1090
"C2568",0.151848937844217,0.2,31,0,0.133333333333333,0.153501400560224,0,0,0,0,0,0,0,0,0,0,1,0,0,0,0,0,0,0,0,0,1,0,0,0,0,0.2,0.4,0,0.4,0,0,0,0.0626748299962966,0.068129695128788,189
"C2570",0.166797797010228,0.733333333333333,14,0,0.133333333333333,0.170868347338936,0,0,0,0,0,0,0,0,0,0,1,0,0,0,0,0,0,0,0,0,0,0,0,0,1,0.375,0.5,0,0.125,0,0,0,0.0666146608987542,0.065112581161385,205
"C2571",0.178992918961448,0.133333333333333,5,0,0.0666666666666667,0.0291316526610644,1,0,0,0,0,0,0,0.071428571,0.928571429,0,0,0,0,0.071428571,0.928571429,0,0,0,0,0,0,0,0,0,0,0,0.071428571,0.857142857,0,0,0,0.071428571,0.108727513415124,0.120358384213155,62
"C2574",0.381589299763965,0.266666666666667,14,0,0.4,0.494117647058824,0,0,0,0,0,0,1,0,0,0,0,1,0,0,0,0,0,0,0,0,0,0,0,0,0,0,0,0,0.333333333,0.444444444,0.222222222,0,0.150430623517639,0.123528392469447,826
"C2576",0.149095200629426,0.133333333333333,19,0,0.266666666666667,0.158543417366947,0,0,0,0,0,0,1,0,0,0,0,1,0,0,0,0,0,0,0,0,0,0,0,0,0,0,0,0,0,0.5,0.5,0,0.131732186054575,0.180904522613065,73
"C2579",0.405979543666404,0.0666666666666667,16,0,0.266666666666667,0.528291316526611,0,0,0,0,0,0,1,0,0,0,0,0,0,0,0,0,0,0,1,0,0,0,0,0,0,0.333333333,0,0,0.166666667,0.166666667,0.333333333,0,0.253949680479714,0.250104477764074,751
"C2583",0.42486231313926,0.4,21,0,0.133333333333333,0.414005602240896,0,0,0,0,0,0,0.545454545,0.454545455,0,0,0,0.545454545,0,0,0,0,0,0,0,0.454545455,0,0,0,0,0,0.090909091,0.363636364,0,0.363636364,0.181818182,0,0,0.0336540355687934,0.175757081553814,982
"C2583",0.42486231313926,0.4,21,0,0.133333333333333,0.414005602240896,0,0,0,0,0,0,0.545454545,0.454545455,0,0,0,0.545454545,0,0,0,0,0,0,0,0.454545455,0,0,0,0,0,0.090909091,0.363636364,0,0.363636364,0.181818182,0,0,0.0336540355687934,0.175757081553814,982
"C2586",0.025177025963808,0.866666666666667,7,0,0.2,0.0296918767507003,0,0,0,0,0,0,0,0,0,0,1,0,0,0,0,0,0,0,0,0,1,0,0,0,0,0.2,0.6,0,0.2,0,0,0,0.148720736905972,0.0911046102724576,57
"C2587",0.226986624704957,0.2,23,0,0.2,0.276190476190476,0,0,0,0,0,0,1,0,0,0,0,1,0,0,0,0,0,0,0,0,0,0,0,0,0,0,0,0,0.428571429,0.285714286,0.285714286,0,0.100631160910574,0.116291396128717,589
"C2595",0.330841856805665,0.133333333333333,2,0,0.333333333333333,0.495238095238095,0,0,1,0,0,0,0,0,0,0,0,1,0,0,0,0,0,0,0,0,0,0,0,0,0,0,0,0,0,0,0.4,0.6,0.290554649394448,0.539084876716238,1359
"C2596",0.174665617623918,0.0666666666666667,15,0.333333333333333,0.466666666666667,0.219607843137255,0,0,0,0,0,0,1,0,0,0,0,1,0,0,0,0,0,0,0,0,0,0,0,0,0,0,0,0,0.142857143,0.571428571,0.285714286,0,0.195667761939658,0.199873607387852,480
"C2597",0.385129819040126,0.466666666666667,25,0,0.133333333333333,0.0857142857142857,1,0,0,0,0,0,0,0.09375,0.90625,0,0,0,0,0.09375,0.90625,0,0,0,0,0,0,0,0,0,0,0.25,0.53125,0.03125,0,0.0625,0.09375,0.03125,0.110571354277474,0.123283761607225,94
"C2601",0.0853658536585366,0.0666666666666667,7,0,0.2,0.112605042016807,0,0,0,0,0,0,1,0,0,0,0,1,0,0,0,0,0,0,0,0,0,0,0,0,0,0,0,0,0,0,1,0,0.272407788257728,0.268614879672195,281
"C2603",0.201416207710464,1,9,0,0.133333333333333,0.212885154061625,0,0,0,0,0,0,1,0,0,0,0,1,0,0,0,0,0,0,0,0,0,0,0,0,0,0,0,0,0,0.666666667,0.333333333,0,0.0735881615961043,0.0997482340709633,509
"C2605",0.235247836349331,0,6,0,0.2,0.292436974789916,0,0,0,0,0,0,1,0,0,0,0,1,0,0,0,0,0,0,0,0,0,0,0,0,0,0,0,0,0.333333333,0.666666667,0,0,0.121780173194966,0.246995627223338,572
"C2609",0.208497246262785,0.866666666666667,17,0,0.133333333333333,0.267226890756303,0,0,0,0,0,0,1,0,0,0,0,1,0,0,0,0,0,0,0,0,0,0,0,0,0,0.333333333,0,0.333333333,0,0.333333333,0,0,0.0266962941950531,0.166277635642717,555
"C2612",0.652242328874902,0.6,27,0,0.133333333333333,0.938935574229692,0,0,0,0,0,0,1,0,0,0,0,1,0,0,0,0,0,0,0,0,0,0,0,0,0,0,0.5,0,0.25,0.25,0,0,0.0328897083737166,0.157358802124211,1832
"C2618",0.599527930763179,0.0666666666666667,40,0,0.466666666666667,0.731652661064426,0,0,0,0,0,0,0.6,0.4,0,0,0,0,0,0,0,0.4,0,0,0.2,0.4,0,0,0,0,0,0.6,0,0,0.2,0.2,0,0,0.0718388766754131,0.0573251653806558,783
"C2620",0.394571203776554,0.733333333333333,28,0,0.4,0.587114845938375,0,0,1,0,0,0,0,0,0,0,0,1,0,0,0,0,0,0,0,0,0,0,0,0,0,0,0,0,0,0,0.4,0.6,0.158759426045434,0.523795447827372,1709
"C2621",0.538945712037766,0.4,26,0.333333333333333,0.266666666666667,0.147899159663866,1,0,0,0,0,0,0,0.444444444,0.555555556,0,0,0,0,0.444444444,0.555555556,0,0,0,0,0,0,0,0,0,0,0,0.222222222,0.5,0,0,0.166666667,0.111111111,0.0720910258531704,0.0939280581406016,133
"C2627",0.217938630999213,0.733333333333333,18,0,0.133333333333333,0.204481792717087,0,0,0,0,0,0,0.666666667,0.333333333,0,0,0,0.666666667,0,0,0,0,0,0,0,0.333333333,0,0,0,0,0,0.333333333,0.333333333,0,0.166666667,0.166666667,0,0,0.000362464443026105,0.06971979573323,404
"C2631",0.309205350118017,0.133333333333333,2,0,0.2,0.335574229691877,0,0,0,0,0,0,1,0,0,0,0,1,0,0,0,0,0,0,0,0,0,0,0,0,0,0,0,0,0.428571429,0.428571429,0.142857143,0,0.105579588524061,0.0830725636295066,638
"C2635",0.119590873328088,0.0666666666666667,1,0,0.2,0.13781512605042,0,0,0,0,0,0,1,0,0,0,0,1,0,0,0,0,0,0,0,0,0,0,0,0,0,0,0,0,0,0,1,0,0.223222939271446,0.280917773451436,442
"C2644",0.296223446105429,0.933333333333333,7,0,0.8,0.0991596638655462,1,0,0,0.285714286,0,0,0,0.285714286,0.428571429,0,0,0.285714286,0,0.285714286,0.428571429,0,0,0,0,0,0,0,0,0,0,0,0.285714286,0,0.285714286,0.428571429,0,0,0.0374520325587626,0.123528392469447,177
"C2644",0.296223446105429,0.933333333333333,7,0,0.8,0.0991596638655462,1,0,0,0.285714286,0,0,0,0.285714286,0.428571429,0,0,0.285714286,0,0.285714286,0.428571429,0,0,0,0,0,0,0,0,0,0,0,0.285714286,0,0.285714286,0.428571429,0,0,0.0374520325587626,0.123528392469447,177
"C2650",0.333988985051141,0.466666666666667,13,0,0.266666666666667,0.33781512605042,0,0,0,0,0,0,1,0,0,0,0,1,0,0,0,0,0,0,0,0,0,0,0,0,0,0,0,0,0.333333333,0.666666667,0,0,0.0558589225350448,0.122835271693151,159
"C2651",0.0782848151062156,0.0666666666666667,5,0,0.133333333333333,0.147899159663866,0,0,0,0,0,0,1,0,0,0,0,1,0,0,0,0,0,0,0,0,0,0,0,0,0,0,0,0,0.5,0.5,0,0,0.107584962453411,0.175379942307888,282
"C2657",0.33044846577498,0.0666666666666667,7,0,0.266666666666667,0.380392156862745,0,0,0,0,0,0,1,0,0,0,0,1,0,0,0,0,0,0,0,0,0,0,0,0,0,0,0,0,0.142857143,0.571428571,0.285714286,0,0.212404163613298,0.215152843324126,782
"C2659",0.188040912667191,0.0666666666666667,3,0.333333333333333,0.2,0.238095238095238,0,0,0,0,0,0,0.545454545,0.454545455,0,0,0,0.545454545,0,0,0,0,0,0,0,0.454545455,0,0,0,0,0,0.181818182,0.454545455,0,0.272727273,0.090909091,0,0,0.0682772695395914,0.148623441752372,365
"C2661",0.129032258064516,0.866666666666667,12,0,0.4,0.159103641456583,0,0,0,0,0,0,1,0,0,0,0,1,0,0,0,0,0,0,0,0,0,0,0,0,0,0,0.333333333,0,0.333333333,0.333333333,0,0,0.0243402753153835,0.16807159529901,330
"C2663",0.293469708890637,0.0666666666666667,14,0,0.2,0.384873949579832,0,0,0,0,0,0,1,0,0,0,0,0,0,0,0,0,0,0,1,0,0,0,0,0,0,0,0.166666667,0,0.333333333,0.333333333,0.166666667,0,0.17725299230157,0.260348395119614,652
"C2666",0.416207710464201,0.466666666666667,23,0,0.0666666666666667,0.461624649859944,0,0,0,0,0,0,1,0,0,0,0,1,0,0,0,0,0,0,0,0,0,0,0,0,0,0,0,0,0.5,0.5,0,0,0.0927002813039264,0.114186551418349,701
"C2670",0.244689221085759,0.8,9,0,0.133333333333333,0.328851540616246,0,0,0,0,0,0,1,0,0,0,0,1,0,0,0,0,0,0,0,0,0,0,0,0,0,0,0,0.2,0.6,0,0.2,0,0.0609649433846299,0.0920933266739376,435
"C2680",0.287962234461054,0.133333333333333,19,0,0.466666666666667,0.308683473389356,0,0,0,0,0,0,1,0,0,0,0,1,0,0,0,0,0,0,0,0,0,0,0,0,0,0,0,0,0.333333333,0.666666667,0,0,0.143149816009897,0.126688207773146,590
"C2692",0.186073957513769,0.2,19,0,0.133333333333333,0.221848739495798,0,0,0,0,0,0,1,0,0,0,0,1,0,0,0,0,0,0,0,0,0,0,0,0,0,0,0,0,0.4,0.4,0.2,0,0.0870466239588997,0.113192738540573,437
